antecedents,consequents,antecedent support,consequent support,support,confidence,lift,representativity,leverage,conviction,zhangs_metric,jaccard,certainty,kulczynski
"frozenset({""POPPY'S PLAYHOUSE KITCHEN""})","frozenset({""POPPY'S PLAYHOUSE LIVINGROOM ""})",0.015273677038382921,0.011583011583011582,0.010844878491937316,0.7100371747211897,61.29987608426271,1.0,0.010667963313886548,3.40877140877141,0.9989443060298931,0.6773049645390072,0.7066391728624536,0.8231558422625557
"frozenset({""POPPY'S PLAYHOUSE LIVINGROOM ""})","frozenset({""POPPY'S PLAYHOUSE KITCHEN""})",0.011583011583011582,0.015273677038382921,0.010844878491937316,0.9362745098039217,61.299876084262706,1.0,0.010667963313886548,15.452628452628481,0.9952143324607329,0.6773049645390072,0.9352860904495571,0.8231558422625557
"frozenset({""POPPY'S PLAYHOUSE BEDROOM ""})","frozenset({""POPPY'S PLAYHOUSE KITCHEN""})",0.013627072450601862,0.015273677038382921,0.01232114467408585,0.9041666666666667,59.197707558859975,1.0,0.012113009170496713,10.275405109164701,0.9966894128058184,0.7431506849315069,0.9026802360222184,0.8554290582403965
"frozenset({""POPPY'S PLAYHOUSE KITCHEN""})","frozenset({""POPPY'S PLAYHOUSE BEDROOM ""})",0.015273677038382921,0.013627072450601862,0.01232114467408585,0.8066914498141263,59.197707558859975,1.0,0.012113009170496713,5.102583029053616,0.9983560214070618,0.7431506849315069,0.8040208274307157,0.8554290582403965
frozenset({'GREEN REGENCY TEACUP AND SAUCER'}),frozenset({'ROSES REGENCY TEACUP AND SAUCER '}),0.01334317510788099,0.014819441290029526,0.01101521689756984,0.8255319148936171,55.70600798891335,1.0,0.010817478497436013,5.6467666169961745,0.9953294703450287,0.642384105960265,0.8229075030318935,0.7844134670253526
frozenset({'ROSES REGENCY TEACUP AND SAUCER '}),frozenset({'GREEN REGENCY TEACUP AND SAUCER'}),0.014819441290029526,0.01334317510788099,0.01101521689756984,0.7432950191570882,55.70600798891335,1.0,0.010817478497436013,3.843543750699151,0.9968209443943038,0.642384105960265,0.7398234377277226,0.7844134670253526
frozenset({'COFFEE MUG DOG + BALL DESIGN'}),frozenset({'COFFEE MUG CAT + BIRD DESIGN'}),0.014819441290029526,0.014933000227117875,0.011071996366114013,0.7471264367816092,50.03190419999125,1.0,0.010850697645964242,3.895492226374579,0.994754458842984,0.5927051671732524,0.7432930315636463,0.7442856518508806
frozenset({'COFFEE MUG CAT + BIRD DESIGN'}),frozenset({'COFFEE MUG DOG + BALL DESIGN'}),0.014933000227117875,0.014819441290029526,0.011071996366114013,0.741444866920152,50.03190419999125,1.0,0.010850697645964242,3.8103306903047374,0.9948691345544189,0.5927051671732524,0.7375555873550641,0.7442856518508806
frozenset({'SET/10 PINK SPOTTY PARTY CANDLES'}),frozenset({'SET/10 BLUE SPOTTY PARTY CANDLES'}),0.017771973654326596,0.014535543947308653,0.011980467862820804,0.6741214057507987,46.37744608626198,1.0,0.011722142558737929,3.024023281808749,0.9961411899819429,0.5893854748603351,0.6693147152617577,0.7491700778753994
frozenset({'SET/10 BLUE SPOTTY PARTY CANDLES'}),frozenset({'SET/10 PINK SPOTTY PARTY CANDLES'}),0.014535543947308653,0.017771973654326596,0.011980467862820804,0.82421875,46.377446086261976,1.0,0.011722142558737929,5.587786105433164,0.9928696960991951,0.5893854748603351,0.8210382464304296,0.7491700778753994
frozenset({'SET/6 RED SPOTTY PAPER PLATES'}),frozenset({'SET/6 RED SPOTTY PAPER CUPS'}),0.017488076311605722,0.015387235975471269,0.011810129457188281,0.6753246753246754,43.888627977188875,1.0,0.011541036300224555,3.0326073131955495,0.9946088498879762,0.5606469002695419,0.6702507457365886,0.7214261753007141
frozenset({'SET/6 RED SPOTTY PAPER CUPS'}),frozenset({'SET/6 RED SPOTTY PAPER PLATES'}),0.015387235975471269,0.017488076311605722,0.011810129457188281,0.7675276752767528,43.88862797718887,1.0,0.011541036300224555,4.226360814596109,0.9924866811868716,0.5606469002695419,0.763389818364203,0.7214261753007141
"frozenset({'WOOD S/3 CABINET ANT WHITE FINISH', 'WOODEN PICTURE FRAME WHITE FINISH'})","frozenset({'WOOD 2 DRAWER CABINET WHITE FINISH', 'WOODEN FRAME ANTIQUE WHITE '})",0.01476266182148535,0.01680672268907563,0.010844878491937316,0.7346153846153847,43.70961538461539,1.0,0.010596766528551007,3.70478626233102,0.9917627975349944,0.5232876712328768,0.7300788954635109,0.6899428274428274
"frozenset({'WOOD 2 DRAWER CABINET WHITE FINISH', 'WOODEN FRAME ANTIQUE WHITE '})","frozenset({'WOOD S/3 CABINET ANT WHITE FINISH', 'WOODEN PICTURE FRAME WHITE FINISH'})",0.01680672268907563,0.01476266182148535,0.010844878491937316,0.6452702702702703,43.70961538461539,1.0,0.010596766528551007,2.777430972388956,0.9938246744529468,0.5232876712328768,0.6399550484094053,0.6899428274428274
frozenset({'ALARM CLOCK BAKELIKE GREEN'}),frozenset({'ALARM CLOCK BAKELIKE RED '}),0.015103338632750398,0.015557574381103794,0.010106745400863048,0.6691729323308271,43.01267767960046,1.0,0.009871774086681035,2.9757009683480273,0.9917294664961775,0.49171270718232035,0.6639447274316834,0.6594039844135887
frozenset({'ALARM CLOCK BAKELIKE RED '}),frozenset({'ALARM CLOCK BAKELIKE GREEN'}),0.015557574381103794,0.015103338632750398,0.010106745400863048,0.6496350364963503,43.01267767960046,1.0,0.009871774086681035,2.8110592209856917,0.9921870645889201,0.49171270718232035,0.6442622081617504,0.6594039844135887
"frozenset({'KEY FOB , BACK DOOR ', 'KEY FOB , SHED'})","frozenset({'KEY FOB , GARAGE DESIGN'})",0.014535543947308653,0.017544855780149898,0.010844878491937316,0.74609375,42.52492920711974,1.0,0.010589854469695755,3.869361798773564,0.9908874701507936,0.5106951871657756,0.7415594477836214,0.6821083636731391
"frozenset({'KEY FOB , GARAGE DESIGN'})","frozenset({'KEY FOB , BACK DOOR ', 'KEY FOB , SHED'})",0.017544855780149898,0.014535543947308653,0.010844878491937316,0.6181229773462783,42.52492920711974,1.0,0.010589854469695755,2.5805806518667933,0.9939226106419218,0.5106951871657756,0.61249031326473,0.6821083636731391
"frozenset({'KEY FOB , BACK DOOR '})","frozenset({'KEY FOB , FRONT  DOOR '})",0.01958891664774018,0.014081308198955257,0.01141267317737906,0.5826086956521739,41.37461430575035,1.0,0.011136835604778584,2.3620968657733363,0.9953279873868626,0.5127551020408163,0.5766473363180192,0.6965462833099578
"frozenset({'KEY FOB , FRONT  DOOR '})","frozenset({'KEY FOB , BACK DOOR '})",0.014081308198955257,0.01958891664774018,0.01141267317737906,0.8104838709677419,41.37461430575034,1.0,0.011136835604778584,5.173232950454476,0.9897678160682419,0.5127551020408163,0.8066972800998361,0.6965462833099578
"frozenset({'KEY FOB , BACK DOOR ', 'KEY FOB , GARAGE DESIGN'})","frozenset({'KEY FOB , SHED'})",0.012207585736997501,0.0224278900749489,0.010844878491937316,0.8883720930232559,39.610150132469826,1.0,0.010571088100947422,8.75741681807859,0.986800396168684,0.4558472553699285,0.885811076396909,0.6859581984103621
"frozenset({'KEY FOB , SHED'})","frozenset({'KEY FOB , BACK DOOR ', 'KEY FOB , GARAGE DESIGN'})",0.0224278900749489,0.012207585736997501,0.010844878491937316,0.4835443037974683,39.610150132469826,1.0,0.010571088100947422,1.912637272715127,0.9971171802373583,0.4558472553699285,0.4771617105524523,0.6859581984103621
"frozenset({'KEY FOB , SHED', 'KEY FOB , GARAGE DESIGN'})","frozenset({'KEY FOB , BACK DOOR '})",0.014138087667499433,0.01958891664774018,0.010844878491937316,0.7670682730923695,39.158279494790754,1.0,0.010567928671060225,4.20900620266746,0.9884372287101445,0.47394540942928043,0.7624142251521869,0.6603457307490832
"frozenset({'KEY FOB , BACK DOOR '})","frozenset({'KEY FOB , SHED', 'KEY FOB , GARAGE DESIGN'})",0.01958891664774018,0.014138087667499433,0.010844878491937316,0.553623188405797,39.158279494790754,1.0,0.010567928671060225,2.208586751653978,0.993932680957563,0.47394540942928043,0.5472217700975003,0.6603457307490832
"frozenset({'WOOD S/3 CABINET ANT WHITE FINISH', 'WOODEN FRAME ANTIQUE WHITE '})","frozenset({'WOOD 2 DRAWER CABINET WHITE FINISH', 'WOODEN PICTURE FRAME WHITE FINISH'})",0.017771973654326596,0.015727912786736315,0.010844878491937316,0.610223642172524,38.79876818029781,1.0,0.010565362440253892,2.52522264998157,0.9918531743353504,0.47869674185463656,0.6039953150240838,0.6498771640465508
"frozenset({'WOOD 2 DRAWER CABINET WHITE FINISH', 'WOODEN PICTURE FRAME WHITE FINISH'})","frozenset({'WOOD S/3 CABINET ANT WHITE FINISH', 'WOODEN FRAME ANTIQUE WHITE '})",0.015727912786736315,0.017771973654326596,0.010844878491937316,0.6895306859205776,38.798768180297806,1.0,0.010565362440253892,3.1636879453226925,0.989793369646797,0.47869674185463656,0.6839131996319564,0.6498771640465508
"frozenset({'KEY FOB , GARAGE DESIGN'})","frozenset({'KEY FOB , SHED'})",0.017544855780149898,0.0224278900749489,0.014138087667499433,0.8058252427184467,35.92960550571464,1.0,0.013744593570681399,5.034496366114015,0.989528941634886,0.5472527472527472,0.8013703998813546,0.7181024947769449
"frozenset({'KEY FOB , SHED'})","frozenset({'KEY FOB , GARAGE DESIGN'})",0.0224278900749489,0.017544855780149898,0.014138087667499433,0.6303797468354431,35.92960550571464,1.0,0.013744593570681399,2.6580122052523345,0.9944717010575846,0.5472527472527472,0.6237790037141434,0.7181024947769449
"frozenset({'KEY FOB , GARAGE DESIGN'})","frozenset({'KEY FOB , BACK DOOR '})",0.017544855780149898,0.01958891664774018,0.012207585736997501,0.6957928802588996,35.519722339477504,1.0,0.011863901019523523,3.2228406888920023,0.9892020337916937,0.48974943052391784,0.6897147279272451,0.6594906430280005
"frozenset({'KEY FOB , BACK DOOR '})","frozenset({'KEY FOB , GARAGE DESIGN'})",0.01958891664774018,0.017544855780149898,0.012207585736997501,0.6231884057971013,35.519722339477504,1.0,0.011863901019523523,2.607284805814217,0.9912644229279942,0.48974943052391784,0.6164592384498959,0.6594906430280005
frozenset({'DOLLY GIRL LUNCH BOX'}),frozenset({'SPACEBOY LUNCH BOX '}),0.017658414717238245,0.017488076311605722,0.010731319554848967,0.6077170418006431,34.75036539023678,1.0,0.010422507850731923,2.504600067763038,0.9886818788038372,0.43953488372093025,0.6007346590495218,0.6106767027185034
frozenset({'SPACEBOY LUNCH BOX '}),frozenset({'DOLLY GIRL LUNCH BOX'}),0.017488076311605722,0.017658414717238245,0.010731319554848967,0.6136363636363636,34.75036539023677,1.0,0.010422507850731923,2.5425311619083244,0.988510470711118,0.43953488372093025,0.6066911529023545,0.6106767027185034
"frozenset({'KEY FOB , BACK DOOR '})","frozenset({'KEY FOB , SHED'})",0.01958891664774018,0.0224278900749489,0.014535543947308653,0.7420289855072463,33.085099981654736,1.0,0.0140962058780458,3.789464920495983,0.9891513164562461,0.5289256198347106,0.7361105008278807,0.6950651256650155
"frozenset({'KEY FOB , SHED'})","frozenset({'KEY FOB , BACK DOOR '})",0.0224278900749489,0.01958891664774018,0.014535543947308653,0.6481012658227847,33.085099981654736,1.0,0.0140962058780458,2.7860602728355577,0.9920239171313238,0.5289256198347106,0.6410702202855669,0.6950651256650155
frozenset({'PINK 3 PIECE MINI DOTS CUTLERY SET'}),frozenset({'BLUE 3 PIECE MINI DOTS CUTLERY SET'}),0.01964569611628435,0.02106518282988871,0.013513513513513514,0.6878612716763006,32.653942632784386,1.0,0.01309967333300355,3.136217099452394,0.988801520840005,0.49686847599164935,0.681144522751755,0.6646853528192824
frozenset({'BLUE 3 PIECE MINI DOTS CUTLERY SET'}),frozenset({'PINK 3 PIECE MINI DOTS CUTLERY SET'}),0.02106518282988871,0.01964569611628435,0.013513513513513514,0.6415094339622642,32.653942632784386,1.0,0.01309967333300355,2.734672531886155,0.9902353145886856,0.49686847599164935,0.6343255039350978,0.6646853528192824
"frozenset({'KEY FOB , FRONT  DOOR '})","frozenset({'KEY FOB , SHED'})",0.014081308198955257,0.0224278900749489,0.010163524869407222,0.7217741935483871,32.18199265006125,1.0,0.009847710837009577,3.5135925110349664,0.9827653438244414,0.38577586206896547,0.7153910145074167,0.5874693752552061
"frozenset({'KEY FOB , SHED'})","frozenset({'KEY FOB , FRONT  DOOR '})",0.0224278900749489,0.014081308198955257,0.010163524869407222,0.45316455696202523,32.18199265006125,1.0,0.009847710837009577,1.8029531632472808,0.9911562659097171,0.38577586206896547,0.4453544216318353,0.5874693752552061
"frozenset({'TOILET METAL SIGN', 'BATHROOM METAL SIGN'})",frozenset({'KITCHEN METAL SIGN'}),0.01873722461957756,0.01771519418578242,0.010333863275039745,0.5515151515151515,31.132323232323234,1.0,0.010001929702401305,2.1902296345857555,0.9863607056061633,0.39565217391304347,0.5434268698546155,0.5674242424242424
frozenset({'KITCHEN METAL SIGN'}),"frozenset({'TOILET METAL SIGN', 'BATHROOM METAL SIGN'})",0.01771519418578242,0.01873722461957756,0.010333863275039745,0.5833333333333333,31.13232323232323,1.0,0.010001929702401305,2.3550306609130134,0.9853344343517753,0.39565217391304347,0.5753770782702619,0.5674242424242424
frozenset({'BLUE 3 PIECE MINI DOTS CUTLERY SET'}),frozenset({'RED 3 PIECE MINI DOTS CUTLERY SET'}),0.02106518282988871,0.021860095389507155,0.014024528730411084,0.6657681940700809,30.455868659642245,1.0,0.013564041824352308,2.9265314887942977,0.9879775330765779,0.48526522593320237,0.6582985681756699,0.6536633178142612
frozenset({'RED 3 PIECE MINI DOTS CUTLERY SET'}),frozenset({'BLUE 3 PIECE MINI DOTS CUTLERY SET'}),0.021860095389507155,0.02106518282988871,0.014024528730411084,0.6415584415584416,30.455868659642245,1.0,0.013564041824352308,2.7310862652934267,0.9887804404581922,0.48526522593320237,0.633845326415363,0.6536633178142612
"frozenset({'KITCHEN METAL SIGN', 'BATHROOM METAL SIGN'})",frozenset({'TOILET METAL SIGN'}),0.014194867136043607,0.02396093572564161,0.010333863275039745,0.728,30.38278672985782,1.0,0.009993740975958981,3.588378912773376,0.9810119611985755,0.37142857142857144,0.7213226294357185,0.5796398104265402
frozenset({'TOILET METAL SIGN'}),"frozenset({'KITCHEN METAL SIGN', 'BATHROOM METAL SIGN'})",0.02396093572564161,0.014194867136043607,0.010333863275039745,0.4312796208530805,30.382786729857816,1.0,0.009993740975958981,1.7333740252857897,0.9908277876864263,0.37142857142857144,0.4230904666780586,0.5796398104265402
frozenset({'FELTCRAFT CUSHION RABBIT'}),frozenset({'FELTCRAFT CUSHION BUTTERFLY'}),0.02129230070406541,0.022882125823302294,0.014592323415852827,0.6853333333333332,29.950597187758472,1.0,0.014105110312074814,3.1052474814937416,0.9876408296423245,0.49328214971209206,0.6779644759525054,0.6615252274607113
frozenset({'FELTCRAFT CUSHION BUTTERFLY'}),frozenset({'FELTCRAFT CUSHION RABBIT'}),0.022882125823302294,0.02129230070406541,0.014592323415852827,0.6377171215880892,29.950597187758472,1.0,0.014105110312074814,2.7015013891524764,0.9892477761952901,0.49328214971209206,0.6298354670423756,0.6615252274607113
frozenset({'FELTCRAFT CUSHION OWL'}),frozenset({'FELTCRAFT CUSHION RABBIT'}),0.02078128548716784,0.02129230070406541,0.013059277765160119,0.6284153005464481,29.513734061930784,1.0,0.01261679638555031,2.6338751319287654,0.9866207160828724,0.45009784735812136,0.6203312799921126,0.6208743169398907
frozenset({'FELTCRAFT CUSHION RABBIT'}),frozenset({'FELTCRAFT CUSHION OWL'}),0.02129230070406541,0.02078128548716784,0.013059277765160119,0.6133333333333334,29.513734061930784,1.0,0.01261679638555031,2.532462192705601,0.9871358629439704,0.45009784735812136,0.6051273725308285,0.6208743169398907
"frozenset({'TOILET METAL SIGN', 'KITCHEN METAL SIGN'})",frozenset({'BATHROOM METAL SIGN'}),0.011753349988644106,0.030490574608221667,0.010333863275039745,0.8792270531400966,28.83602767207334,1.0,0.00997549688031445,8.027538042243926,0.9768018537050424,0.3238434163701067,0.8754288058508569,0.6090734893261005
frozenset({'BATHROOM METAL SIGN'}),"frozenset({'TOILET METAL SIGN', 'KITCHEN METAL SIGN'})",0.030490574608221667,0.011753349988644106,0.010333863275039745,0.33891992551210426,28.836027672073335,1.0,0.00997549688031445,1.4948970452284454,0.9956800154457548,0.3238434163701067,0.3310576114977984,0.6090734893261005
frozenset({'FELTCRAFT CUSHION BUTTERFLY'}),frozenset({'FELTCRAFT CUSHION OWL'}),0.022882125823302294,0.02078128548716784,0.013286395639336816,0.5806451612903226,27.940772078265468,1.0,0.012810875650049475,2.3350600115306,0.9867898580200283,0.43738317757009343,0.5717454818882733,0.6099947117927023
frozenset({'FELTCRAFT CUSHION OWL'}),frozenset({'FELTCRAFT CUSHION BUTTERFLY'}),0.02078128548716784,0.022882125823302294,0.013286395639336816,0.6393442622950819,27.940772078265464,1.0,0.012810875650049475,2.709281378399025,0.9846727743631374,0.43738317757009343,0.6308984338160836,0.6099947117927023
frozenset({'KITCHEN METAL SIGN'}),frozenset({'TOILET METAL SIGN'}),0.01771519418578242,0.02396093572564161,0.011753349988644106,0.6634615384615384,27.689300036456434,1.0,0.011328877359391313,2.900230362415236,0.9812683253748847,0.3927893738140418,0.6551998031055623,0.5769914327378782
frozenset({'TOILET METAL SIGN'}),frozenset({'KITCHEN METAL SIGN'}),0.02396093572564161,0.01771519418578242,0.011753349988644106,0.49052132701421797,27.689300036456434,1.0,0.011328877359391313,1.9280194793190686,0.9875475293185286,0.3927893738140418,0.4813330411199079,0.5769914327378782
frozenset({'EDWARDIAN PARASOL RED'}),frozenset({'EDWARDIAN PARASOL BLACK'}),0.01799909152850329,0.02589143765614354,0.012605042016806723,0.7003154574132493,27.048148763074884,1.0,0.012139019660629259,3.250446465926343,0.980680246595251,0.4029038112522687,0.6923499554652686,0.5935787813382036
frozenset({'EDWARDIAN PARASOL BLACK'}),frozenset({'EDWARDIAN PARASOL RED'}),0.02589143765614354,0.01799909152850329,0.012605042016806723,0.4868421052631579,27.048148763074884,1.0,0.012139019660629259,1.9136427959957374,0.9886258373085139,0.4029038112522687,0.47743643584242484,0.5935787813382036
frozenset({'PINK 3 PIECE MINI DOTS CUTLERY SET'}),frozenset({'RED 3 PIECE MINI DOTS CUTLERY SET'}),0.01964569611628435,0.021860095389507155,0.011355893708834885,0.5780346820809249,26.44245927482922,1.0,0.010926436917739639,2.3180575821591134,0.9814635700220085,0.3766478342749529,0.5686043316195071,0.5487576007807222
frozenset({'RED 3 PIECE MINI DOTS CUTLERY SET'}),frozenset({'PINK 3 PIECE MINI DOTS CUTLERY SET'}),0.021860095389507155,0.01964569611628435,0.011355893708834885,0.5194805194805194,26.442459274829215,1.0,0.010926436917739639,2.0401967945688138,0.9836854937017473,0.3766478342749529,0.5098512052062382,0.5487576007807222
frozenset({'KITCHEN METAL SIGN'}),frozenset({'BATHROOM METAL SIGN'}),0.01771519418578242,0.030490574608221667,0.014194867136043607,0.8012820512820513,26.279663849496252,1.0,0.013654720686022873,4.878821624552176,0.9792961849710982,0.41736227045075125,0.79503247362691,0.6334156997564819
frozenset({'BATHROOM METAL SIGN'}),frozenset({'KITCHEN METAL SIGN'}),0.030490574608221667,0.01771519418578242,0.014194867136043607,0.4655493482309125,26.279663849496252,1.0,0.013654720686022873,1.8379335913666721,0.9922005270863836,0.41736227045075125,0.4559107006383139,0.6334156997564819
"frozenset({'WOOD S/3 CABINET ANT WHITE FINISH', 'WOODEN FRAME ANTIQUE WHITE ', 'WOODEN PICTURE FRAME WHITE FINISH'})",frozenset({'WOOD 2 DRAWER CABINET WHITE FINISH'}),0.012661821485350897,0.03270497388144447,0.010844878491937316,0.8565022421524664,26.188745640259093,1.0,0.010430773950967403,6.740837213263686,0.9741501743745445,0.3141447368421053,0.8516504748056608,0.5940497321873444
frozenset({'WOOD 2 DRAWER CABINET WHITE FINISH'}),"frozenset({'WOOD S/3 CABINET ANT WHITE FINISH', 'WOODEN FRAME ANTIQUE WHITE ', 'WOODEN PICTURE FRAME WHITE FINISH'})",0.03270497388144447,0.012661821485350897,0.010844878491937316,0.3315972222222222,26.188745640259093,1.0,0.010430773950967403,1.4771604956478905,0.9943353711081799,0.3141447368421053,0.3230254918498923,0.5940497321873444
frozenset({'TOILET METAL SIGN'}),frozenset({'BATHROOM METAL SIGN'}),0.02396093572564161,0.030490574608221667,0.01873722461957756,0.7819905213270142,25.646959146389896,1.0,0.01800664192115208,4.447097581688374,0.9846009836585752,0.5246422893481716,0.7751342349406368,0.6982578304959093
frozenset({'BATHROOM METAL SIGN'}),frozenset({'TOILET METAL SIGN'}),0.030490574608221667,0.02396093572564161,0.01873722461957756,0.6145251396648045,25.646959146389896,1.0,0.01800664192115208,2.5320433696392777,0.9912322640756022,0.5246422893481716,0.6050620569968899,0.6982578304959093
frozenset({'FELTCRAFT DOLL EMILY'}),frozenset({'FELTCRAFT DOLL ROSIE'}),0.018623665682489212,0.022882125823302294,0.01078809902339314,0.5792682926829268,25.315318041517884,1.0,0.010361949961955306,2.322425092246064,0.978725684843908,0.35120147874306834,0.5694156064112794,0.5253661562670217
frozenset({'FELTCRAFT DOLL ROSIE'}),frozenset({'FELTCRAFT DOLL EMILY'}),0.022882125823302294,0.018623665682489212,0.01078809902339314,0.4714640198511166,25.31531804151788,1.0,0.010361949961955306,1.856782454131253,0.9829911521205245,0.35120147874306834,0.4614339457080459,0.5253661562670217
frozenset({'CERAMIC HEART FAIRY CAKE MONEY BANK'}),frozenset({'CERAMIC STRAWBERRY CAKE MONEY BANK'}),0.01833976833976834,0.022768566886213946,0.010333863275039745,0.5634674922600619,24.7476046725292,1.0,0.00991629303291806,2.238622360962786,0.9775195306168758,0.33579335793357934,0.5532966982560112,0.5086664144592079
frozenset({'CERAMIC STRAWBERRY CAKE MONEY BANK'}),frozenset({'CERAMIC HEART FAIRY CAKE MONEY BANK'}),0.022768566886213946,0.01833976833976834,0.010333863275039745,0.45386533665835405,24.747604672529196,1.0,0.00991629303291806,1.7974691913048075,0.9819496348169872,0.33579335793357934,0.4436622308535445,0.5086664144592079
"frozenset({'WOOD S/3 CABINET ANT WHITE FINISH', 'WOODEN PICTURE FRAME WHITE FINISH'})",frozenset({'WOOD 2 DRAWER CABINET WHITE FINISH'}),0.01476266182148535,0.03270497388144447,0.011810129457188281,0.8,24.461111111111112,1.0,0.011327316987896005,4.8364751305927784,0.9734900875979714,0.3312101910828026,0.7932378492603898,0.5805555555555556
frozenset({'WOOD 2 DRAWER CABINET WHITE FINISH'}),"frozenset({'WOOD S/3 CABINET ANT WHITE FINISH', 'WOODEN PICTURE FRAME WHITE FINISH'})",0.03270497388144447,0.01476266182148535,0.011810129457188281,0.3611111111111111,24.461111111111112,1.0,0.011327316987896005,1.5421106162794145,0.9915473115754871,0.3312101910828026,0.3515380871881563,0.5805555555555556
frozenset({'FELTCRAFT DOLL MOLLY'}),frozenset({'FELTCRAFT DOLL ROSIE'}),0.021462639109697933,0.022882125823302294,0.011583011583011582,0.5396825396825397,23.58533223049352,1.0,0.011091900774403345,2.122704347349378,0.9786041955368662,0.35355285961871746,0.5289028350798355,0.5229430068139745
frozenset({'FELTCRAFT DOLL ROSIE'}),frozenset({'FELTCRAFT DOLL MOLLY'}),0.022882125823302294,0.021462639109697933,0.011583011583011582,0.5062034739454094,23.58533223049352,1.0,0.011091900774403345,1.9816610876321192,0.9800258414714599,0.35355285961871746,0.49537284339831444,0.5229430068139745
"frozenset({'WOOD 2 DRAWER CABINET WHITE FINISH', 'WOODEN FRAME ANTIQUE WHITE ', 'WOODEN PICTURE FRAME WHITE FINISH'})",frozenset({'WOOD S/3 CABINET ANT WHITE FINISH'}),0.013172836702248466,0.03713377242789007,0.010844878491937316,0.8232758620689656,22.170542022566703,1.0,0.010355721371606263,5.448413775529992,0.9676416896113365,0.27482014388489207,0.8164603421841387,0.5576623958662871
frozenset({'WOOD S/3 CABINET ANT WHITE FINISH'}),"frozenset({'WOOD 2 DRAWER CABINET WHITE FINISH', 'WOODEN FRAME ANTIQUE WHITE ', 'WOODEN PICTURE FRAME WHITE FINISH'})",0.03713377242789007,0.013172836702248466,0.010844878491937316,0.29204892966360857,22.1705420225667,1.0,0.010355721371606263,1.393920010360107,0.9917214627576969,0.27482014388489207,0.28259871974887657,0.5576623958662871
frozenset({'HAND WARMER RED RETROSPOT'}),frozenset({'HAND WARMER UNION JACK'}),0.021121962298432887,0.023904156257097433,0.011185555303202362,0.5295698924731183,22.153883482747172,1.0,0.010680652615964101,2.074900879270627,0.9754649204423664,0.3305369127516779,0.5180492668394252,0.49875169207978953
frozenset({'HAND WARMER UNION JACK'}),frozenset({'HAND WARMER RED RETROSPOT'}),0.023904156257097433,0.021121962298432887,0.011185555303202362,0.4679334916864608,22.153883482747172,1.0,0.010680652615964101,1.8397663119301775,0.978245316062265,0.3305369127516779,0.4564527062402522,0.49875169207978953
frozenset({'WOOD 2 DRAWER CABINET WHITE FINISH'}),"frozenset({'WOOD S/3 CABINET ANT WHITE FINISH', 'WOODEN FRAME ANTIQUE WHITE '})",0.03270497388144447,0.017771973654326596,0.012718600953895072,0.3888888888888889,21.882144124955627,1.0,0.012137369019708601,1.6072822249292837,0.9865662630396135,0.3368421052631579,0.3778317308001105,0.5522719204827831
"frozenset({'WOOD S/3 CABINET ANT WHITE FINISH', 'WOODEN FRAME ANTIQUE WHITE '})",frozenset({'WOOD 2 DRAWER CABINET WHITE FINISH'}),0.017771973654326596,0.03270497388144447,0.012718600953895072,0.7156549520766773,21.882144124955623,1.0,0.012137369019708601,3.4018353165742456,0.9715673077717126,0.3368421052631579,0.7060410316960812,0.5522719204827831
"frozenset({'WOOD 2 DRAWER CABINET WHITE FINISH', 'WOODEN FRAME ANTIQUE WHITE '})",frozenset({'WOOD S/3 CABINET ANT WHITE FINISH'}),0.01680672268907563,0.03713377242789007,0.012718600953895072,0.7567567567567568,20.379204892966364,1.0,0.01209450393830028,3.9584500466853414,0.9671855921855922,0.3085399449035813,0.7473758697959666,0.5496322010083479
frozenset({'WOOD S/3 CABINET ANT WHITE FINISH'}),"frozenset({'WOOD 2 DRAWER CABINET WHITE FINISH', 'WOODEN FRAME ANTIQUE WHITE '})",0.03713377242789007,0.01680672268907563,0.012718600953895072,0.3425076452599389,20.379204892966364,1.0,0.01209450393830028,1.4953683799101036,0.98760382794467,0.3085399449035813,0.33126845970882673,0.5496322010083479
frozenset({'LARGE POPCORN HOLDER '}),frozenset({'SMALL POPCORN HOLDER'}),0.019077901430842606,0.035089711560299795,0.013570292982057688,0.7113095238095238,20.271170442286948,1.0,0.01290085492367359,3.3423696589251475,0.9691583651492239,0.3342657342657343,0.7008110705739281,0.5490204576976422
frozenset({'SMALL POPCORN HOLDER'}),frozenset({'LARGE POPCORN HOLDER '}),0.035089711560299795,0.019077901430842606,0.013570292982057688,0.38673139158576053,20.271170442286948,1.0,0.01290085492367359,1.5994983032077552,0.9852406682545599,0.3342657342657343,0.37480396322114,0.5490204576976422
"frozenset({'WOOD 2 DRAWER CABINET WHITE FINISH', 'WOODEN PICTURE FRAME WHITE FINISH'})",frozenset({'WOOD S/3 CABINET ANT WHITE FINISH'}),0.015727912786736315,0.03713377242789007,0.011810129457188281,0.7509025270758124,20.221552456971267,1.0,0.011226092722999912,3.865419493296733,0.9657368374342703,0.2876901798063624,0.7412958666622955,0.534472670265735
frozenset({'WOOD S/3 CABINET ANT WHITE FINISH'}),"frozenset({'WOOD 2 DRAWER CABINET WHITE FINISH', 'WOODEN PICTURE FRAME WHITE FINISH'})",0.03713377242789007,0.015727912786736315,0.011810129457188281,0.31804281345565755,20.221552456971267,1.0,0.011226092722999912,1.4433048095010639,0.9872065147377684,0.2876901798063624,0.3071456608353644,0.534472670265735
frozenset({'EDWARDIAN PARASOL BLACK'}),frozenset({'EDWARDIAN PARASOL NATURAL'}),0.02589143765614354,0.02566431978196684,0.013286395639336816,0.5131578947368421,19.994993013507223,1.0,0.01262190950371469,2.0013381539613655,0.9752377877815044,0.34718100890207715,0.5003343148079991,0.5154285048905449
frozenset({'EDWARDIAN PARASOL NATURAL'}),frozenset({'EDWARDIAN PARASOL BLACK'}),0.02566431978196684,0.02589143765614354,0.013286395639336816,0.5176991150442478,19.99499301350722,1.0,0.01262190950371469,2.0197113310982715,0.9750104596258443,0.34718100890207715,0.5048797396921947,0.5154285048905449
frozenset({'PLASTERS IN TIN WOODLAND ANIMALS'}),frozenset({'PLASTERS IN TIN SKULLS'}),0.022143992732228026,0.02538042243924597,0.01078809902339314,0.48717948717948717,19.19508977227098,1.0,0.0102260751333576,1.9005081762434706,0.9693690444902174,0.29366306027820704,0.4738249419286413,0.45611770779556016
frozenset({'PLASTERS IN TIN SKULLS'}),frozenset({'PLASTERS IN TIN WOODLAND ANIMALS'}),0.02538042243924597,0.022143992732228026,0.01078809902339314,0.4250559284116331,19.19508977227098,1.0,0.0102260751333576,1.700784572952117,0.9725880386956322,0.29366306027820704,0.4120360591792871,0.45611770779556016
frozenset({'PLASTERS IN TIN WOODLAND ANIMALS'}),frozenset({'PLASTERS IN TIN SPACEBOY'}),0.022143992732228026,0.02759482171246877,0.011639791051555758,0.5256410256410257,19.048538567057086,1.0,0.01102873152010772,2.0499352407142553,0.9689591588750633,0.3055141579731744,0.5121797117592984,0.4737258626147515
frozenset({'PLASTERS IN TIN SPACEBOY'}),frozenset({'PLASTERS IN TIN WOODLAND ANIMALS'}),0.02759482171246877,0.022143992732228026,0.011639791051555758,0.4218106995884774,19.048538567057086,1.0,0.01102873152010772,1.6912385036730861,0.9743906711518359,0.3055141579731744,0.4087173406777531,0.4737258626147515
frozenset({'HAND WARMER BIRD DESIGN'}),frozenset({'HAND WARMER OWL DESIGN'}),0.02873041108335226,0.029809220985691574,0.016238928003633885,0.5652173913043478,18.961159420289853,1.0,0.015382496830640474,2.2314387917329093,0.9752808281394741,0.38389261744966435,0.5518586466701102,0.5549896480331262
frozenset({'HAND WARMER OWL DESIGN'}),frozenset({'HAND WARMER BIRD DESIGN'}),0.029809220985691574,0.02873041108335226,0.016238928003633885,0.5447619047619047,18.961159420289853,1.0,0.015382496830640474,2.1335419840219245,0.9763652979548103,0.38389261744966435,0.5312958416150277,0.5549896480331262
frozenset({'WOODEN PICTURE FRAME WHITE FINISH'}),"frozenset({'WOOD 2 DRAWER CABINET WHITE FINISH', 'WOOD S/3 CABINET ANT WHITE FINISH', 'WOODEN FRAME ANTIQUE WHITE '})",0.04502611855553032,0.012718600953895072,0.010844878491937316,0.24085750315258514,18.937421185372006,1.0,0.010272209257526756,1.3005218429295036,0.9918538277421851,0.23123486682808717,0.23107788966662812,0.5467680372905783
"frozenset({'WOOD 2 DRAWER CABINET WHITE FINISH', 'WOOD S/3 CABINET ANT WHITE FINISH', 'WOODEN FRAME ANTIQUE WHITE '})",frozenset({'WOODEN PICTURE FRAME WHITE FINISH'}),0.012718600953895072,0.04502611855553032,0.010844878491937316,0.8526785714285714,18.937421185372003,1.0,0.010272209257526756,6.482246952835187,0.9593966832755816,0.23123486682808717,0.8457325049051667,0.5467680372905783
frozenset({'HAND WARMER SCOTTY DOG DESIGN'}),frozenset({'HAND WARMER OWL DESIGN'}),0.029695662048603227,0.029809220985691574,0.016749943220531457,0.5640535372848948,18.922115997450604,1.0,0.015864738668208228,2.2254814799319442,0.9761388781166592,0.3917662682602922,0.5506590331047913,0.5629791495948284
frozenset({'HAND WARMER OWL DESIGN'}),frozenset({'HAND WARMER SCOTTY DOG DESIGN'}),0.029809220985691574,0.029695662048603227,0.016749943220531457,0.5619047619047619,18.922115997450604,1.0,0.015864738668208228,2.214825119236884,0.9762531332671383,0.3917662682602922,0.548497083894123,0.5629791495948284
frozenset({'STRAWBERRY CHARLOTTE BAG'}),frozenset({'RED SPOTTY CHARLOTTE BAG'}),0.025607540313422668,0.026459232341585284,0.01232114467408585,0.4811529933481153,18.184692100530057,1.0,0.01164358881523649,1.876354214589509,0.96984401186164,0.31,0.46705158747503833,0.47340911469980873
frozenset({'RED SPOTTY CHARLOTTE BAG'}),frozenset({'STRAWBERRY CHARLOTTE BAG'}),0.026459232341585284,0.025607540313422668,0.01232114467408585,0.4656652360515021,18.184692100530054,1.0,0.01164358881523649,1.8235617920238754,0.970692469821393,0.31,0.45162264071668645,0.47340911469980873
frozenset({'HAND WARMER RED RETROSPOT'}),frozenset({'HAND WARMER OWL DESIGN'}),0.021121962298432887,0.029809220985691574,0.01141267317737906,0.5403225806451613,18.126021505376343,1.0,0.010783043935573628,2.110590466627618,0.9652179935588877,0.2887931034482758,0.526198940148802,0.461589861751152
frozenset({'HAND WARMER OWL DESIGN'}),frozenset({'HAND WARMER RED RETROSPOT'}),0.029809220985691574,0.021121962298432887,0.01141267317737906,0.38285714285714284,18.126021505376343,1.0,0.010783043935573628,1.5861449684979094,0.9738607250515143,0.2887931034482758,0.3695406032482598,0.461589861751152
frozenset({'PLASTERS IN TIN CIRCUS PARADE '}),frozenset({'PLASTERS IN TIN SPACEBOY'}),0.02577787871905519,0.02759482171246877,0.012605042016806723,0.48898678414096913,17.72023712405504,1.0,0.011893706049428751,1.9028963402695656,0.9685341011835941,0.309192200557103,0.4744852996783106,0.47288845379887967
frozenset({'PLASTERS IN TIN SPACEBOY'}),frozenset({'PLASTERS IN TIN CIRCUS PARADE '}),0.02759482171246877,0.02577787871905519,0.012605042016806723,0.45679012345679015,17.72023712405504,1.0,0.011893706049428751,1.7934543596308303,0.9703438110538425,0.309192200557103,0.4424168116517653,0.47288845379887967
"frozenset({'WOOD 2 DRAWER CABINET WHITE FINISH', 'WOOD S/3 CABINET ANT WHITE FINISH'})","frozenset({'WOODEN FRAME ANTIQUE WHITE ', 'WOODEN PICTURE FRAME WHITE FINISH'})",0.019986372927549397,0.030831251419486713,0.010844878491937316,0.5426136363636365,17.599468441319274,1.0,0.010228673603244419,2.1189279472070854,0.962415293054182,0.2713068181818182,0.5280632353176147,0.44718158797924
"frozenset({'WOODEN FRAME ANTIQUE WHITE ', 'WOODEN PICTURE FRAME WHITE FINISH'})","frozenset({'WOOD 2 DRAWER CABINET WHITE FINISH', 'WOOD S/3 CABINET ANT WHITE FINISH'})",0.030831251419486713,0.019986372927549397,0.010844878491937316,0.3517495395948435,17.599468441319274,1.0,0.010228673603244419,1.51178238494415,0.9731846012136145,0.2713068181818182,0.3385291362308449,0.44718158797924
"frozenset({'WOOD 2 DRAWER CABINET WHITE FINISH', 'WOODEN FRAME ANTIQUE WHITE '})",frozenset({'WOODEN PICTURE FRAME WHITE FINISH'}),0.01680672268907563,0.04502611855553032,0.013172836702248466,0.7837837837837838,17.40731399747793,1.0,0.012416095213920226,4.416754201680672,0.9586648983200707,0.27071178529754963,0.7735893929484512,0.53817184145053
frozenset({'WOODEN PICTURE FRAME WHITE FINISH'}),"frozenset({'WOOD 2 DRAWER CABINET WHITE FINISH', 'WOODEN FRAME ANTIQUE WHITE '})",0.04502611855553032,0.01680672268907563,0.013172836702248466,0.29255989911727615,17.40731399747793,1.0,0.012416095213920226,1.3897901406551925,0.9869933634169893,0.27071178529754963,0.28046690593979373,0.53817184145053
frozenset({'HAND WARMER RED RETROSPOT'}),frozenset({'HAND WARMER SCOTTY DOG DESIGN'}),0.021121962298432887,0.029695662048603227,0.010731319554848967,0.5080645161290323,17.109048294578425,1.0,0.010104088900631365,1.9724219328848065,0.9618679335616691,0.26770538243626063,0.49300908526329895,0.4347205945845926
frozenset({'HAND WARMER SCOTTY DOG DESIGN'}),frozenset({'HAND WARMER RED RETROSPOT'}),0.029695662048603227,0.021121962298432887,0.010731319554848967,0.361376673040153,17.109048294578425,1.0,0.010104088900631365,1.5327940530476636,0.9703670884547473,0.26770538243626063,0.3475966337345229,0.4347205945845926
frozenset({'HAND WARMER BIRD DESIGN'}),frozenset({'HAND WARMER SCOTTY DOG DESIGN'}),0.02873041108335226,0.029695662048603227,0.01425164660458778,0.4960474308300395,16.704373521565305,1.0,0.013398478026539108,1.9253882156996345,0.9679448929408055,0.3226221079691517,0.4806242232885865,0.4879854744972377
frozenset({'HAND WARMER SCOTTY DOG DESIGN'}),frozenset({'HAND WARMER BIRD DESIGN'}),0.029695662048603227,0.02873041108335226,0.01425164660458778,0.4799235181644359,16.704373521565305,1.0,0.013398478026539108,1.8675514522184071,0.9689077967491028,0.3226221079691517,0.4645395184094496,0.4879854744972377
frozenset({'TOY TIDY PINK RETROSPOT  '}),frozenset({'RECYCLING BAG RETROSPOT '}),0.021349080172609586,0.032080399727458554,0.01141267317737906,0.5345744680851063,16.663585012238748,1.0,0.010727786151628184,2.0796443982998603,0.9604945797815287,0.27162162162162157,0.5191485617360763,0.4451633402372434
frozenset({'RECYCLING BAG RETROSPOT '}),frozenset({'TOY TIDY PINK RETROSPOT  '}),0.032080399727458554,0.021349080172609586,0.01141267317737906,0.3557522123893805,16.663585012238748,1.0,0.010727786151628184,1.5190598068749328,0.9711435781729588,0.27162162162162157,0.3416980717452871,0.4451633402372434
"frozenset({'WOOD 2 DRAWER CABINET WHITE FINISH', 'WOOD S/3 CABINET ANT WHITE FINISH', 'WOODEN PICTURE FRAME WHITE FINISH'})",frozenset({'WOODEN FRAME ANTIQUE WHITE '}),0.011810129457188281,0.05564387917329094,0.010844878491937316,0.9182692307692308,16.50260989010989,1.0,0.010187717075400607,11.554474890115038,0.9506305946397349,0.19157472417251756,0.9134534447034448,0.5565835949764522
frozenset({'WOODEN FRAME ANTIQUE WHITE '}),"frozenset({'WOOD 2 DRAWER CABINET WHITE FINISH', 'WOOD S/3 CABINET ANT WHITE FINISH', 'WOODEN PICTURE FRAME WHITE FINISH'})",0.05564387917329094,0.011810129457188281,0.010844878491937316,0.19489795918367347,16.50260989010989,1.0,0.010187717075400607,1.2274094716501336,0.9947555837608194,0.19157472417251756,0.1852759628328463,0.5565835949764522
frozenset({'HAND WARMER UNION JACK'}),frozenset({'HAND WARMER OWL DESIGN'}),0.023904156257097433,0.029809220985691574,0.011753349988644106,0.4916864608076009,16.49444180522565,1.0,0.011040785712299786,1.9086463456309524,0.9623783594213015,0.28010825439783493,0.4760684700499484,0.4429860875466576
frozenset({'HAND WARMER OWL DESIGN'}),frozenset({'HAND WARMER UNION JACK'}),0.029809220985691574,0.023904156257097433,0.011753349988644106,0.39428571428571424,16.49444180522565,1.0,0.011040785712299786,1.6114789873113957,0.9682358738697018,0.28010825439783493,0.3794520388575417,0.4429860875466576
frozenset({'WOOD 2 DRAWER CABINET WHITE FINISH'}),frozenset({'WOOD S/3 CABINET ANT WHITE FINISH'}),0.03270497388144447,0.03713377242789007,0.019986372927549397,0.611111111111111,16.4570166496772,1.0,0.01877191387017575,2.475941728042568,0.9709919101795129,0.40091116173120733,0.5961132733157736,0.5746687054026502
frozenset({'WOOD S/3 CABINET ANT WHITE FINISH'}),frozenset({'WOOD 2 DRAWER CABINET WHITE FINISH'}),0.03713377242789007,0.03270497388144447,0.019986372927549397,0.5382262996941896,16.457016649677197,1.0,0.01877191387017575,2.0947382353693222,0.9754580836076295,0.40091116173120733,0.5226133828489121,0.5746687054026502
"frozenset({'WOOD S/3 CABINET ANT WHITE FINISH', 'WOODEN FRAME ANTIQUE WHITE '})",frozenset({'WOODEN PICTURE FRAME WHITE FINISH'}),0.017771973654326596,0.04502611855553032,0.012661821485350897,0.7124600638977635,15.823261847878198,1.0,0.011861618492625426,3.321186943245766,0.9537519600526431,0.25254813137032844,0.6989028268843219,0.49683532829188304
frozenset({'WOODEN PICTURE FRAME WHITE FINISH'}),"frozenset({'WOOD S/3 CABINET ANT WHITE FINISH', 'WOODEN FRAME ANTIQUE WHITE '})",0.04502611855553032,0.017771973654326596,0.012661821485350897,0.2812105926860025,15.823261847878198,1.0,0.011861618492625426,1.366503201565121,0.980971232353331,0.25254813137032844,0.26820515396184036,0.49683532829188304
frozenset({'PINK BLUE FELT CRAFT TRINKET BOX'}),frozenset({'PINK CREAM FELT CRAFT TRINKET BOX '}),0.030547354076765842,0.038950715421303655,0.01873722461957756,0.6133828996282528,15.747667096578407,1.0,0.017547383324059654,2.48579093799682,0.9660075038779502,0.36912751677852346,0.5977135547827477,0.5472162311552342
frozenset({'PINK CREAM FELT CRAFT TRINKET BOX '}),frozenset({'PINK BLUE FELT CRAFT TRINKET BOX'}),0.038950715421303655,0.030547354076765842,0.01873722461957756,0.4810495626822157,15.747667096578407,1.0,0.017547383324059654,1.8681025705149963,0.9744542196155099,0.36912751677852346,0.4646974872882267,0.5472162311552342
frozenset({'PLASTERS IN TIN SKULLS'}),frozenset({'PLASTERS IN TIN SPACEBOY'}),0.02538042243924597,0.02759482171246877,0.01101521689756984,0.43400447427293065,15.727750619125215,1.0,0.010314848665371705,1.7180439315989189,0.9608037213101462,0.2625169147496617,0.4179427070474632,0.41659071450272045
frozenset({'PLASTERS IN TIN SPACEBOY'}),frozenset({'PLASTERS IN TIN SKULLS'}),0.02759482171246877,0.02538042243924597,0.01101521689756984,0.3991769547325103,15.727750619125215,1.0,0.010314848665371705,1.6221408037483784,0.9629917012897734,0.2625169147496617,0.38353070356824764,0.41659071450272045
"frozenset({'WOOD S/3 CABINET ANT WHITE FINISH', 'WOODEN PICTURE FRAME WHITE FINISH'})",frozenset({'WOODEN FRAME ANTIQUE WHITE '}),0.01476266182148535,0.05564387917329094,0.012661821485350897,0.8576923076923078,15.413956043956045,1.0,0.011840369714680011,6.636015984187688,0.9491354946483987,0.21927236971484756,0.8493071743071744,0.5426216640502355
frozenset({'WOODEN FRAME ANTIQUE WHITE '}),"frozenset({'WOOD S/3 CABINET ANT WHITE FINISH', 'WOODEN PICTURE FRAME WHITE FINISH'})",0.05564387917329094,0.01476266182148535,0.012661821485350897,0.22755102040816327,15.413956043956045,1.0,0.011840369714680011,1.2754723796762806,0.9902236112998445,0.21927236971484756,0.21597675031284988,0.5426216640502355
frozenset({'PLASTERS IN TIN VINTAGE PAISLEY '}),frozenset({'PLASTERS IN TIN SPACEBOY'}),0.026913468089938677,0.02759482171246877,0.011299114240290712,0.419831223628692,15.214130680140997,1.0,0.010556441886684637,1.6760729254846904,0.9601115625976775,0.2614980289093298,0.40336724924375356,0.41464812210241186
frozenset({'PLASTERS IN TIN SPACEBOY'}),frozenset({'PLASTERS IN TIN VINTAGE PAISLEY '}),0.02759482171246877,0.026913468089938677,0.011299114240290712,0.4094650205761317,15.214130680140995,1.0,0.010556441886684637,1.647805067973135,0.9607843022187899,0.2614980289093298,0.39313210073443994,0.41464812210241186
"frozenset({'LUNCH BAG  BLACK SKULL.', 'LUNCH BAG CARS BLUE'})",frozenset({'LUNCH BAG WOODLAND'}),0.01799909152850329,0.03843970020440609,0.01050420168067227,0.5835962145110412,15.182121905418695,1.0,0.009812321998364938,2.309201629054571,0.9512547760249409,0.22867737948084055,0.5669498984333308,0.4284303081417835
frozenset({'LUNCH BAG WOODLAND'}),"frozenset({'LUNCH BAG  BLACK SKULL.', 'LUNCH BAG CARS BLUE'})",0.03843970020440609,0.01799909152850329,0.01050420168067227,0.27326440177252587,15.182121905418693,1.0,0.009812321998364938,1.351249217551226,0.971476312450626,0.22867737948084055,0.2599440673037135,0.4284303081417835
"frozenset({'WOOD 2 DRAWER CABINET WHITE FINISH', 'WOODEN PICTURE FRAME WHITE FINISH'})",frozenset({'WOODEN FRAME ANTIQUE WHITE '}),0.015727912786736315,0.05564387917329094,0.013172836702248466,0.8375451263537906,15.051882413615266,1.0,0.012297674623495253,5.813036565977743,0.9484807495300518,0.22634146341463413,0.827972869489115,0.5371399101156709
frozenset({'WOODEN FRAME ANTIQUE WHITE '}),"frozenset({'WOOD 2 DRAWER CABINET WHITE FINISH', 'WOODEN PICTURE FRAME WHITE FINISH'})",0.05564387917329094,0.015727912786736315,0.013172836702248466,0.236734693877551,15.051882413615266,1.0,0.012297674623495253,1.2895543388622972,0.9885710553814002,0.22634146341463413,0.22453829988874693,0.5371399101156709
frozenset({'PLASTERS IN TIN SKULLS'}),frozenset({'PLASTERS IN TIN VINTAGE PAISLEY '}),0.02538042243924597,0.026913468089938677,0.010220304337951397,0.4026845637583893,14.96219522555433,1.0,0.009537229148523587,1.6290999242089794,0.957465773376056,0.242914979757085,0.3861641111514035,0.3912156996007137
frozenset({'PLASTERS IN TIN VINTAGE PAISLEY '}),frozenset({'PLASTERS IN TIN SKULLS'}),0.026913468089938677,0.02538042243924597,0.010220304337951397,0.379746835443038,14.962195225554328,1.0,0.009537229148523587,1.5713254413734605,0.9589742093593184,0.242914979757085,0.36359459748457823,0.3912156996007137
frozenset({'SINGLE HEART ZINC T-LIGHT HOLDER'}),frozenset({'HANGING HEART ZINC T-LIGHT HOLDER'}),0.026459232341585284,0.03957528957528957,0.015614353849647968,0.5901287553648069,14.911546111169269,1.0,0.014567222067789863,2.3432351573712835,0.9582935855699183,0.30968468468468474,0.5732395885004422,0.4923384092462485
frozenset({'HANGING HEART ZINC T-LIGHT HOLDER'}),frozenset({'SINGLE HEART ZINC T-LIGHT HOLDER'}),0.03957528957528957,0.026459232341585284,0.015614353849647968,0.39454806312769014,14.911546111169267,1.0,0.014567222067789863,1.6079571446870025,0.9713805390589311,0.30968468468468474,0.3780928780943007,0.4923384092462485
"frozenset({'LUNCH BAG RED SPOTTY', 'LUNCH BAG SUKI  DESIGN '})",frozenset({'LUNCH BAG PINK RETROSPOT'}),0.018282988871224166,0.03821258233022939,0.010333863275039745,0.5652173913043478,14.79139479294528,1.0,0.009635223057555424,2.2121110606404724,0.9497575299194733,0.2238622386223862,0.5479431309789345,0.41782414884682473
frozenset({'LUNCH BAG PINK RETROSPOT'}),"frozenset({'LUNCH BAG RED SPOTTY', 'LUNCH BAG SUKI  DESIGN '})",0.03821258233022939,0.018282988871224166,0.010333863275039745,0.2704309063893016,14.79139479294528,1.0,0.009635223057555424,1.3456121150502365,0.9694378471165767,0.2238622386223862,0.2568437896661874,0.41782414884682473
frozenset({'HAND WARMER BIRD DESIGN'}),frozenset({'HAND WARMER UNION JACK'}),0.02873041108335226,0.023904156257097433,0.010049965932318874,0.349802371541502,14.633537690234997,1.0,0.009363189696451777,1.5012294739632484,0.9592226865916146,0.23600000000000004,0.3338793186893685,0.3851149624928413
frozenset({'HAND WARMER UNION JACK'}),frozenset({'HAND WARMER BIRD DESIGN'}),0.023904156257097433,0.02873041108335226,0.010049965932318874,0.42042755344418054,14.633537690234995,1.0,0.009363189696451777,1.6758381021881505,0.9544798602080249,0.23600000000000004,0.40328364733186645,0.3851149624928413
frozenset({'VINTAGE HEADS AND TAILS CARD GAME '}),frozenset({'VINTAGE SNAP CARDS'}),0.029809220985691574,0.042357483533954125,0.018282988871224166,0.6133333333333333,14.479928507596066,1.0,0.017020345284162734,2.476661680515636,0.9595420876791662,0.33930453108535297,0.5962306810545871,0.5224843610366399
frozenset({'VINTAGE SNAP CARDS'}),frozenset({'VINTAGE HEADS AND TAILS CARD GAME '}),0.042357483533954125,0.029809220985691574,0.018282988871224166,0.43163538873994634,14.479928507596066,1.0,0.017020345284162734,1.7069866064732877,0.9721152408498702,0.33930453108535297,0.41417232202773663,0.5224843610366399
frozenset({'HAND WARMER SCOTTY DOG DESIGN'}),frozenset({'HAND WARMER UNION JACK'}),0.029695662048603227,0.023904156257097433,0.010277083806495571,0.34608030592734224,14.477829805207486,1.0,0.009567234060727802,1.4926845797588832,0.9594194708301583,0.23722149410222804,0.3300661013316475,0.3880045235099894
frozenset({'HAND WARMER UNION JACK'}),frozenset({'HAND WARMER SCOTTY DOG DESIGN'}),0.023904156257097433,0.029695662048603227,0.010277083806495571,0.42992874109263657,14.477829805207485,1.0,0.009567234060727802,1.7020755261564084,0.9537269115826057,0.23722149410222804,0.41248200527377343,0.3880045235099894
frozenset({'HOT WATER BOTTLE I AM SO POORLY'}),frozenset({'CHOCOLATE HOT WATER BOTTLE'}),0.018282988871224166,0.04372019077901431,0.01141267317737906,0.6242236024844721,14.277696216826651,1.0,0.010613337415918543,2.5448107319765074,0.9472797953552078,0.22558922558922556,0.6070434679347181,0.4426312817617165
frozenset({'CHOCOLATE HOT WATER BOTTLE'}),frozenset({'HOT WATER BOTTLE I AM SO POORLY'}),0.04372019077901431,0.018282988871224166,0.01141267317737906,0.261038961038961,14.27769621682665,1.0,0.010613337415918543,1.328509839313106,0.9724775953979066,0.22558922558922556,0.247276933592723,0.4426312817617165
frozenset({'PACK OF 60 DINOSAUR CAKE CASES'}),"frozenset({'60 TEATIME FAIRY CAKE CASES', 'PACK OF 60 PINK PAISLEY CAKE CASES'})",0.030604133545310015,0.02350669997728821,0.010163524869407222,0.3320964749536178,14.127736997302216,1.0,0.009444122684092757,1.4620274686451158,0.9585529374846821,0.23126614987080102,0.3160183228795858,0.382231812356036
"frozenset({'60 TEATIME FAIRY CAKE CASES', 'PACK OF 60 PINK PAISLEY CAKE CASES'})",frozenset({'PACK OF 60 DINOSAUR CAKE CASES'}),0.02350669997728821,0.030604133545310015,0.010163524869407222,0.4323671497584541,14.127736997302215,1.0,0.009444122684092757,1.7077867604776238,0.9515858996206522,0.23126614987080102,0.4144468014728456,0.382231812356036
frozenset({'JUMBO BAG PINK VINTAGE PAISLEY'}),frozenset({'JUMBO BAG SCANDINAVIAN PAISLEY'}),0.033499886441062915,0.03429479900068135,0.01606858959800136,0.4796610169491525,13.986407004153103,1.0,0.014919717725959458,1.8559155328651398,0.9606848422722952,0.3106476399560921,0.4611823747947127,0.47410203165338416
frozenset({'JUMBO BAG SCANDINAVIAN PAISLEY'}),frozenset({'JUMBO BAG PINK VINTAGE PAISLEY'}),0.03429479900068135,0.033499886441062915,0.01606858959800136,0.4685430463576159,13.986407004153103,1.0,0.014919717725959458,1.8185858834566915,0.9614756223635355,0.3106476399560921,0.45012220258784696,0.47410203165338416
frozenset({'PACK OF 60 SPACEBOY CAKE CASES'}),frozenset({'PACK OF 60 DINOSAUR CAKE CASES'}),0.024301612536906655,0.030604133545310015,0.01039064274358392,0.42757009345794394,13.970991625197234,1.0,0.00964691294813805,1.6934752279290095,0.9515472519868526,0.2334183673469388,0.4094983005904826,0.38354385934492746
frozenset({'PACK OF 60 DINOSAUR CAKE CASES'}),frozenset({'PACK OF 60 SPACEBOY CAKE CASES'}),0.030604133545310015,0.024301612536906655,0.01039064274358392,0.339517625231911,13.970991625197234,1.0,0.00964691294813805,1.477251210232043,0.957733730342768,0.2334183673469388,0.32306706329052703,0.38354385934492746
"frozenset({'LUNCH BAG SPACEBOY DESIGN ', 'LUNCH BAG CARS BLUE'})",frozenset({'LUNCH BAG SUKI  DESIGN '}),0.01652282534635476,0.04945491710197593,0.01141267317737906,0.6907216494845361,13.966693100713718,1.0,0.010595538219584658,3.073429101370278,0.9439986143987067,0.20915712799167532,0.6746305292826982,0.4607454401268834
frozenset({'LUNCH BAG SUKI  DESIGN '}),"frozenset({'LUNCH BAG SPACEBOY DESIGN ', 'LUNCH BAG CARS BLUE'})",0.04945491710197593,0.01652282534635476,0.01141267317737906,0.23076923076923075,13.966693100713718,1.0,0.010595538219584658,1.2785203270497387,0.9767039006033092,0.20915712799167532,0.21784583409200922,0.4607454401268834
"frozenset({'WHITE HANGING HEART T-LIGHT HOLDER', 'WOODEN FRAME ANTIQUE WHITE '})",frozenset({'WOODEN PICTURE FRAME WHITE FINISH'}),0.02475584828526005,0.04502611855553032,0.015557574381103794,0.6284403669724772,13.957240533567804,1.0,0.014442914621268952,2.570176619196228,0.951918140742982,0.2869109947643979,0.6109216804280437,0.48698184805118183
frozenset({'WOODEN PICTURE FRAME WHITE FINISH'}),"frozenset({'WHITE HANGING HEART T-LIGHT HOLDER', 'WOODEN FRAME ANTIQUE WHITE '})",0.04502611855553032,0.02475584828526005,0.015557574381103794,0.34552332912988654,13.957240533567802,1.0,0.014442914621268952,1.490112933159516,0.9721235498782008,0.2869109947643979,0.328909925048647,0.48698184805118183
frozenset({'LUNCH BAG CARS BLUE'}),"frozenset({'LUNCH BAG  BLACK SKULL.', 'LUNCH BAG WOODLAND'})",0.043663411310470135,0.01771519418578242,0.01050420168067227,0.24057217165149547,13.579990663865829,1.0,0.009730695870493604,1.2934537939574202,0.9686571211715188,0.20647321428571433,0.226876132203823,0.4167604448001067
"frozenset({'LUNCH BAG  BLACK SKULL.', 'LUNCH BAG WOODLAND'})",frozenset({'LUNCH BAG CARS BLUE'}),0.01771519418578242,0.043663411310470135,0.01050420168067227,0.592948717948718,13.579990663865827,1.0,0.009730695870493604,2.3494253202451443,0.9430688954850805,0.20647321428571433,0.5743639981305481,0.4167604448001067
"frozenset({'LUNCH BAG SUKI  DESIGN ', 'LUNCH BAG WOODLAND'})",frozenset({'LUNCH BAG SPACEBOY DESIGN '}),0.01629570747217806,0.046956620486032254,0.010333863275039745,0.6341463414634146,13.504939982894387,1.0,0.00956867192371728,2.6049852373381785,0.9412920412920414,0.19527896995708152,0.6161206652281,0.42710944642699145
frozenset({'LUNCH BAG SPACEBOY DESIGN '}),"frozenset({'LUNCH BAG SUKI  DESIGN ', 'LUNCH BAG WOODLAND'})",0.046956620486032254,0.01629570747217806,0.010333863275039745,0.22007255139056828,13.504939982894385,1.0,0.00956867192371728,1.2612766665434243,0.9715748951673885,0.19527896995708152,0.20715254113077566,0.42710944642699145
frozenset({'WOODEN PICTURE FRAME WHITE FINISH'}),"frozenset({'WOOD 2 DRAWER CABINET WHITE FINISH', 'WOOD S/3 CABINET ANT WHITE FINISH'})",0.04502611855553032,0.019986372927549397,0.011810129457188281,0.26229508196721313,13.123695976154995,1.0,0.0109102206602574,1.328462916698211,0.9673583447291754,0.22198505869797225,0.24725034667477158,0.426602086438152
"frozenset({'WOOD 2 DRAWER CABINET WHITE FINISH', 'WOOD S/3 CABINET ANT WHITE FINISH'})",frozenset({'WOODEN PICTURE FRAME WHITE FINISH'}),0.019986372927549397,0.04502611855553032,0.011810129457188281,0.5909090909090909,13.123695976154993,1.0,0.0109102206602574,2.3343805990864817,0.9426419466975666,0.22198505869797225,0.57162084006724,0.426602086438152
"frozenset({'WOODEN FRAME ANTIQUE WHITE ', 'WOODEN PICTURE FRAME WHITE FINISH'})",frozenset({'WOOD 2 DRAWER CABINET WHITE FINISH'}),0.030831251419486713,0.03270497388144447,0.013172836702248466,0.42725598526703495,13.063945160630242,1.0,0.012164501429841906,1.6888784539626227,0.9528303983224278,0.2615558060879368,0.40789107845286565,0.41501688152240634
frozenset({'WOOD 2 DRAWER CABINET WHITE FINISH'}),"frozenset({'WOODEN FRAME ANTIQUE WHITE ', 'WOODEN PICTURE FRAME WHITE FINISH'})",0.03270497388144447,0.030831251419486713,0.013172836702248466,0.40277777777777773,13.063945160630242,1.0,0.012164501429841906,1.6227941836696964,0.9546761017237332,0.2615558060879368,0.38377891043542217,0.41501688152240634
"frozenset({'WHITE HANGING HEART T-LIGHT HOLDER', 'WOODEN PICTURE FRAME WHITE FINISH'})",frozenset({'WOODEN FRAME ANTIQUE WHITE '}),0.02151941857824211,0.05564387917329094,0.015557574381103794,0.7229551451187335,12.992536750848096,1.0,0.014360150453856618,3.4086759027935494,0.9433327078712079,0.25253456221198156,0.7066309533328002,0.5012734909267137
frozenset({'WOODEN FRAME ANTIQUE WHITE '}),"frozenset({'WHITE HANGING HEART T-LIGHT HOLDER', 'WOODEN PICTURE FRAME WHITE FINISH'})",0.05564387917329094,0.02151941857824211,0.015557574381103794,0.2795918367346939,12.992536750848096,1.0,0.014360150453856618,1.358230835401307,0.9774201872742019,0.25253456221198156,0.26374812444562346,0.5012734909267137
"frozenset({'60 TEATIME FAIRY CAKE CASES', 'PACK OF 60 PINK PAISLEY CAKE CASES'})",frozenset({'72 SWEETHEART FAIRY CAKE CASES'}),0.02350669997728821,0.03577106518282989,0.010617760617760617,0.45169082125603865,12.627267847557704,1.0,0.009776900920639814,1.7585496872877022,0.9429724759687886,0.2182030338389732,0.4313495903875487,0.37425810904071777
frozenset({'72 SWEETHEART FAIRY CAKE CASES'}),"frozenset({'60 TEATIME FAIRY CAKE CASES', 'PACK OF 60 PINK PAISLEY CAKE CASES'})",0.03577106518282989,0.02350669997728821,0.010617760617760617,0.2968253968253968,12.627267847557704,1.0,0.009776900920639814,1.3886925034183035,0.9549664728366051,0.2182030338389732,0.27989817937486267,0.37425810904071777
"frozenset({'LUNCH BAG SPACEBOY DESIGN ', 'LUNCH BAG WOODLAND'})",frozenset({'LUNCH BAG SUKI  DESIGN '}),0.016636384283443106,0.04945491710197593,0.010333863275039745,0.621160409556314,12.560134481177728,1.0,0.009511112269425451,2.509096480082172,0.9359539069395297,0.18533604887983704,0.6014501602715371,0.4150578167184555
frozenset({'LUNCH BAG SUKI  DESIGN '}),"frozenset({'LUNCH BAG SPACEBOY DESIGN ', 'LUNCH BAG WOODLAND'})",0.04945491710197593,0.016636384283443106,0.010333863275039745,0.20895522388059698,12.560134481177727,1.0,0.009511112269425451,1.2431200425096094,0.968268664612969,0.18533604887983704,0.19557245816646887,0.4150578167184555
"frozenset({'LUNCH BAG SUKI  DESIGN ', 'LUNCH BAG CARS BLUE'})",frozenset({'LUNCH BAG SPACEBOY DESIGN '}),0.019418578242107652,0.046956620486032254,0.01141267317737906,0.5877192982456141,12.516217993593415,1.0,0.010500842368486087,2.311637133289199,0.9383245901355988,0.20764462809917356,0.5674061531547069,0.4153832283247417
frozenset({'LUNCH BAG SPACEBOY DESIGN '}),"frozenset({'LUNCH BAG SUKI  DESIGN ', 'LUNCH BAG CARS BLUE'})",0.046956620486032254,0.019418578242107652,0.01141267317737906,0.2430471584038694,12.516217993593415,1.0,0.010500842368486087,1.2954326450379823,0.9654373352184563,0.20764462809917356,0.2280571252929327,0.4153832283247417
frozenset({'WOODEN PICTURE FRAME WHITE FINISH'}),frozenset({'WOODEN FRAME ANTIQUE WHITE '}),0.04502611855553032,0.05564387917329094,0.030831251419486713,0.6847414880201765,12.305782741848315,1.0,0.028325823518940512,2.995497615262321,0.9620549941490577,0.4414634146341463,0.6661656497722072,0.6194115603366188
frozenset({'WOODEN FRAME ANTIQUE WHITE '}),frozenset({'WOODEN PICTURE FRAME WHITE FINISH'}),0.05564387917329094,0.04502611855553032,0.030831251419486713,0.5540816326530612,12.305782741848315,1.0,0.028325823518940512,2.1415890247496114,0.9728717500356543,0.4414634146341463,0.5330570018601412,0.6194115603366188
frozenset({'LUNCH BAG RED SPOTTY'}),"frozenset({'LUNCH BAG  BLACK SKULL.', 'LUNCH BAG PINK RETROSPOT'})",0.05377015671133318,0.01578469225528049,0.010277083806495571,0.191129883843717,12.10855940379692,1.0,0.009428338430288973,1.2167779326817878,0.9695464574081718,0.17337164750957856,0.17815735053972218,0.4211045102671822
"frozenset({'LUNCH BAG  BLACK SKULL.', 'LUNCH BAG PINK RETROSPOT'})",frozenset({'LUNCH BAG RED SPOTTY'}),0.01578469225528049,0.05377015671133318,0.010277083806495571,0.6510791366906474,12.108559403796919,1.0,0.009428338430288973,2.7118752209716424,0.9321271323818613,0.17337164750957856,0.631251470470788,0.4211045102671822
frozenset({'COOK WITH WINE METAL SIGN '}),frozenset({'GIN + TONIC DIET METAL SIGN'}),0.033954122189416305,0.04099477628889393,0.01680672268907563,0.49498327759197325,12.07430122569229,1.0,0.015414781045834738,1.898957363507422,0.9494160611769639,0.2890625,0.4733952329751233,0.45247778838047414
frozenset({'GIN + TONIC DIET METAL SIGN'}),frozenset({'COOK WITH WINE METAL SIGN '}),0.04099477628889393,0.033954122189416305,0.01680672268907563,0.4099722991689751,12.07430122569229,1.0,0.015414781045834738,1.637289022955966,0.9563863152673099,0.2890625,0.3892342854686722,0.45247778838047414
frozenset({'PACK OF 60 PINK PAISLEY CAKE CASES'}),"frozenset({'60 TEATIME FAIRY CAKE CASES', '72 SWEETHEART FAIRY CAKE CASES'})",0.046956620486032254,0.01873722461957756,0.010617760617760617,0.2261185006045949,12.067875856509472,1.0,0.009737923872337574,1.2679754925618896,0.9623228022218718,0.19278350515463916,0.21134122396991817,0.3963925836356308
"frozenset({'60 TEATIME FAIRY CAKE CASES', '72 SWEETHEART FAIRY CAKE CASES'})",frozenset({'PACK OF 60 PINK PAISLEY CAKE CASES'}),0.01873722461957756,0.046956620486032254,0.010617760617760617,0.5666666666666667,12.06787585650947,1.0,0.009737923872337574,2.199330875801464,0.9346480867546649,0.19278350515463916,0.545316254592394,0.3963925836356308
"frozenset({'LUNCH BAG RED SPOTTY', 'LUNCH BAG  BLACK SKULL.'})",frozenset({'LUNCH BAG PINK RETROSPOT'}),0.02231433113786055,0.03821258233022939,0.010277083806495571,0.46055979643765904,12.052569293997104,1.0,0.009424395590746074,1.7829361091708487,0.9379600909826258,0.20451977401129945,0.4391274062731006,0.3647524093629603
frozenset({'LUNCH BAG PINK RETROSPOT'}),"frozenset({'LUNCH BAG RED SPOTTY', 'LUNCH BAG  BLACK SKULL.'})",0.03821258233022939,0.02231433113786055,0.010277083806495571,0.2689450222882615,12.052569293997104,1.0,0.009424395590746074,1.337362713707764,0.9534644788139699,0.20451977401129945,0.2522596975748221,0.3647524093629603
"frozenset({'PACK OF 60 PINK PAISLEY CAKE CASES', '72 SWEETHEART FAIRY CAKE CASES'})",frozenset({'60 TEATIME FAIRY CAKE CASES'}),0.015216897569838746,0.05802861685214626,0.010617760617760617,0.6977611940298507,12.024432631363728,1.0,0.009734745099002089,3.1166460578225283,0.9310029697890563,0.16953762466001812,0.6791422633667107,0.4403678768583696
frozenset({'60 TEATIME FAIRY CAKE CASES'}),"frozenset({'PACK OF 60 PINK PAISLEY CAKE CASES', '72 SWEETHEART FAIRY CAKE CASES'})",0.05802861685214626,0.015216897569838746,0.010617760617760617,0.18297455968688844,12.024432631363728,1.0,0.009734745099002089,1.2053273421360775,0.9733161849319705,0.16953762466001812,0.17034985846433806,0.4403678768583696
"frozenset({'PACK OF 60 PINK PAISLEY CAKE CASES', 'PACK OF 60 DINOSAUR CAKE CASES'})",frozenset({'60 TEATIME FAIRY CAKE CASES'}),0.014705882352941176,0.05802861685214626,0.010163524869407222,0.6911196911196911,11.909980430528375,1.0,0.00931016285687566,3.049632352941176,0.929708996914867,0.16243194192377494,0.67209162145871,0.43313323107843654
frozenset({'60 TEATIME FAIRY CAKE CASES'}),"frozenset({'PACK OF 60 PINK PAISLEY CAKE CASES', 'PACK OF 60 DINOSAUR CAKE CASES'})",0.05802861685214626,0.014705882352941176,0.010163524869407222,0.175146771037182,11.909980430528375,1.0,0.00931016285687566,1.1945084083455446,0.9724677651274073,0.16243194192377494,0.16283552881385632,0.43313323107843654
"frozenset({'60 TEATIME FAIRY CAKE CASES', 'PACK OF 60 DINOSAUR CAKE CASES'})",frozenset({'PACK OF 60 PINK PAISLEY CAKE CASES'}),0.01822620940267999,0.046956620486032254,0.010163524869407222,0.557632398753894,11.875479814816906,1.0,0.009307683671586625,2.1544149635491805,0.9327941781318727,0.18472652218782248,0.5358368666579435,0.3870386903080232
frozenset({'PACK OF 60 PINK PAISLEY CAKE CASES'}),"frozenset({'60 TEATIME FAIRY CAKE CASES', 'PACK OF 60 DINOSAUR CAKE CASES'})",0.046956620486032254,0.01822620940267999,0.010163524869407222,0.21644498186215233,11.875479814816906,1.0,0.009307683671586625,1.2529736494197279,0.9609141575262563,0.18472652218782248,0.20189861896687447,0.3870386903080232
"frozenset({'LUNCH BAG SUKI  DESIGN ', 'LUNCH BAG  BLACK SKULL.'})",frozenset({'LUNCH BAG SPACEBOY DESIGN '}),0.020724506018623665,0.046956620486032254,0.011526232114467409,0.5561643835616439,11.844216594060063,1.0,0.010553079350590406,2.147289095818508,0.9349469215892761,0.20525783619817994,0.5342965220904183,0.40081496082556195
frozenset({'LUNCH BAG SPACEBOY DESIGN '}),"frozenset({'LUNCH BAG SUKI  DESIGN ', 'LUNCH BAG  BLACK SKULL.'})",0.046956620486032254,0.020724506018623665,0.011526232114467409,0.24546553808948005,11.844216594060063,1.0,0.010553079350590406,1.2978538998759588,0.9606809387340034,0.20525783619817994,0.2294972491930146,0.40081496082556195
frozenset({'PACK OF 60 DINOSAUR CAKE CASES'}),frozenset({'PACK OF 72 SKULL CAKE CASES'}),0.030604133545310015,0.034805814217578925,0.012605042016806723,0.41187384044526903,11.833478104277452,1.0,0.011539840230338688,1.6411345934912462,0.9443964259462414,0.2387096774193548,0.39066545549279824,0.3870135923270391
frozenset({'PACK OF 72 SKULL CAKE CASES'}),frozenset({'PACK OF 60 DINOSAUR CAKE CASES'}),0.034805814217578925,0.030604133545310015,0.012605042016806723,0.3621533442088091,11.833478104277452,1.0,0.011539840230338688,1.5197945425491688,0.94850756986765,0.2387096774193548,0.3420163239152783,0.3870135923270391
"frozenset({'LUNCH BAG SPACEBOY DESIGN ', 'LUNCH BAG  BLACK SKULL.'})",frozenset({'LUNCH BAG SUKI  DESIGN '}),0.02015671133318192,0.04945491710197593,0.011526232114467409,0.571830985915493,11.562672013712586,1.0,0.010529383626436437,2.220023055452622,0.9323070441037562,0.198435972629521,0.5495542275816058,0.40244821396807945
frozenset({'LUNCH BAG SUKI  DESIGN '}),"frozenset({'LUNCH BAG SPACEBOY DESIGN ', 'LUNCH BAG  BLACK SKULL.'})",0.04945491710197593,0.02015671133318192,0.011526232114467409,0.2330654420206659,11.562672013712586,1.0,0.010529383626436437,1.2776100365700578,0.9610431073471429,0.198435972629521,0.21728855333302244,0.40244821396807945
frozenset({'FELTCRAFT BUTTERFLY HEARTS'}),frozenset({'FELTCRAFT 6 FLOWER FRIENDS'}),0.033783783783783786,0.04071087894617306,0.01589825119236884,0.4705882352941176,11.559274755927474,1.0,0.014522883660403533,1.8119905619905616,0.9454295704295704,0.2713178294573643,0.44812074578277594,0.4305521371728607
frozenset({'FELTCRAFT 6 FLOWER FRIENDS'}),frozenset({'FELTCRAFT BUTTERFLY HEARTS'}),0.04071087894617306,0.033783783783783786,0.01589825119236884,0.39051603905160387,11.559274755927474,1.0,0.014522883660403533,1.5853021213433112,0.952256584788399,0.2713178294573643,0.3692054110464152,0.4305521371728607
frozenset({'LUNCH BAG WOODLAND'}),"frozenset({'LUNCH BAG SPACEBOY DESIGN ', 'LUNCH BAG SUKI  DESIGN '})",0.03843970020440609,0.02350669997728821,0.010333863275039745,0.2688330871491876,11.436445243650947,1.0,0.009430272775117866,1.3355272002330825,0.9490410976682012,0.2002200220022002,0.25123202296031466,0.35422330685961795
"frozenset({'LUNCH BAG SPACEBOY DESIGN ', 'LUNCH BAG SUKI  DESIGN '})",frozenset({'LUNCH BAG WOODLAND'}),0.02350669997728821,0.03843970020440609,0.010333863275039745,0.4396135265700483,11.436445243650946,1.0,0.009430272775117866,1.7158877763593785,0.9345279095831485,0.2002200220022002,0.41721130380582766,0.35422330685961795
"frozenset({'WOOD 2 DRAWER CABINET WHITE FINISH', 'WOOD S/3 CABINET ANT WHITE FINISH'})",frozenset({'WOODEN FRAME ANTIQUE WHITE '}),0.019986372927549397,0.05564387917329094,0.012718600953895072,0.6363636363636365,11.43636363636364,1.0,0.011606481633602181,2.5969793322734507,0.9311703360370799,0.20216606498194947,0.6149372513008877,0.43246753246753256
frozenset({'WOODEN FRAME ANTIQUE WHITE '}),"frozenset({'WOOD 2 DRAWER CABINET WHITE FINISH', 'WOOD S/3 CABINET ANT WHITE FINISH'})",0.05564387917329094,0.019986372927549397,0.012718600953895072,0.2285714285714286,11.436363636363637,1.0,0.011606481633602181,1.2703880350939176,0.9663299663299664,0.20216606498194947,0.21283893395133258,0.43246753246753256
frozenset({'HAND OVER THE CHOCOLATE   SIGN '}),frozenset({'CHOCOLATE THIS WAY METAL SIGN'}),0.04014308426073132,0.023166023166023165,0.010617760617760617,0.26449787835926447,11.417491749174918,1.0,0.009687804997820897,1.328118503118503,0.9505740636175419,0.20150862068965517,0.2470551402966383,0.3614156058462989
frozenset({'CHOCOLATE THIS WAY METAL SIGN'}),frozenset({'HAND OVER THE CHOCOLATE   SIGN '}),0.023166023166023165,0.04014308426073132,0.010617760617760617,0.4583333333333333,11.417491749174916,1.0,0.009687804997820897,1.772043536749419,0.9340533913888948,0.20150862068965517,0.43567977915804,0.3614156058462989
"frozenset({'LUNCH BAG CARS BLUE', 'LUNCH BAG WOODLAND'})",frozenset({'LUNCH BAG  BLACK SKULL.'}),0.017374517374517374,0.05297524415171474,0.01050420168067227,0.6045751633986929,11.412409193759677,1.0,0.009583782380739002,2.3949551676824408,0.9285084691764455,0.17552182163187854,0.5824556494860471,0.40143013261038607
frozenset({'LUNCH BAG  BLACK SKULL.'}),"frozenset({'LUNCH BAG CARS BLUE', 'LUNCH BAG WOODLAND'})",0.05297524415171474,0.017374517374517374,0.01050420168067227,0.1982851018220793,11.412409193759675,1.0,0.009583782380739002,1.2256545124192182,0.9634131283390831,0.17552182163187854,0.1841093963533145,0.40143013261038607
frozenset({'BAKING SET SPACEBOY DESIGN'}),frozenset({'BAKING SET 9 PIECE RETROSPOT '}),0.023052464228934817,0.04343629343629344,0.011355893708834885,0.49261083743842365,11.340996168582375,1.0,0.010354580108157214,1.8852663342954608,0.9333401139137509,0.20597322348094746,0.46957096628275163,0.37702437296757785
frozenset({'BAKING SET 9 PIECE RETROSPOT '}),frozenset({'BAKING SET SPACEBOY DESIGN'}),0.04343629343629344,0.023052464228934817,0.011355893708834885,0.261437908496732,11.340996168582373,1.0,0.010354580108157214,1.3227696723271944,0.9532290615539859,0.20597322348094746,0.24401048729771266,0.37702437296757785
frozenset({'PACK OF 60 DINOSAUR CAKE CASES'}),frozenset({'72 SWEETHEART FAIRY CAKE CASES'}),0.030604133545310015,0.03577106518282989,0.012377924142630024,0.4044526901669759,11.306699649556792,1.0,0.01128318168671671,1.6190635385247807,0.940334999680272,0.22923238696109358,0.38235901420449764,0.375242218099361
frozenset({'72 SWEETHEART FAIRY CAKE CASES'}),frozenset({'PACK OF 60 DINOSAUR CAKE CASES'}),0.03577106518282989,0.030604133545310015,0.012377924142630024,0.346031746031746,11.306699649556792,1.0,0.01128318168671671,1.4823286307438222,0.9453738929184599,0.22923238696109358,0.32538576179412587,0.375242218099361
frozenset({'KNITTED UNION FLAG HOT WATER BOTTLE'}),frozenset({'RED WOOLLY HOTTIE WHITE HEART.'}),0.027424483306836247,0.038780377015671136,0.01192368839427663,0.4347826086956522,11.211407473422879,1.0,0.01086015659217754,1.7006193329722743,0.9364878276606924,0.2196652719665272,0.41197892990417784,0.37112483289833853
frozenset({'RED WOOLLY HOTTIE WHITE HEART.'}),frozenset({'KNITTED UNION FLAG HOT WATER BOTTLE'}),0.038780377015671136,0.027424483306836247,0.01192368839427663,0.3074670571010249,11.211407473422879,1.0,0.01086015659217754,1.404374371884632,0.947551538779609,0.2196652719665272,0.28793915638176487,0.37112483289833853
"frozenset({'LUNCH BAG SUKI  DESIGN ', 'LUNCH BAG PINK RETROSPOT'})",frozenset({'LUNCH BAG RED SPOTTY'}),0.017147399500340676,0.05377015671133318,0.010333863275039745,0.6026490066225165,11.207871493807563,1.0,0.00941184491671459,2.381345105609811,0.9266669206010627,0.17057169634489222,0.5800692652046661,0.3974174283376574
frozenset({'LUNCH BAG RED SPOTTY'}),"frozenset({'LUNCH BAG SUKI  DESIGN ', 'LUNCH BAG PINK RETROSPOT'})",0.05377015671133318,0.017147399500340676,0.010333863275039745,0.1921858500527983,11.207871493807563,1.0,0.00941184491671459,1.2166815851936958,0.9625325169879626,0.17057169634489222,0.1780922698515242,0.3974174283376574
"frozenset({'WHITE HANGING HEART T-LIGHT HOLDER', 'HEART OF WICKER SMALL'})",frozenset({'HEART OF WICKER LARGE'}),0.017771973654326596,0.05592777651601181,0.011128775834658187,0.6261980830670926,11.196548872058512,1.0,0.010134828863870559,2.5255949226537457,0.9271643046489652,0.1778584392014519,0.6040536861116037,0.4125914273203483
frozenset({'HEART OF WICKER LARGE'}),"frozenset({'WHITE HANGING HEART T-LIGHT HOLDER', 'HEART OF WICKER SMALL'})",0.05592777651601181,0.017771973654326596,0.011128775834658187,0.19898477157360406,11.196548872058512,1.0,0.010134828863870559,1.2262289048802133,0.9646367538414896,0.1778584392014519,0.1844915773717738,0.4125914273203483
"frozenset({'LUNCH BAG SPACEBOY DESIGN ', 'LUNCH BAG SUKI  DESIGN '})",frozenset({'LUNCH BAG CARS BLUE'}),0.02350669997728821,0.043663411310470135,0.01141267317737906,0.4855072463768116,11.119315504796367,1.0,0.010386290467718905,1.85879505970641,0.9319740407162929,0.2046843177189409,0.46201707671961084,0.37344282995043443
frozenset({'LUNCH BAG CARS BLUE'}),"frozenset({'LUNCH BAG SPACEBOY DESIGN ', 'LUNCH BAG SUKI  DESIGN '})",0.043663411310470135,0.02350669997728821,0.01141267317737906,0.2613784135240572,11.119315504796367,1.0,0.010386290467718905,1.322048147389904,0.9516172624971089,0.2046843177189409,0.24359789620802974,0.37344282995043443
"frozenset({'WOODEN FRAME ANTIQUE WHITE ', 'WOODEN PICTURE FRAME WHITE FINISH'})",frozenset({'WOOD S/3 CABINET ANT WHITE FINISH'}),0.030831251419486713,0.03713377242789007,0.012661821485350897,0.4106813996316759,11.059511942374733,1.0,0.011516940811472615,1.633863629911424,0.9385157105675277,0.22895277207392195,0.387953815916563,0.3758299964519236
frozenset({'WOOD S/3 CABINET ANT WHITE FINISH'}),"frozenset({'WOODEN FRAME ANTIQUE WHITE ', 'WOODEN PICTURE FRAME WHITE FINISH'})",0.03713377242789007,0.030831251419486713,0.012661821485350897,0.3409785932721713,11.059511942374733,1.0,0.011516940811472615,1.4706180082869043,0.944658843240779,0.22895277207392195,0.32001376675314785,0.3758299964519236
frozenset({'JUMBO BAG SPACEBOY DESIGN'}),frozenset({'JUMBO BAG PINK WITH WHITE SPOTS'}),0.026004996593231886,0.03719055189643425,0.010617760617760617,0.40829694323144106,10.978512617087237,1.0,0.009650620442393431,1.6271834953189415,0.9331803311804545,0.20194384449244063,0.385441160829872,0.34689656321877393
frozenset({'JUMBO BAG PINK WITH WHITE SPOTS'}),frozenset({'JUMBO BAG SPACEBOY DESIGN'}),0.03719055189643425,0.026004996593231886,0.010617760617760617,0.28549618320610687,10.978512617087237,1.0,0.009650620442393431,1.3631767675885325,0.9440216666314513,0.20194384449244063,0.2664194227950305,0.34689656321877393
frozenset({'SWEETHEART CERAMIC TRINKET BOX'}),frozenset({'STRAWBERRY CERAMIC TRINKET BOX'}),0.043379513967749264,0.07029298205768794,0.03310243016125369,0.7630890052356021,10.855834862850907,1.0,0.03005315476424747,3.9242881862316374,0.9490531015688248,0.4108527131782946,0.7451767167588509,0.6170049226501112
frozenset({'STRAWBERRY CERAMIC TRINKET BOX'}),frozenset({'SWEETHEART CERAMIC TRINKET BOX'}),0.07029298205768794,0.043379513967749264,0.03310243016125369,0.47092084006462037,10.855834862850907,1.0,0.03005315476424747,1.8080857430655364,0.9765266065244632,0.4108527131782946,0.4469288838567245,0.6170049226501112
"frozenset({'WHITE HANGING HEART T-LIGHT HOLDER', 'HEART OF WICKER LARGE'})",frozenset({'HEART OF WICKER SMALL'}),0.021405859641153758,0.048660004542357485,0.011128775834658187,0.519893899204244,10.684213947240544,1.0,0.010087166607286579,1.981520322030559,0.9262307359845592,0.1888246628131021,0.49533699509311524,0.3742993416674662
frozenset({'HEART OF WICKER SMALL'}),"frozenset({'WHITE HANGING HEART T-LIGHT HOLDER', 'HEART OF WICKER LARGE'})",0.048660004542357485,0.021405859641153758,0.011128775834658187,0.22870478413068843,10.684213947240544,1.0,0.010087166607286579,1.2687672893911213,0.9527655466842064,0.1888246628131021,0.21183340052855726,0.3742993416674662
frozenset({'LADIES & GENTLEMEN METAL SIGN'}),frozenset({'NO SINGING METAL SIGN'}),0.029695662048603227,0.032932091755621166,0.010447422212128094,0.35181644359464626,10.683088283773984,1.0,0.009469481944799575,1.4919661239286435,0.9341338313229716,0.2002176278563656,0.3297434948678317,0.3345289114524955
frozenset({'NO SINGING METAL SIGN'}),frozenset({'LADIES & GENTLEMEN METAL SIGN'}),0.032932091755621166,0.029695662048603227,0.010447422212128094,0.31724137931034485,10.683088283773984,1.0,0.009469481944799575,1.4211528182116417,0.9372600424775869,0.2002176278563656,0.2963459051093565,0.3345289114524955
frozenset({'WOOD 2 DRAWER CABINET WHITE FINISH'}),frozenset({'WOODEN PICTURE FRAME WHITE FINISH'}),0.03270497388144447,0.04502611855553032,0.015727912786736315,0.48090277777777773,10.68052928401289,1.0,0.014255334755394873,1.8396821261271386,0.9370167909451464,0.25366300366300365,0.4564278329402593,0.4151046045257111
frozenset({'WOODEN PICTURE FRAME WHITE FINISH'}),frozenset({'WOOD 2 DRAWER CABINET WHITE FINISH'}),0.04502611855553032,0.03270497388144447,0.015727912786736315,0.34930643127364436,10.68052928401289,1.0,0.014255334755394873,1.4865599916899506,0.9491062518902144,0.25366300366300365,0.3273059912885316,0.4151046045257111
frozenset({'CHOCOLATE HOT WATER BOTTLE'}),frozenset({'HOT WATER BOTTLE TEA AND SYMPATHY'}),0.04372019077901431,0.04457188280717692,0.020724506018623665,0.474025974025974,10.635089751013318,1.0,0.018775814798914024,1.816492963551787,0.9473917944863869,0.3067226890756302,0.44948864649346015,0.46949706344610803
frozenset({'HOT WATER BOTTLE TEA AND SYMPATHY'}),frozenset({'CHOCOLATE HOT WATER BOTTLE'}),0.04457188280717692,0.04372019077901431,0.020724506018623665,0.46496815286624205,10.635089751013318,1.0,0.018775814798914024,1.7873325005677947,0.9482363227396284,0.3067226890756302,0.4405070127229697,0.46949706344610803
"frozenset({'60 TEATIME FAIRY CAKE CASES', 'PACK OF 72 RETRO SPOT CAKE CASES'})",frozenset({'PACK OF 60 PINK PAISLEY CAKE CASES'}),0.02413127413127413,0.046956620486032254,0.01192368839427663,0.49411764705882355,10.52285368802902,1.0,0.010790565313049984,1.883922959504355,0.9273468042014036,0.20153550863723607,0.4691927316056002,0.3740237570239704
frozenset({'PACK OF 60 PINK PAISLEY CAKE CASES'}),"frozenset({'60 TEATIME FAIRY CAKE CASES', 'PACK OF 72 RETRO SPOT CAKE CASES'})",0.046956620486032254,0.02413127413127413,0.01192368839427663,0.2539298669891173,10.52285368802902,1.0,0.010790565313049984,1.3080120523394427,0.9495567187256194,0.20153550863723607,0.2354810506436454,0.3740237570239704
frozenset({'PAINTED METAL PEARS ASSORTED'}),frozenset({'ASSORTED COLOUR BIRD ORNAMENT'}),0.02027027027027027,0.07154213036565978,0.015160118101294572,0.7478991596638656,10.453968253968254,1.0,0.013709939783071739,3.682882882882883,0.9230530802014724,0.19777777777777777,0.7284735812133072,0.47990196078431374
frozenset({'ASSORTED COLOUR BIRD ORNAMENT'}),frozenset({'PAINTED METAL PEARS ASSORTED'}),0.07154213036565978,0.02027027027027027,0.015160118101294572,0.2119047619047619,10.453968253968252,1.0,0.013709939783071739,1.2431615905936149,0.9740264737571188,0.19777777777777777,0.19559934318555008,0.47990196078431374
frozenset({'PAPER CHAIN KIT VINTAGE CHRISTMAS'}),"frozenset({""PAPER CHAIN KIT 50'S CHRISTMAS ""})",0.032818532818532815,0.04389052918464683,0.014933000227117875,0.45501730103806237,10.367095350429954,1.0,0.01349257745464877,1.7543849972421404,0.9342000409826735,0.24172794117647062,0.42999968560379803,0.39762508001450336
"frozenset({""PAPER CHAIN KIT 50'S CHRISTMAS ""})",frozenset({'PAPER CHAIN KIT VINTAGE CHRISTMAS'}),0.04389052918464683,0.032818532818532815,0.014933000227117875,0.3402328589909444,10.367095350429954,1.0,0.01349257745464877,1.4659436747672043,0.9450183204524533,0.24172794117647062,0.31784555081299243,0.39762508001450336
frozenset({'LUNCH BAG CARS BLUE'}),frozenset({'LUNCH BAG WOODLAND'}),0.043663411310470135,0.03843970020440609,0.017374517374517374,0.39791937581274384,10.351781457627835,1.0,0.015696108933841227,1.5970623553840426,0.9446446789050278,0.2684210526315789,0.3738503718225004,0.424956733696623
frozenset({'LUNCH BAG WOODLAND'}),frozenset({'LUNCH BAG CARS BLUE'}),0.03843970020440609,0.043663411310470135,0.017374517374517374,0.4519940915805022,10.351781457627833,1.0,0.015696108933841227,1.7451209448593308,0.9395128625212509,0.2684210526315789,0.42697381350803326,0.424956733696623
frozenset({'PACK OF 60 DINOSAUR CAKE CASES'}),frozenset({'60 TEATIME FAIRY CAKE CASES'}),0.030604133545310015,0.05802861685214626,0.01822620940267999,0.5955473098330242,10.262993366711568,1.0,0.01645029386308728,2.3290026399848314,0.931056724897467,0.2588709677419355,0.5706316588775903,0.4548186647012479
frozenset({'60 TEATIME FAIRY CAKE CASES'}),frozenset({'PACK OF 60 DINOSAUR CAKE CASES'}),0.05802861685214626,0.030604133545310015,0.01822620940267999,0.31409001956947163,10.262993366711568,1.0,0.01645029386308728,1.4132989665002755,0.9581634396729629,0.2588709677419355,0.2924356249433336,0.4548186647012479
"frozenset({'LUNCH BAG RED SPOTTY', 'LUNCH BAG PINK RETROSPOT'})",frozenset({'LUNCH BAG SUKI  DESIGN '}),0.02038382920735862,0.04945491710197593,0.010333863275039745,0.5069637883008357,10.251028977674302,1.0,0.00932578269136899,1.9279417218101167,0.9212269501784369,0.17366412213740456,0.48131212230776643,0.3579595060907163
frozenset({'LUNCH BAG SUKI  DESIGN '}),"frozenset({'LUNCH BAG RED SPOTTY', 'LUNCH BAG PINK RETROSPOT'})",0.04945491710197593,0.02038382920735862,0.010333863275039745,0.20895522388059698,10.2510289776743,1.0,0.00932578269136899,1.2383827064737163,0.9494013841125722,0.17366412213740456,0.19249518361937482,0.3579595060907163
frozenset({'PACK OF 60 DINOSAUR CAKE CASES'}),frozenset({'PACK OF 60 PINK PAISLEY CAKE CASES'}),0.030604133545310015,0.046956620486032254,0.014705882352941176,0.4805194805194805,10.23326371331208,1.0,0.013268815668750204,1.8346085055643881,0.9307647130525358,0.2339656729900632,0.4549245809299428,0.3968498249030292
frozenset({'PACK OF 60 PINK PAISLEY CAKE CASES'}),frozenset({'PACK OF 60 DINOSAUR CAKE CASES'}),0.046956620486032254,0.030604133545310015,0.014705882352941176,0.313180169286578,10.23326371331208,1.0,0.013268815668750204,1.411426728095121,0.9467349386920432,0.2339656729900632,0.2914970503997664,0.3968498249030292
frozenset({'NO SINGING METAL SIGN'}),frozenset({'HAND OVER THE CHOCOLATE   SIGN '}),0.032932091755621166,0.04014308426073132,0.013456734044969339,0.4086206896551724,10.179105496756572,1.0,0.012134738310741303,1.6230816650984718,0.932467650865187,0.22571428571428567,0.383888055972014,0.3719199629322538
frozenset({'HAND OVER THE CHOCOLATE   SIGN '}),frozenset({'NO SINGING METAL SIGN'}),0.04014308426073132,0.032932091755621166,0.013456734044969339,0.3352192362093352,10.179105496756572,1.0,0.012134738310741303,1.454717044954842,0.9394728795939584,0.22571428571428567,0.312581093712941,0.3719199629322538
frozenset({'HEART OF WICKER SMALL'}),frozenset({'HEART OF WICKER LARGE'}),0.048660004542357485,0.05592777651601181,0.02759482171246877,0.5670945157526254,10.139765087751512,1.0,0.02487337585315568,2.1807813895573527,0.9474829084862574,0.35840707964601765,0.5414487647462103,0.5302477654905259
frozenset({'HEART OF WICKER LARGE'}),frozenset({'HEART OF WICKER SMALL'}),0.05592777651601181,0.048660004542357485,0.02759482171246877,0.4934010152284264,10.139765087751512,1.0,0.02487337585315568,1.8778955822159875,0.9547769370113214,0.35840707964601765,0.46748902895870165,0.5302477654905259
frozenset({'LUNCH BAG SPACEBOY DESIGN '}),frozenset({'LUNCH BAG SUKI  DESIGN '}),0.046956620486032254,0.04945491710197593,0.02350669997728821,0.5006045949214026,10.122443313152402,1.0,0.02118446420376254,1.9033917277401111,0.9456123839579564,0.322429906542056,0.47462207309932164,0.4879601619842374
frozenset({'LUNCH BAG SUKI  DESIGN '}),frozenset({'LUNCH BAG SPACEBOY DESIGN '}),0.04945491710197593,0.046956620486032254,0.02350669997728821,0.47531572904707226,10.122443313152402,1.0,0.02118446420376254,1.8164130931218068,0.9480977160703841,0.322429906542056,0.44946443967691607,0.4879601619842374
frozenset({'PACK 20 ENGLISH ROSE PAPER NAPKINS'}),frozenset({'SET/20 RED SPOTTY PAPER NAPKINS '}),0.025210084033613446,0.03963206904383375,0.010106745400863048,0.4009009009009009,10.11556829035339,1.0,0.00910761760984203,1.6030201554305934,0.924447888415343,0.1846473029045643,0.37617752552126443,0.3279576137742327
frozenset({'SET/20 RED SPOTTY PAPER NAPKINS '}),frozenset({'PACK 20 ENGLISH ROSE PAPER NAPKINS'}),0.03963206904383375,0.025210084033613446,0.010106745400863048,0.25501432664756446,10.11556829035339,1.0,0.00910761760984203,1.3084680025856494,0.9383304569182102,0.1846473029045643,0.23574745578500148,0.3279576137742327
"frozenset({'PACK OF 60 PINK PAISLEY CAKE CASES', 'PACK OF 72 RETRO SPOT CAKE CASES'})",frozenset({'60 TEATIME FAIRY CAKE CASES'}),0.02038382920735862,0.05802861685214626,0.01192368839427663,0.584958217270195,10.080512840080896,1.0,0.010740842979223229,2.2695820573830843,0.9195424950250198,0.17933390264731,0.5593902424691185,0.3952188346624948
frozenset({'60 TEATIME FAIRY CAKE CASES'}),"frozenset({'PACK OF 60 PINK PAISLEY CAKE CASES', 'PACK OF 72 RETRO SPOT CAKE CASES'})",0.05802861685214626,0.02038382920735862,0.01192368839427663,0.20547945205479454,10.080512840080896,1.0,0.010740842979223229,1.2329651804803936,0.9562909383162548,0.17933390264731,0.1889470880188397,0.3952188346624948
frozenset({'LUNCH BAG RED SPOTTY'}),frozenset({'LUNCH BAG PINK RETROSPOT'}),0.05377015671133318,0.03821258233022939,0.02038382920735862,0.3790918690601901,9.920603265806937,1.0,0.018329132667117463,1.5490011641722325,0.9502973138539481,0.28469468675654247,0.35442269306854407,0.4562621306667964
frozenset({'LUNCH BAG PINK RETROSPOT'}),frozenset({'LUNCH BAG RED SPOTTY'}),0.03821258233022939,0.05377015671133318,0.02038382920735862,0.5334323922734027,9.920603265806935,1.0,0.018329132667117463,2.0280658743097857,0.9349255998214796,0.28469468675654247,0.5069193695001001,0.4562621306667964
frozenset({'HAND OVER THE CHOCOLATE   SIGN '}),frozenset({'COOK WITH WINE METAL SIGN '}),0.04014308426073132,0.033954122189416305,0.013229616170792642,0.32956152758132956,9.706082982880229,1.0,0.011866592982743736,1.4409165308271785,0.9344849341117302,0.21735074626865672,0.3059972742307733,0.3595968173023705
frozenset({'COOK WITH WINE METAL SIGN '}),frozenset({'HAND OVER THE CHOCOLATE   SIGN '}),0.033954122189416305,0.04014308426073132,0.013229616170792642,0.3896321070234114,9.706082982880227,1.0,0.011866592982743736,1.572587494827624,0.9284981668719171,0.21735074626865672,0.3641053338595872,0.3595968173023705
frozenset({'JUMBO STORAGE BAG SKULLS'}),frozenset({'JUMBO STORAGE BAG SUKI'}),0.030320236202589144,0.0521803315920963,0.015273677038382921,0.5037453183520599,9.653930954098454,1.0,0.013691557059381137,1.9099460487917757,0.9244446321295992,0.22719594594594597,0.4764250013069239,0.3982273925819059
frozenset({'JUMBO STORAGE BAG SUKI'}),frozenset({'JUMBO STORAGE BAG SKULLS'}),0.0521803315920963,0.030320236202589144,0.015273677038382921,0.2927094668117519,9.653930954098454,1.0,0.013691557059381137,1.3709780045074162,0.9457656159773136,0.22719594594594597,0.2705936953676411,0.3982273925819059
frozenset({'JUMBO BAG SPACEBOY DESIGN'}),frozenset({'JUMBO STORAGE BAG SUKI'}),0.026004996593231886,0.0521803315920963,0.01294571882807177,0.49781659388646293,9.540311046276805,1.0,0.011588769482785595,1.8873974266557387,0.91908234793583,0.19843342036553527,0.4701698826770734,0.3729561750716319
frozenset({'JUMBO STORAGE BAG SUKI'}),frozenset({'JUMBO BAG SPACEBOY DESIGN'}),0.0521803315920963,0.026004996593231886,0.01294571882807177,0.24809575625680086,9.540311046276805,1.0,0.011588769482785595,1.295371068206686,0.9444640625706121,0.19843342036553527,0.22802043017341592,0.3729561750716319
"frozenset({'LUNCH BAG RED SPOTTY', 'LUNCH BAG PINK RETROSPOT'})",frozenset({'LUNCH BAG  BLACK SKULL.'}),0.02038382920735862,0.05297524415171474,0.010277083806495571,0.5041782729805014,9.517243026508671,1.0,0.009197245477488894,1.910010603087272,0.9135491849763976,0.1629162916291629,0.47644269702815467,0.34908806467888953
frozenset({'LUNCH BAG  BLACK SKULL.'}),"frozenset({'LUNCH BAG RED SPOTTY', 'LUNCH BAG PINK RETROSPOT'})",0.05297524415171474,0.02038382920735862,0.010277083806495571,0.1939978563772776,9.517243026508671,1.0,0.009197245477488894,1.2154014459435298,0.9449885537740745,0.1629162916291629,0.1772265835806302,0.34908806467888953
frozenset({'WICKER STAR '}),frozenset({'HEART OF WICKER LARGE'}),0.025210084033613446,0.05592777651601181,0.013399954576425165,0.5315315315315315,9.503891708967851,1.0,0.011990010630643354,2.015231092436975,0.9179208065458796,0.1978206202849958,0.5037789940057337,0.3855627200804866
frozenset({'HEART OF WICKER LARGE'}),frozenset({'WICKER STAR '}),0.05592777651601181,0.025210084033613446,0.013399954576425165,0.23959390862944163,9.503891708967851,1.0,0.011990010630643354,1.281933334081296,0.9477875988921428,0.1978206202849958,0.21992823385261687,0.3855627200804866
frozenset({'COOK WITH WINE METAL SIGN '}),frozenset({'PLEASE ONE PERSON METAL SIGN'}),0.033954122189416305,0.04014308426073132,0.01294571882807177,0.38127090301003347,9.49779794032915,1.0,0.011582695640022863,1.5513363124650883,0.9261593651461438,0.21169916434540392,0.3553944480220473,0.35188014740317797
frozenset({'PLEASE ONE PERSON METAL SIGN'}),frozenset({'COOK WITH WINE METAL SIGN '}),0.04014308426073132,0.033954122189416305,0.01294571882807177,0.32248939179632247,9.49779794032915,1.0,0.011582695640022863,1.4258756484594628,0.932131052268352,0.21169916434540392,0.29867657037244805,0.35188014740317797
frozenset({'LUNCH BAG PINK RETROSPOT'}),frozenset({'LUNCH BAG CARS BLUE'}),0.03821258233022939,0.043663411310470135,0.01578469225528049,0.4130757800891531,9.460455967399433,1.0,0.014116200555760482,1.6294038587039334,0.9298279777500392,0.2388316151202749,0.3862786106352885,0.3872921163124569
frozenset({'LUNCH BAG CARS BLUE'}),frozenset({'LUNCH BAG PINK RETROSPOT'}),0.043663411310470135,0.03821258233022939,0.01578469225528049,0.36150845253576075,9.460455967399433,1.0,0.014116200555760482,1.5063432264522478,0.9351277156746371,0.2388316151202749,0.33614067336087244,0.3872921163124569
frozenset({'JUMBO BAG OWLS'}),frozenset({'JUMBO STORAGE BAG SUKI'}),0.028049057460822167,0.0521803315920963,0.013740631387690211,0.4898785425101214,9.388183776592228,1.0,0.012277022268538749,1.8580274452123189,0.9192677178051426,0.2066609735269001,0.461794817629441,0.3766041243562577
frozenset({'JUMBO STORAGE BAG SUKI'}),frozenset({'JUMBO BAG OWLS'}),0.0521803315920963,0.028049057460822167,0.013740631387690211,0.2633297062023939,9.388183776592228,1.0,0.012277022268538749,1.3193839234763727,0.9426720657394376,0.2066609735269001,0.2420704980509733,0.3766041243562577
frozenset({'LUNCH BAG  BLACK SKULL.'}),"frozenset({'LUNCH BAG SPACEBOY DESIGN ', 'LUNCH BAG SUKI  DESIGN '})",0.05297524415171474,0.02350669997728821,0.011526232114467409,0.21757770632368703,9.255986869016368,1.0,0.010280958943969458,1.2480386971523152,0.9418569175066608,0.17744755244755242,0.19874279356743665,0.3539579352874474
"frozenset({'LUNCH BAG SPACEBOY DESIGN ', 'LUNCH BAG SUKI  DESIGN '})",frozenset({'LUNCH BAG  BLACK SKULL.'}),0.02350669997728821,0.05297524415171474,0.011526232114467409,0.49033816425120774,9.255986869016366,1.0,0.010280958943969458,1.8581433598160666,0.9134336275784157,0.17744755244755242,0.4618283919175173,0.3539579352874474
frozenset({'SET OF 36 TEATIME PAPER DOILIES'}),frozenset({'60 TEATIME FAIRY CAKE CASES'}),0.020099931864637748,0.05802861685214626,0.01078809902339314,0.5367231638418078,9.249284111136909,1.0,0.00962172777846583,2.0332796928923185,0.9101780410000548,0.16020236087689713,0.5081837469307968,0.3613165721361681
frozenset({'60 TEATIME FAIRY CAKE CASES'}),frozenset({'SET OF 36 TEATIME PAPER DOILIES'}),0.05802861685214626,0.020099931864637748,0.01078809902339314,0.18590998043052837,9.249284111136907,1.0,0.00962172777846583,1.203675324079736,0.9468265600710635,0.16020236087689713,0.16921118179061687,0.3613165721361681
frozenset({'LUNCH BAG PINK RETROSPOT'}),frozenset({'LUNCH BAG SPACEBOY DESIGN '}),0.03821258233022939,0.046956620486032254,0.01657960481489893,0.43387815750371467,9.239978367539809,1.0,0.014785271088627087,1.6834598278553814,0.9272055570875996,0.2417218543046357,0.4059852314540019,0.3934807958014341
frozenset({'LUNCH BAG SPACEBOY DESIGN '}),frozenset({'LUNCH BAG PINK RETROSPOT'}),0.046956620486032254,0.03821258233022939,0.01657960481489893,0.3530834340991535,9.239978367539809,1.0,0.014785271088627087,1.4867255970334585,0.935712536878573,0.2417218543046357,0.32738092221230836,0.3934807958014341
frozenset({'WOODEN FRAME ANTIQUE WHITE '}),frozenset({'WOOD 2 DRAWER CABINET WHITE FINISH'}),0.05564387917329094,0.03270497388144447,0.01680672268907563,0.3020408163265306,9.23531746031746,1.0,0.014986891074050898,1.3858905344973458,0.9442624442624443,0.23492063492063486,0.27844229027605405,0.40796485260770976
frozenset({'WOOD 2 DRAWER CABINET WHITE FINISH'}),frozenset({'WOODEN FRAME ANTIQUE WHITE '}),0.03270497388144447,0.05564387917329094,0.01680672268907563,0.5138888888888888,9.235317460317459,1.0,0.014986891074050898,1.9426754485578013,0.9218697448328818,0.23492063492063486,0.4852459783015338,0.40796485260770976
frozenset({'LUNCH BAG WOODLAND'}),frozenset({'LUNCH BAG SPACEBOY DESIGN '}),0.03843970020440609,0.046956620486032254,0.016636384283443106,0.43279172821270306,9.21684149610898,1.0,0.014831385869347954,1.6802353331535316,0.9271420236580138,0.24194880264244423,0.40484527359440725,0.393542176077331
frozenset({'LUNCH BAG SPACEBOY DESIGN '}),frozenset({'LUNCH BAG WOODLAND'}),0.046956620486032254,0.03843970020440609,0.016636384283443106,0.3542926239419589,9.21684149610898,1.0,0.014831385869347954,1.4891579923800675,0.9354274751652346,0.24194880264244423,0.3284795803286555,0.393542176077331
frozenset({'HAND OVER THE CHOCOLATE   SIGN '}),frozenset({'GIN + TONIC DIET METAL SIGN'}),0.04014308426073132,0.04099477628889393,0.015046559164206223,0.3748231966053748,9.143194097803132,1.0,0.013400902405391322,1.5339744189225157,0.9278768701902417,0.22766323024054982,0.34809864645434346,0.37092960384285356
frozenset({'GIN + TONIC DIET METAL SIGN'}),frozenset({'HAND OVER THE CHOCOLATE   SIGN '}),0.04099477628889393,0.04014308426073132,0.015046559164206223,0.3670360110803324,9.143194097803132,1.0,0.013400902405391322,1.5164479062664156,0.9287009171442295,0.22766323024054982,0.34056422520832974,0.37092960384285356
frozenset({'NO SINGING METAL SIGN'}),frozenset({'GIN + TONIC DIET METAL SIGN'}),0.032932091755621166,0.04099477628889393,0.01232114467408585,0.3741379310344828,9.126478173655556,1.0,0.010971100939838833,1.5322948478028693,0.9207509637591912,0.20000000000000004,0.3473840877074785,0.3373459738274907
frozenset({'GIN + TONIC DIET METAL SIGN'}),frozenset({'NO SINGING METAL SIGN'}),0.04099477628889393,0.032932091755621166,0.01232114467408585,0.30055401662049863,9.126478173655554,1.0,0.010971100939838833,1.382619860895924,0.9284920316605414,0.20000000000000004,0.27673540046502004,0.3373459738274907
frozenset({'LUNCH BAG PINK RETROSPOT'}),frozenset({'LUNCH BAG SUKI  DESIGN '}),0.03821258233022939,0.04945491710197593,0.017147399500340676,0.4487369985141159,9.073657884994958,1.0,0.015257599408946752,1.724304153073774,0.9251429652719595,0.24315619967793883,0.4200559117036384,0.3977324487404104
frozenset({'LUNCH BAG SUKI  DESIGN '}),frozenset({'LUNCH BAG PINK RETROSPOT'}),0.04945491710197593,0.03821258233022939,0.017147399500340676,0.3467278989667049,9.073657884994958,1.0,0.015257599408946752,1.472261583111371,0.9360848628362537,0.24315619967793883,0.32077287659257375,0.3977324487404104
frozenset({'PACK OF 60 PINK PAISLEY CAKE CASES'}),frozenset({'72 SWEETHEART FAIRY CAKE CASES'}),0.046956620486032254,0.03577106518282989,0.015216897569838746,0.32406287787182586,9.059357785839044,1.0,0.013537209237667481,1.4265068498994626,0.9334484858993682,0.2253994953742641,0.29898689230235526,0.3747298516343256
frozenset({'72 SWEETHEART FAIRY CAKE CASES'}),frozenset({'PACK OF 60 PINK PAISLEY CAKE CASES'}),0.03577106518282989,0.046956620486032254,0.015216897569838746,0.4253968253968254,9.059357785839042,1.0,0.013537209237667481,1.6586114063364634,0.9226199997539097,0.2253994953742641,0.3970860225730645,0.3747298516343256
frozenset({'72 SWEETHEART FAIRY CAKE CASES'}),frozenset({'60 TEATIME FAIRY CAKE CASES'}),0.03577106518282989,0.05802861685214626,0.01873722461957756,0.5238095238095238,9.026744944553165,1.0,0.016661479183689976,1.978139904610493,0.9222064003597393,0.24962178517397876,0.494474583082178,0.42335290280495763
frozenset({'60 TEATIME FAIRY CAKE CASES'}),frozenset({'72 SWEETHEART FAIRY CAKE CASES'}),0.05802861685214626,0.03577106518282989,0.01873722461957756,0.32289628180039137,9.026744944553164,1.0,0.016661479183689976,1.4240490915941442,0.9439969313387035,0.24962178517397876,0.29777701772868287,0.42335290280495763
frozenset({'LUNCH BAG CARS BLUE'}),frozenset({'LUNCH BAG SUKI  DESIGN '}),0.043663411310470135,0.04945491710197593,0.019418578242107652,0.44473342002600774,8.992703781283637,1.0,0.017259207855358873,1.71187158957513,0.9293785781519245,0.2634822804314329,0.4158440352128337,0.41869277201070765
frozenset({'LUNCH BAG SUKI  DESIGN '}),frozenset({'LUNCH BAG CARS BLUE'}),0.04945491710197593,0.043663411310470135,0.019418578242107652,0.3926521239954075,8.992703781283637,1.0,0.017259207855358873,1.5746109050067683,0.9350411201130676,0.2634822804314329,0.364922472707185,0.41869277201070765
frozenset({'PACK OF 72 RETRO SPOT CAKE CASES'}),"frozenset({'60 TEATIME FAIRY CAKE CASES', 'PACK OF 60 PINK PAISLEY CAKE CASES'})",0.056665909607086076,0.02350669997728821,0.01192368839427663,0.21042084168336675,8.951526240887574,1.0,0.010591659858202724,1.2367262860693735,0.941646459956319,0.17470881863560733,0.19141364482657605,0.3588336092474805
"frozenset({'60 TEATIME FAIRY CAKE CASES', 'PACK OF 60 PINK PAISLEY CAKE CASES'})",frozenset({'PACK OF 72 RETRO SPOT CAKE CASES'}),0.02350669997728821,0.056665909607086076,0.01192368839427663,0.5072463768115942,8.951526240887572,1.0,0.010591659858202724,1.9144133010915019,0.9096705596996328,0.17470881863560733,0.47764675505030685,0.3588336092474805
frozenset({'JUMBO BAG PINK WITH WHITE SPOTS'}),frozenset({'JUMBO BAG STRAWBERRY'}),0.03719055189643425,0.047637974108562346,0.01578469225528049,0.42442748091603055,8.909435987953671,1.0,0.014013009706955012,1.6546342890156278,0.9220510364133061,0.22861842105263155,0.39563684456526144,0.37788716119699023
frozenset({'JUMBO BAG STRAWBERRY'}),frozenset({'JUMBO BAG PINK WITH WHITE SPOTS'}),0.047637974108562346,0.03719055189643425,0.01578469225528049,0.3313468414779499,8.90943598795367,1.0,0.014013009706955012,1.43992357746683,0.9321659467275044,0.22861842105263155,0.30551869859701913,0.37788716119699023
frozenset({'SET OF 72 RETRO SPOT PAPER  DOILIES'}),frozenset({'PACK OF 72 RETRO SPOT CAKE CASES'}),0.020043152396093573,0.056665909607086076,0.010049965932318874,0.5014164305949009,8.84864346256252,1.0,0.008914202470400786,1.8920280335721515,0.9051299854035053,0.15076660988074958,0.47146660501007553,0.3393855700068693
frozenset({'PACK OF 72 RETRO SPOT CAKE CASES'}),frozenset({'SET OF 72 RETRO SPOT PAPER  DOILIES'}),0.056665909607086076,0.020043152396093573,0.010049965932318874,0.17735470941883769,8.848643462562519,1.0,0.008914202470400786,1.1912264724831896,0.9402695568845009,0.15076660988074958,0.16052906554751545,0.3393855700068693
frozenset({'WOOD S/3 CABINET ANT WHITE FINISH'}),frozenset({'WOODEN PICTURE FRAME WHITE FINISH'}),0.03713377242789007,0.04502611855553032,0.01476266182148535,0.39755351681957185,8.829397904446784,1.0,0.013090672181733088,1.5851596915347288,0.9209399693360065,0.2190395956192081,0.3691487328750996,0.3627111846392941
frozenset({'WOODEN PICTURE FRAME WHITE FINISH'}),frozenset({'WOOD S/3 CABINET ANT WHITE FINISH'}),0.04502611855553032,0.03713377242789007,0.01476266182148535,0.32786885245901637,8.829397904446784,1.0,0.013090672181733088,1.4325570702902122,0.9285510434627503,0.2190395956192081,0.3019475309298382,0.3627111846392941
"frozenset({'WHITE HANGING HEART T-LIGHT HOLDER', 'HOME BUILDING BLOCK WORD'})",frozenset({'LOVE BUILDING BLOCK WORD'}),0.021860095389507155,0.05286168521462639,0.010163524869407222,0.46493506493506487,8.795312957718972,1.0,0.00900796338816539,1.770137141710528,0.9061107466420292,0.15743183817062442,0.435072019881084,0.32860072258568496
frozenset({'LOVE BUILDING BLOCK WORD'}),"frozenset({'WHITE HANGING HEART T-LIGHT HOLDER', 'HOME BUILDING BLOCK WORD'})",0.05286168521462639,0.021860095389507155,0.010163524869407222,0.19226638023630505,8.795312957718972,1.0,0.00900796338816539,1.2109684191387884,0.9357694282358513,0.15743183817062442,0.17421463335007864,0.32860072258568496
frozenset({'JUMBO BAG SCANDINAVIAN PAISLEY'}),frozenset({'JUMBO BAG STRAWBERRY'}),0.03429479900068135,0.047637974108562346,0.014308426073131956,0.41721854304635764,8.758108438775269,1.0,0.012674691326279148,1.634166658063717,0.9172779569651629,0.2115869017632242,0.38806730937414,0.3587880557901633
frozenset({'JUMBO BAG STRAWBERRY'}),frozenset({'JUMBO BAG SCANDINAVIAN PAISLEY'}),0.047637974108562346,0.03429479900068135,0.014308426073131956,0.300357568533969,8.758108438775269,1.0,0.012674691326279148,1.380283924426624,0.9301295827856371,0.2115869017632242,0.275511376823863,0.3587880557901633
frozenset({'PINK DOUGHNUT TRINKET POT '}),frozenset({'STRAWBERRY CERAMIC TRINKET BOX'}),0.016636384283443106,0.07029298205768794,0.010220304337951397,0.6143344709897611,8.739627385356764,1.0,0.00905088327601053,2.4106562500628095,0.9005607200826325,0.13323464100666174,0.5851751986729982,0.37986513533332966
frozenset({'STRAWBERRY CERAMIC TRINKET BOX'}),frozenset({'PINK DOUGHNUT TRINKET POT '}),0.07029298205768794,0.016636384283443106,0.010220304337951397,0.14539579967689822,8.739627385356764,1.0,0.00905088327601053,1.1506655541182393,0.9525351845066027,0.13323464100666174,0.13093774605401765,0.37986513533332966
frozenset({'PACK OF 60 SPACEBOY CAKE CASES'}),frozenset({'60 TEATIME FAIRY CAKE CASES'}),0.024301612536906655,0.05802861685214626,0.01232114467408585,0.5070093457943925,8.73722954807323,1.0,0.01091095571129238,1.9107286824041771,0.9076034720970747,0.1759935117599351,0.4766394573918529,0.35966905645884006
frozenset({'60 TEATIME FAIRY CAKE CASES'}),frozenset({'PACK OF 60 SPACEBOY CAKE CASES'}),0.05802861685214626,0.024301612536906655,0.01232114467408585,0.2123287671232877,8.73722954807323,1.0,0.01091095571129238,1.238712735387927,0.9400999436115811,0.1759935117599351,0.19271032626718707,0.35966905645884006
frozenset({'LUNCH BAG WOODLAND'}),frozenset({'LUNCH BAG  BLACK SKULL.'}),0.03843970020440609,0.05297524415171474,0.01771519418578242,0.4608567208271787,8.699473276750558,1.0,0.015678841682335288,1.7565363279706552,0.9204316277168357,0.24036979969183359,0.43069779766222627,0.39763093276085626
frozenset({'LUNCH BAG  BLACK SKULL.'}),frozenset({'LUNCH BAG WOODLAND'}),0.05297524415171474,0.03843970020440609,0.01771519418578242,0.33440514469453375,8.699473276750558,1.0,0.015678841682335288,1.4446630591131868,0.934559003260664,0.24036979969183359,0.30779707164807374,0.39763093276085626
frozenset({'GIN + TONIC DIET METAL SIGN'}),frozenset({'PLEASE ONE PERSON METAL SIGN'}),0.04099477628889393,0.04014308426073132,0.014308426073131956,0.3490304709141275,8.694660047722225,1.0,0.012662769314317056,1.474503602476068,0.9228175777909348,0.21410365335598983,0.32180565831053615,0.352733057239242
frozenset({'PLEASE ONE PERSON METAL SIGN'}),frozenset({'GIN + TONIC DIET METAL SIGN'}),0.04014308426073132,0.04099477628889393,0.014308426073131956,0.3564356435643564,8.694660047722223,1.0,0.012662769314317056,1.4901465783818726,0.9219987511912977,0.21410365335598983,0.3289250772324124,0.352733057239242
frozenset({'LUNCH BAG PINK RETROSPOT'}),frozenset({'LUNCH BAG WOODLAND'}),0.03821258233022939,0.03843970020440609,0.012718600953895072,0.33283803863298667,8.658705371350312,1.0,0.01124972074508487,1.4412696698495204,0.91965155431675,0.1989342806394316,0.30616731835867506,0.3318547652544549
frozenset({'LUNCH BAG WOODLAND'}),frozenset({'LUNCH BAG PINK RETROSPOT'}),0.03843970020440609,0.03821258233022939,0.012718600953895072,0.3308714918759232,8.658705371350312,1.0,0.01124972074508487,1.437373248923697,0.9198687734615547,0.1989342806394316,0.30428648178279466,0.3318547652544549
frozenset({'PACK OF 60 PINK PAISLEY CAKE CASES'}),frozenset({'60 TEATIME FAIRY CAKE CASES'}),0.046956620486032254,0.05802861685214626,0.02350669997728821,0.5006045949214026,8.626857265905816,1.0,0.020781872238432603,1.8862235686762108,0.9276418587449399,0.2885017421602787,0.46984015224567466,0.45284632877185593
frozenset({'60 TEATIME FAIRY CAKE CASES'}),frozenset({'PACK OF 60 PINK PAISLEY CAKE CASES'}),0.05802861685214626,0.046956620486032254,0.02350669997728821,0.4050880626223092,8.626857265905814,1.0,0.020781872238432603,1.6019906806961761,0.9385454248965531,0.2885017421602787,0.3757766433663455,0.45284632877185593
frozenset({'WOOD S/3 CABINET ANT WHITE FINISH'}),frozenset({'WOODEN FRAME ANTIQUE WHITE '}),0.03713377242789007,0.05564387917329094,0.017771973654326596,0.47859327217125386,8.601004805591963,1.0,0.0157057065081006,1.8111698035796706,0.9178165036189768,0.23694171082513246,0.4478706535281459,0.39899051363664734
frozenset({'WOODEN FRAME ANTIQUE WHITE '}),frozenset({'WOOD S/3 CABINET ANT WHITE FINISH'}),0.05564387917329094,0.03713377242789007,0.017771973654326596,0.3193877551020408,8.601004805591963,1.0,0.0157057065081006,1.4147060015302364,0.9358064134421962,0.23694171082513246,0.2931393526864691,0.39899051363664734
frozenset({'PACK OF 72 SKULL CAKE CASES'}),frozenset({'72 SWEETHEART FAIRY CAKE CASES'}),0.034805814217578925,0.03577106518282989,0.010674540086304793,0.3066884176182708,8.573645096972994,1.0,0.00942949903718631,1.3907584401010007,0.915218417103384,0.17819905213270143,0.2809678725175471,0.30255055801548464
frozenset({'72 SWEETHEART FAIRY CAKE CASES'}),frozenset({'PACK OF 72 SKULL CAKE CASES'}),0.03577106518282989,0.034805814217578925,0.010674540086304793,0.29841269841269846,8.573645096972994,1.0,0.00942949903718631,1.3757292693278853,0.9161346056024278,0.17819905213270143,0.27311279748481937,0.30255055801548464
frozenset({'LUNCH BAG SUKI  DESIGN '}),frozenset({'LUNCH BAG WOODLAND'}),0.04945491710197593,0.03843970020440609,0.01629570747217806,0.32950631458094143,8.57203133293876,1.0,0.01439467528514435,1.4341079128800722,0.9292999910295552,0.22759714512291834,0.30270240403894544,0.376717706773484
frozenset({'LUNCH BAG WOODLAND'}),frozenset({'LUNCH BAG SUKI  DESIGN '}),0.03843970020440609,0.04945491710197593,0.01629570747217806,0.42392909896602654,8.572031332938758,1.0,0.01439467528514435,1.6500487721075954,0.9186543342087856,0.22759714512291834,0.3939573078662959,0.376717706773484
frozenset({'JUMBO BAG PINK WITH WHITE SPOTS'}),frozenset({'LUNCH BAG PINK RETROSPOT'}),0.03719055189643425,0.03821258233022939,0.012150806268453327,0.32671755725190843,8.549999432868665,1.0,0.010729659242204165,1.4285051214823123,0.9171502519567086,0.19210053859964094,0.299967508018219,0.322348377437247
frozenset({'LUNCH BAG PINK RETROSPOT'}),frozenset({'JUMBO BAG PINK WITH WHITE SPOTS'}),0.03821258233022939,0.03719055189643425,0.012150806268453327,0.3179791976225855,8.549999432868665,1.0,0.010729659242204165,1.4117009990712412,0.9181248493081001,0.19210053859964094,0.29163470121654633,0.322348377437247
frozenset({'LOVE BUILDING BLOCK WORD'}),frozenset({'HOME BUILDING BLOCK WORD'}),0.05286168521462639,0.06455825573472632,0.029127867363161482,0.5510204081632654,8.535243120995101,1.0,0.02571520917050703,2.0834838849544735,0.9321117172564929,0.329903536977492,0.5200346845870367,0.5011038716278069
frozenset({'HOME BUILDING BLOCK WORD'}),frozenset({'LOVE BUILDING BLOCK WORD'}),0.06455825573472632,0.05286168521462639,0.029127867363161482,0.4511873350923483,8.5352431209951,1.0,0.02571520917050703,1.7257952947291184,0.9437666498061036,0.329903536977492,0.4205570017173094,0.5011038716278069
frozenset({'LADIES & GENTLEMEN METAL SIGN'}),frozenset({'HAND OVER THE CHOCOLATE   SIGN '}),0.029695662048603227,0.04014308426073132,0.010163524869407222,0.34225621414913954,8.52590727523995,1.0,0.008971449405611941,1.4593173457315043,0.9097253256121174,0.17031398667935296,0.31474808894378264,0.29771933762619635
frozenset({'HAND OVER THE CHOCOLATE   SIGN '}),frozenset({'LADIES & GENTLEMEN METAL SIGN'}),0.04014308426073132,0.029695662048603227,0.010163524869407222,0.25318246110325315,8.52590727523995,1.0,0.008971449405611941,1.2992522100977983,0.9196270978636779,0.17031398667935296,0.23032649686643422,0.29771933762619635
frozenset({'JUMBO BAG SPACEBOY DESIGN'}),frozenset({'JUMBO SHOPPER VINTAGE RED PAISLEY'}),0.026004996593231886,0.049965932318873495,0.01090165796048149,0.41921397379912667,8.389996030170703,1.0,0.00960229406075153,1.6357729436013384,0.9043274649255761,0.16753926701570682,0.3886682110058701,0.31869789599047244
frozenset({'JUMBO SHOPPER VINTAGE RED PAISLEY'}),frozenset({'JUMBO BAG SPACEBOY DESIGN'}),0.049965932318873495,0.026004996593231886,0.01090165796048149,0.21818181818181817,8.389996030170703,1.0,0.00960229406075153,1.245807562497029,0.9271356283369193,0.16753926701570682,0.19730781052921662,0.31869789599047244
frozenset({'LUNCH BAG WOODLAND'}),frozenset({'LUNCH BAG RED SPOTTY'}),0.03843970020440609,0.05377015671133318,0.017147399500340676,0.4460856720827178,8.296157187667188,1.0,0.015080490796413094,1.708260277083806,0.9146199825198412,0.22844175491679272,0.41460911231448105,0.3824937336126366
frozenset({'LUNCH BAG RED SPOTTY'}),frozenset({'LUNCH BAG WOODLAND'}),0.05377015671133318,0.03843970020440609,0.017147399500340676,0.31890179514255546,8.296157187667188,1.0,0.015080490796413094,1.4117792308626782,0.9294383080692175,0.22844175491679272,0.2916739542988301,0.3824937336126366
frozenset({'JUMBO BAG SCANDINAVIAN PAISLEY'}),frozenset({'JUMBO SHOPPER VINTAGE RED PAISLEY'}),0.03429479900068135,0.049965932318873495,0.014024528730411084,0.4089403973509934,8.184384406983746,1.0,0.012310957124653668,1.6073405514829144,0.9089897204840018,0.19967663702506067,0.37785430780215734,0.3448111077664058
frozenset({'JUMBO SHOPPER VINTAGE RED PAISLEY'}),frozenset({'JUMBO BAG SCANDINAVIAN PAISLEY'}),0.049965932318873495,0.03429479900068135,0.014024528730411084,0.2806818181818182,8.184384406983746,1.0,0.012310957124653668,1.3425285574714068,0.9239838134109432,0.19967663702506067,0.25513688745403235,0.3448111077664058
frozenset({'JUMBO BAG PINK VINTAGE PAISLEY'}),frozenset({'JUMBO BAG STRAWBERRY'}),0.033499886441062915,0.047637974108562346,0.01294571882807177,0.38644067796610165,8.112030059998787,1.0,0.011349852105152635,1.5521922521435032,0.907114528772878,0.18984179850124894,0.355749908802181,0.3290963818912749
frozenset({'JUMBO BAG STRAWBERRY'}),frozenset({'JUMBO BAG PINK VINTAGE PAISLEY'}),0.047637974108562346,0.033499886441062915,0.01294571882807177,0.27175208581644816,8.112030059998787,1.0,0.011349852105152635,1.3271580937413228,0.9205809043565212,0.18984179850124894,0.2465102652684341,0.3290963818912749
frozenset({'FELTCRAFT BUTTERFLY HEARTS'}),frozenset({'PINK CREAM FELT CRAFT TRINKET BOX '}),0.033783783783783786,0.038950715421303655,0.010674540086304793,0.31596638655462184,8.11195335276968,1.0,0.009358637538287777,1.4049737698386346,0.9073798541883648,0.17200365965233305,0.28824293985584304,0.29500943234436633
frozenset({'PINK CREAM FELT CRAFT TRINKET BOX '}),frozenset({'FELTCRAFT BUTTERFLY HEARTS'}),0.038950715421303655,0.033783783783783786,0.010674540086304793,0.2740524781341108,8.11195335276968,1.0,0.009358637538287777,1.3309725388038642,0.9122582405012055,0.17200365965233305,0.24866969764928953,0.29500943234436633
frozenset({'LUNCH BAG SPACEBOY DESIGN '}),frozenset({'LUNCH BAG  BLACK SKULL.'}),0.046956620486032254,0.05297524415171474,0.02015671133318192,0.4292623941958887,8.10307533395283,1.0,0.017669172898394953,1.6592997311155333,0.9197798168216926,0.25266903914590744,0.39733612845961935,0.40487771371102044
frozenset({'LUNCH BAG  BLACK SKULL.'}),frozenset({'LUNCH BAG SPACEBOY DESIGN '}),0.05297524415171474,0.046956620486032254,0.02015671133318192,0.38049303322615213,8.10307533395283,1.0,0.017669172898394953,1.538390091845211,0.9256252908059305,0.25266903914590744,0.34996981240268044,0.40487771371102044
frozenset({'NO SINGING METAL SIGN'}),frozenset({'PLEASE ONE PERSON METAL SIGN'}),0.032932091755621166,0.04014308426073132,0.010674540086304793,0.3241379310344828,8.074564697849096,1.0,0.009352544352076757,1.4201964569611627,0.90599047600012,0.17106460418562328,0.295872063968016,0.29502511827537437
frozenset({'PLEASE ONE PERSON METAL SIGN'}),frozenset({'NO SINGING METAL SIGN'}),0.04014308426073132,0.032932091755621166,0.010674540086304793,0.26591230551626593,8.074564697849096,1.0,0.009352544352076757,1.3173738172038072,0.9127967930928154,0.17106460418562328,0.24091401624897107,0.29502511827537437
frozenset({'LUNCH BAG CARS BLUE'}),frozenset({'LUNCH BAG SPACEBOY DESIGN '}),0.043663411310470135,0.046956620486032254,0.01652282534635476,0.3784135240572172,8.058789583670748,1.0,0.014472539112323483,1.5332434285486218,0.9159033507960008,0.22298850574712645,0.3477878454391247,0.36514388415678267
frozenset({'LUNCH BAG SPACEBOY DESIGN '}),frozenset({'LUNCH BAG CARS BLUE'}),0.046956620486032254,0.043663411310470135,0.01652282534635476,0.3518742442563482,8.058789583670748,1.0,0.014472539112323483,1.4755417142653755,0.9190682238580307,0.22298850574712645,0.3222827993731998,0.36514388415678267
frozenset({'PACK OF 60 DINOSAUR CAKE CASES'}),frozenset({'PACK OF 72 RETRO SPOT CAKE CASES'}),0.030604133545310015,0.056665909607086076,0.013967749261866908,0.45640074211502785,8.054238346823517,1.0,0.01223353819678518,1.735348377890036,0.903492368257016,0.19054996127033308,0.42374683219753645,0.35144686404348585
frozenset({'PACK OF 72 RETRO SPOT CAKE CASES'}),frozenset({'PACK OF 60 DINOSAUR CAKE CASES'}),0.056665909607086076,0.030604133545310015,0.013967749261866908,0.24649298597194388,8.054238346823517,1.0,0.01223353819678518,1.2865120674491763,0.9284534250181794,0.19054996127033308,0.22270453165453497,0.35144686404348585
frozenset({'LUNCH BAG CARS BLUE'}),frozenset({'LUNCH BAG RED SPOTTY'}),0.043663411310470135,0.05377015671133318,0.018794004088121735,0.4304291287386216,8.004981853584587,1.0,0.01644621561940636,1.6613030810250793,0.9150311756002163,0.2389891696750903,0.39806287520819705,0.38997697197226755
frozenset({'LUNCH BAG RED SPOTTY'}),frozenset({'LUNCH BAG CARS BLUE'}),0.05377015671133318,0.043663411310470135,0.018794004088121735,0.34952481520591344,8.004981853584587,1.0,0.01644621561940636,1.4702122556639363,0.9248046859066572,0.2389891696750903,0.3198261025593153,0.38997697197226755
frozenset({'JUMBO BAG SCANDINAVIAN PAISLEY'}),frozenset({'JUMBO  BAG BAROQUE BLACK WHITE'}),0.03429479900068135,0.04513967749261867,0.012264365205541677,0.35761589403973515,7.922429089091591,1.0,0.010716309038976739,1.4864320484393256,0.904806234974391,0.1825866441251057,0.32724808977985465,0.31465700362364113
frozenset({'JUMBO  BAG BAROQUE BLACK WHITE'}),frozenset({'JUMBO BAG SCANDINAVIAN PAISLEY'}),0.04513967749261867,0.03429479900068135,0.012264365205541677,0.27169811320754716,7.922429089091591,1.0,0.010716309038976739,1.3259682811648674,0.9150826214214451,0.1825866441251057,0.24583414686096663,0.31465700362364113
frozenset({'LUNCH BAG SUKI  DESIGN '}),frozenset({'LUNCH BAG  BLACK SKULL.'}),0.04945491710197593,0.05297524415171474,0.020724506018623665,0.41905855338691156,7.910460066720564,1.0,0.018104619710643678,1.6301552615491233,0.919035948982606,0.2536483669214732,0.38656149902573816,0.40513485011253403
frozenset({'LUNCH BAG  BLACK SKULL.'}),frozenset({'LUNCH BAG SUKI  DESIGN '}),0.05297524415171474,0.04945491710197593,0.020724506018623665,0.39121114683815644,7.910460066720564,1.0,0.018104619710643678,1.56137070835186,0.922452234661419,0.2536483669214732,0.35953710758697877,0.40513485011253403
frozenset({'JUMBO  BAG BAROQUE BLACK WHITE'}),frozenset({'JUMBO BAG STRAWBERRY'}),0.04513967749261867,0.047637974108562346,0.016977061094708153,0.3761006289308176,7.894975300035231,1.0,0.01482669830704593,1.5264673600477678,0.9146229438557854,0.2239700374531835,0.34489264155068017,0.36623863389329914
frozenset({'JUMBO BAG STRAWBERRY'}),frozenset({'JUMBO  BAG BAROQUE BLACK WHITE'}),0.047637974108562346,0.04513967749261867,0.016977061094708153,0.35637663885578064,7.894975300035231,1.0,0.01482669830704593,1.4835700195994312,0.9170222409123437,0.2239700374531835,0.3259502505517042,0.36623863389329914
frozenset({'LUNCH BAG  BLACK SKULL.'}),frozenset({'LUNCH BAG RED SPOTTY'}),0.05297524415171474,0.05377015671133318,0.02231433113786055,0.42122186495176844,7.83374813677988,1.0,0.01946584395800171,1.6348748959043076,0.9211450702052999,0.2642905178211163,0.38833240237207,0.4181082925603615
frozenset({'LUNCH BAG RED SPOTTY'}),frozenset({'LUNCH BAG  BLACK SKULL.'}),0.05377015671133318,0.05297524415171474,0.02231433113786055,0.4149947201689546,7.83374813677988,1.0,0.01946584395800171,1.6188311259717079,0.9219189094481968,0.2642905178211163,0.38227034064486054,0.4181082925603615
frozenset({'LUNCH BAG PINK RETROSPOT'}),frozenset({'LUNCH BAG  BLACK SKULL.'}),0.03821258233022939,0.05297524415171474,0.01578469225528049,0.4130757800891531,7.797524800568236,1.0,0.013760371376669089,1.6135383814832813,0.9063896648192987,0.20933734939759038,0.38024405773308734,0.35551966925143613
frozenset({'LUNCH BAG  BLACK SKULL.'}),frozenset({'LUNCH BAG PINK RETROSPOT'}),0.05297524415171474,0.03821258233022939,0.01578469225528049,0.2979635584137192,7.797524800568236,1.0,0.013760371376669089,1.3699964285280857,0.9205188879653518,0.20933734939759038,0.2700710898389765,0.35551966925143613
frozenset({'LUNCH BAG  BLACK SKULL.'}),frozenset({'LUNCH BAG CARS BLUE'}),0.05297524415171474,0.043663411310470135,0.01799909152850329,0.3397642015005359,7.781439683780803,1.0,0.015686011653834393,1.4484773331937197,0.9202389600780596,0.22888086642599273,0.3096198490071506,0.3759939343003329
frozenset({'LUNCH BAG CARS BLUE'}),frozenset({'LUNCH BAG  BLACK SKULL.'}),0.043663411310470135,0.05297524415171474,0.01799909152850329,0.41222366710013,7.781439683780802,1.0,0.015686011653834393,1.611199197449848,0.9112786092229386,0.22888086642599273,0.37934427873178783,0.3759939343003329
frozenset({'JUMBO BAG OWLS'}),frozenset({'JUMBO BAG STRAWBERRY'}),0.028049057460822167,0.047637974108562346,0.01039064274358392,0.37044534412955465,7.77626150275294,1.0,0.009054442470495697,1.5127551150815763,0.8965509095656828,0.1591304347826087,0.3389544745012649,0.2942810749253256
frozenset({'JUMBO BAG STRAWBERRY'}),frozenset({'JUMBO BAG OWLS'}),0.047637974108562346,0.028049057460822167,0.01039064274358392,0.21811680572109654,7.77626150275294,1.0,0.009054442470495697,1.2430896963267837,0.9149918601290976,0.1591304347826087,0.1955528205608104,0.2942810749253256
frozenset({'JUMBO SHOPPER VINTAGE RED PAISLEY'}),frozenset({'JUMBO BAG PINK WITH WHITE SPOTS'}),0.049965932318873495,0.03719055189643425,0.014421985010220304,0.28863636363636364,7.761013185287995,1.0,0.012563724411261518,1.3534701506887186,0.9169680051050277,0.19828259172521467,0.26115843818857326,0.33821131158917417
frozenset({'JUMBO BAG PINK WITH WHITE SPOTS'}),frozenset({'JUMBO SHOPPER VINTAGE RED PAISLEY'}),0.03719055189643425,0.049965932318873495,0.014421985010220304,0.3877862595419847,7.761013185287994,1.0,0.012563724411261518,1.5518012826212915,0.9048008882123797,0.19828259172521467,0.3555875928193542,0.33821131158917417
frozenset({'PACK OF 72 SKULL CAKE CASES'}),frozenset({'60 TEATIME FAIRY CAKE CASES'}),0.034805814217578925,0.05802861685214626,0.015614353849647968,0.44861337683523655,7.730899014503118,1.0,0.013594620592189095,1.708368218549214,0.9020453609570616,0.20220588235294115,0.41464609962761817,0.35884680583444806
frozenset({'60 TEATIME FAIRY CAKE CASES'}),frozenset({'PACK OF 72 SKULL CAKE CASES'}),0.05802861685214626,0.034805814217578925,0.015614353849647968,0.2690802348336595,7.730899014503118,1.0,0.013594620592189095,1.3205200239218666,0.9242838511699271,0.20220588235294115,0.2427225775569393,0.35884680583444806
frozenset({'HAND OVER THE CHOCOLATE   SIGN '}),frozenset({'PLEASE ONE PERSON METAL SIGN'}),0.04014308426073132,0.04014308426073132,0.012377924142630024,0.30834512022630833,7.68115170781576,1.0,0.01076645692866585,1.3877685877866317,0.9061883868026668,0.18227424749163879,0.2794187670763527,0.30834512022630833
frozenset({'PLEASE ONE PERSON METAL SIGN'}),frozenset({'HAND OVER THE CHOCOLATE   SIGN '}),0.04014308426073132,0.04014308426073132,0.012377924142630024,0.30834512022630833,7.68115170781576,1.0,0.01076645692866585,1.3877685877866317,0.9061883868026668,0.18227424749163879,0.2794187670763527,0.30834512022630833
frozenset({'PACK OF 60 PINK PAISLEY CAKE CASES'}),frozenset({'PACK OF 72 RETRO SPOT CAKE CASES'}),0.046956620486032254,0.056665909607086076,0.02038382920735862,0.43409915356711,7.660675643911765,1.0,0.01772298959544287,1.6669600272541447,0.912301821413369,0.24488403819918142,0.4001055912257097,0.39690929622243276
frozenset({'PACK OF 72 RETRO SPOT CAKE CASES'}),frozenset({'PACK OF 60 PINK PAISLEY CAKE CASES'}),0.056665909607086076,0.046956620486032254,0.02038382920735862,0.35971943887775554,7.660675643911765,1.0,0.01772298959544287,1.4884777664396556,0.9216917101494762,0.24488403819918142,0.3281726992859714,0.39690929622243276
frozenset({'JUMBO BAG STRAWBERRY'}),frozenset({'JUMBO STORAGE BAG SUKI'}),0.047637974108562346,0.0521803315920963,0.01896434249375426,0.3980929678188319,7.629176658569388,1.0,0.016478577208393776,1.5746944589984773,0.9123886014413668,0.2345505617977528,0.3649561702045928,0.3807657439747043
frozenset({'JUMBO STORAGE BAG SUKI'}),frozenset({'JUMBO BAG STRAWBERRY'}),0.0521803315920963,0.047637974108562346,0.01896434249375426,0.3634385201305767,7.629176658569388,1.0,0.016478577208393776,1.4961037637508228,0.9167611580887826,0.2345505617977528,0.33159716309185694,0.3807657439747043
"frozenset({'WHITE HANGING HEART T-LIGHT HOLDER', 'LOVE BUILDING BLOCK WORD'})",frozenset({'HOME BUILDING BLOCK WORD'}),0.020724506018623665,0.06455825573472632,0.010163524869407222,0.4904109589041096,7.596409681811063,1.0,0.00882558690988104,1.8356786917033596,0.8867360301994063,0.13529856386999245,0.4552423555823477,0.323921398537367
frozenset({'HOME BUILDING BLOCK WORD'}),"frozenset({'WHITE HANGING HEART T-LIGHT HOLDER', 'LOVE BUILDING BLOCK WORD'})",0.06455825573472632,0.020724506018623665,0.010163524869407222,0.15743183817062445,7.596409681811062,1.0,0.00882558690988104,1.1622507689528443,0.9282874848466866,0.13529856386999245,0.1396004832064149,0.323921398537367
frozenset({'JUMBO STORAGE BAG SKULLS'}),frozenset({'JUMBO  BAG BAROQUE BLACK WHITE'}),0.030320236202589144,0.04513967749261867,0.010333863275039745,0.3408239700374532,7.55042988716934,1.0,0.00896521759135485,1.4485665119856295,0.8946842477115343,0.15867480383609414,0.3096623512100628,0.28487739382375804
frozenset({'JUMBO  BAG BAROQUE BLACK WHITE'}),frozenset({'JUMBO STORAGE BAG SKULLS'}),0.04513967749261867,0.030320236202589144,0.010333863275039745,0.22893081761006287,7.550429887169339,1.0,0.00896521759135485,1.2575781602266582,0.9085697557482062,0.15867480383609414,0.20482079633144556,0.28487739382375804
frozenset({'JUMBO BAG PINK VINTAGE PAISLEY'}),frozenset({'JUMBO SHOPPER VINTAGE RED PAISLEY'}),0.033499886441062915,0.049965932318873495,0.012491483079718374,0.37288135593220334,7.462711864406779,1.0,0.010817630021114277,1.5149191890050393,0.8960169192809306,0.17599999999999996,0.33989878321049277,0.31144067796610164
frozenset({'JUMBO SHOPPER VINTAGE RED PAISLEY'}),frozenset({'JUMBO BAG PINK VINTAGE PAISLEY'}),0.049965932318873495,0.033499886441062915,0.012491483079718374,0.25,7.462711864406779,1.0,0.010817630021114277,1.2886668180785827,0.9115467367917762,0.17599999999999996,0.22400422982023263,0.31144067796610164
frozenset({'JUMBO BAG PINK WITH WHITE SPOTS'}),frozenset({'JUMBO STORAGE BAG SUKI'}),0.03719055189643425,0.0521803315920963,0.01436520554167613,0.38625954198473283,7.402397228982714,1.0,0.012424590211627125,1.5443330418088976,0.8983175532811313,0.19152157456472368,0.35247127858594113,0.3307793901436178
frozenset({'JUMBO STORAGE BAG SUKI'}),frozenset({'JUMBO BAG PINK WITH WHITE SPOTS'}),0.0521803315920963,0.03719055189643425,0.01436520554167613,0.2752992383025027,7.402397228982713,1.0,0.012424590211627125,1.3285613855963616,0.9125244564181478,0.19152157456472368,0.24730613817206332,0.3307793901436178
frozenset({'PACK OF 60 PINK PAISLEY CAKE CASES'}),frozenset({'PACK OF 72 SKULL CAKE CASES'}),0.046956620486032254,0.034805814217578925,0.012094026799909154,0.25755743651753327,7.39983943221337,1.0,0.010459663390986954,1.3000253935538473,0.9074738371645821,0.17359413202933988,0.23078425624723783,0.3025144441967764
frozenset({'PACK OF 72 SKULL CAKE CASES'}),frozenset({'PACK OF 60 PINK PAISLEY CAKE CASES'}),0.034805814217578925,0.046956620486032254,0.012094026799909154,0.3474714518760196,7.399839432213369,1.0,0.010459663390986954,1.4605389791051557,0.8960496709693223,0.17359413202933988,0.3153212517390799,0.3025144441967764
frozenset({'PACK OF 72 RETRO SPOT CAKE CASES'}),frozenset({'60 TEATIME FAIRY CAKE CASES'}),0.056665909607086076,0.05802861685214626,0.02413127413127413,0.42585170340681366,7.338649902544817,1.0,0.02084302977410618,1.640641257210398,0.9156195696046566,0.26645768025078376,0.3904822302833515,0.4208514877112346
frozenset({'60 TEATIME FAIRY CAKE CASES'}),frozenset({'PACK OF 72 RETRO SPOT CAKE CASES'}),0.05802861685214626,0.056665909607086076,0.02413127413127413,0.4158512720156556,7.338649902544816,1.0,0.02084302977410618,1.6148868348099799,0.9169441548771406,0.26645768025078376,0.38076156270252354,0.4208514877112346
frozenset({'JUMBO STORAGE BAG SUKI'}),frozenset({'JUMBO BAG SCANDINAVIAN PAISLEY'}),0.0521803315920963,0.03429479900068135,0.013002498296615943,0.24918389553862894,7.265938357990618,1.0,0.011212984312876097,1.2862073619106869,0.909847680838947,0.17697063369397217,0.2225203885363554,0.31416148419315554
frozenset({'JUMBO BAG SCANDINAVIAN PAISLEY'}),frozenset({'JUMBO STORAGE BAG SUKI'}),0.03429479900068135,0.0521803315920963,0.013002498296615943,0.3791390728476821,7.265938357990617,1.0,0.011212984312876097,1.5266215459156636,0.8929966684057232,0.17697063369397217,0.34495880614589214,0.31416148419315554
frozenset({'CHOCOLATE HOT WATER BOTTLE'}),frozenset({'SCOTTIE DOG HOT WATER BOTTLE'}),0.04372019077901431,0.046672723143311376,0.01476266182148535,0.3376623376623376,7.234682592346825,1.0,0.01272212146148366,1.439337261136569,0.9011765458149498,0.1951951951951952,0.30523580053061883,0.3269820204126773
frozenset({'SCOTTIE DOG HOT WATER BOTTLE'}),frozenset({'CHOCOLATE HOT WATER BOTTLE'}),0.046672723143311376,0.04372019077901431,0.01476266182148535,0.31630170316301703,7.234682592346825,1.0,0.01272212146148366,1.3986868383979543,0.9039675631099097,0.1951951951951952,0.2850436762918333,0.3269820204126773
frozenset({'RED SPOTTY CHARLOTTE BAG'}),frozenset({'LUNCH BAG RED SPOTTY'}),0.026459232341585284,0.05377015671133318,0.010163524869407222,0.38412017167381973,7.1437428337057165,1.0,0.008740807799938606,1.5363871323084275,0.8833912106802767,0.14505672609400325,0.34912238004916374,0.2865690615496871
frozenset({'LUNCH BAG RED SPOTTY'}),frozenset({'RED SPOTTY CHARLOTTE BAG'}),0.05377015671133318,0.026459232341585284,0.010163524869407222,0.1890179514255544,7.1437428337057165,1.0,0.008740807799938606,1.200446753870467,0.9088884307425158,0.14505672609400325,0.1669767969501262,0.2865690615496871
frozenset({'PACK OF 72 RETRO SPOT CAKE CASES'}),frozenset({'72 SWEETHEART FAIRY CAKE CASES'}),0.056665909607086076,0.03577106518282989,0.01447876447876448,0.2555110220440882,7.142952571810288,1.0,0.012451764532565057,1.2951554198486348,0.911662028480587,0.18572469045884923,0.22789189260631737,0.3301364634029965
frozenset({'72 SWEETHEART FAIRY CAKE CASES'}),frozenset({'PACK OF 72 RETRO SPOT CAKE CASES'}),0.03577106518282989,0.056665909607086076,0.01447876447876448,0.40476190476190477,7.142952571810287,1.0,0.012451764532565057,1.5848012718600955,0.8919063091023713,0.18572469045884923,0.3690060591469042,0.3301364634029965
frozenset({'JUMBO BAG PINK VINTAGE PAISLEY'}),frozenset({'JUMBO  BAG BAROQUE BLACK WHITE'}),0.033499886441062915,0.04513967749261867,0.01078809902339314,0.3220338983050847,7.134164801193902,1.0,0.009275924953404211,1.4084189756983874,0.8896319932718649,0.1589958158995816,0.28998400528924023,0.2805138044984543
frozenset({'JUMBO  BAG BAROQUE BLACK WHITE'}),frozenset({'JUMBO BAG PINK VINTAGE PAISLEY'}),0.04513967749261867,0.033499886441062915,0.01078809902339314,0.23899371069182387,7.134164801193901,1.0,0.009275924953404211,1.270029074841909,0.9004766480034302,0.1589958158995816,0.21261645122220668,0.2805138044984543
frozenset({'JUMBO BAG PINK VINTAGE PAISLEY'}),frozenset({'JUMBO STORAGE BAG SUKI'}),0.033499886441062915,0.0521803315920963,0.0124347036111742,0.3711864406779661,7.113531657475885,1.0,0.010686668428381967,1.5073142974680949,0.8892113295230616,0.1697674418604651,0.33656835758823095,0.30474447169915714
frozenset({'JUMBO STORAGE BAG SUKI'}),frozenset({'JUMBO BAG PINK VINTAGE PAISLEY'}),0.0521803315920963,0.033499886441062915,0.0124347036111742,0.2383025027203482,7.1135316574758845,1.0,0.010686668428381967,1.2688765776580904,0.9067366711281108,0.1697674418604651,0.2119012852726338,0.30474447169915714
frozenset({'PACK OF 72 SKULL CAKE CASES'}),frozenset({'PACK OF 72 RETRO SPOT CAKE CASES'}),0.034805814217578925,0.056665909607086076,0.013797410856234385,0.39641109298531807,6.995583336330082,1.0,0.011825107733980026,1.562875128137449,0.887958793025104,0.1776315789473684,0.36015361560475634,0.3199490334666069
frozenset({'PACK OF 72 RETRO SPOT CAKE CASES'}),frozenset({'PACK OF 72 SKULL CAKE CASES'}),0.056665909607086076,0.034805814217578925,0.013797410856234385,0.24348697394789579,6.995583336330082,1.0,0.011825107733980026,1.2758460892859023,0.908535664056443,0.1776315789473684,0.2162063995041085,0.3199490334666069
frozenset({'LUNCH BAG SUKI  DESIGN '}),frozenset({'LUNCH BAG RED SPOTTY'}),0.04945491710197593,0.05377015671133318,0.018282988871224166,0.36969001148105624,6.875375377195737,1.0,0.015623790228504929,1.5012134672211814,0.8990140618802873,0.21524064171122992,0.33387221615387713,0.354855565402619
frozenset({'LUNCH BAG RED SPOTTY'}),frozenset({'LUNCH BAG SUKI  DESIGN '}),0.05377015671133318,0.04945491710197593,0.018282988871224166,0.34002111932418166,6.875375377195737,1.0,0.015623790228504929,1.4402659096070862,0.9031139759938727,0.21524064171122992,0.3056837676087144,0.354855565402619
frozenset({'PINK CREAM FELT CRAFT TRINKET BOX '}),frozenset({'FELTCRAFT 6 FLOWER FRIENDS'}),0.038950715421303655,0.04071087894617306,0.010844878491937316,0.2784256559766764,6.839097145134205,1.0,0.009259160631553787,1.3294390647331824,0.8883851047336947,0.1575907590759076,0.24780305729868154,0.27240669130772455
frozenset({'FELTCRAFT 6 FLOWER FRIENDS'}),frozenset({'PINK CREAM FELT CRAFT TRINKET BOX '}),0.04071087894617306,0.038950715421303655,0.010844878491937316,0.2663877266387727,6.839097145134205,1.0,0.009259160631553787,1.3100234544542304,0.8900151691460501,0.1575907590759076,0.23665488842975688,0.27240669130772455
frozenset({'JUMBO  BAG BAROQUE BLACK WHITE'}),frozenset({'JUMBO STORAGE BAG SUKI'}),0.04513967749261867,0.0521803315920963,0.01601181012945719,0.3547169811320755,6.797905845155728,1.0,0.01365640678993206,1.4688433457783303,0.8932153254242478,0.19692737430167598,0.3191922046185895,0.3307861293037962
frozenset({'JUMBO STORAGE BAG SUKI'}),frozenset({'JUMBO  BAG BAROQUE BLACK WHITE'}),0.0521803315920963,0.04513967749261867,0.01601181012945719,0.3068552774755169,6.797905845155727,1.0,0.01365640678993206,1.3775771371809786,0.8998503640843213,0.19692737430167598,0.2740878365284417,0.3307861293037962
frozenset({'RETRO SPOT TEA SET CERAMIC 11 PC '}),frozenset({'BAKING SET 9 PIECE RETROSPOT '}),0.03418124006359301,0.04343629343629344,0.010049965932318874,0.29401993355481726,6.768992248062014,1.0,0.008565259558900258,1.3549443561208268,0.8824300760270628,0.1487394957983193,0.2619623119705254,0.26269624128721253
frozenset({'BAKING SET 9 PIECE RETROSPOT '}),frozenset({'RETRO SPOT TEA SET CERAMIC 11 PC '}),0.04343629343629344,0.03418124006359301,0.010049965932318874,0.23137254901960783,6.768992248062014,1.0,0.008565259558900258,1.256549917264203,0.8909678633121825,0.1487394957983193,0.20417009602194788,0.26269624128721253
frozenset({'JUMBO BAG RED RETROSPOT'}),frozenset({'JUMBO BAG STRAWBERRY'}),0.05615489439018851,0.047637974108562346,0.01782875312287077,0.31749241658240646,6.66469182461185,1.0,0.015153647717841915,1.3953867312690842,0.9005244057903042,0.20739762219286656,0.2833527956149372,0.3458737410683188
frozenset({'JUMBO BAG STRAWBERRY'}),frozenset({'JUMBO BAG RED RETROSPOT'}),0.047637974108562346,0.05615489439018851,0.01782875312287077,0.37425506555423116,6.664691824611849,1.0,0.015153647717841915,1.5083543687745367,0.8924710664432259,0.20739762219286656,0.3370258205222354,0.3458737410683188
frozenset({'LUNCH BAG RED SPOTTY'}),frozenset({'LUNCH BAG SPACEBOY DESIGN '}),0.05377015671133318,0.046956620486032254,0.016749943220531457,0.31151003167898633,6.63399598298707,1.0,0.014225078378362906,1.3842516570547967,0.897521141944703,0.19945909398242057,0.2775880058343942,0.3341105176532779
frozenset({'LUNCH BAG SPACEBOY DESIGN '}),frozenset({'LUNCH BAG RED SPOTTY'}),0.046956620486032254,0.05377015671133318,0.016749943220531457,0.3567110036275695,6.633995982987069,1.0,0.014225078378362906,1.4709249631573824,0.8911045475429535,0.19945909398242057,0.3201556673200573,0.3341105176532779
frozenset({'JUMBO SHOPPER VINTAGE RED PAISLEY'}),frozenset({'JUMBO STORAGE BAG SUKI'}),0.049965932318873495,0.0521803315920963,0.016977061094708153,0.3397727272727273,6.5115095459491545,1.0,0.014369822178001092,1.4355960554198886,0.8909425553502511,0.1993333333333333,0.3034252245089123,0.3325631862696607
frozenset({'JUMBO STORAGE BAG SUKI'}),frozenset({'JUMBO SHOPPER VINTAGE RED PAISLEY'}),0.0521803315920963,0.049965932318873495,0.016977061094708153,0.3253536452665941,6.511509545949154,1.0,0.014369822178001092,1.4081956583854118,0.8930240721332535,0.1993333333333333,0.2898714081063385,0.3325631862696607
frozenset({'JUMBO BAG PINK WITH WHITE SPOTS'}),frozenset({'JUMBO  BAG BAROQUE BLACK WHITE'}),0.03719055189643425,0.04513967749261867,0.010731319554848967,0.2885496183206107,6.39237217341207,1.0,0.009052550036471426,1.342131998374109,0.8761479784066326,0.14988104678826328,0.25491680310772413,0.26314273368860724
frozenset({'JUMBO  BAG BAROQUE BLACK WHITE'}),frozenset({'JUMBO BAG PINK WITH WHITE SPOTS'}),0.04513967749261867,0.03719055189643425,0.010731319554848967,0.23773584905660378,6.3923721734120695,1.0,0.009052550036471426,1.2630916027101233,0.8834418308759749,0.14988104678826328,0.20829178354572778,0.26314273368860724
frozenset({'CERAMIC STRAWBERRY CAKE MONEY BANK'}),frozenset({'STRAWBERRY CERAMIC TRINKET BOX'}),0.022768566886213946,0.07029298205768794,0.010163524869407222,0.44638403990024933,6.350335792183515,1.0,0.008563054405795316,1.6793356495264284,0.8621581170155893,0.12260273972602737,0.40452642669617633,0.2954860425672491
frozenset({'STRAWBERRY CERAMIC TRINKET BOX'}),frozenset({'CERAMIC STRAWBERRY CAKE MONEY BANK'}),0.07029298205768794,0.022768566886213946,0.010163524869407222,0.14458804523424879,6.350335792183515,1.0,0.008563054405795316,1.1424103061330189,0.9062295927662946,0.12260273972602737,0.12465775682212478,0.2954860425672491
frozenset({'JUMBO BAG STRAWBERRY'}),frozenset({'JUMBO SHOPPER VINTAGE RED PAISLEY'}),0.047637974108562346,0.049965932318873495,0.014933000227117875,0.3134684147794994,6.273642864882436,1.0,0.0125527244370012,1.3838169840008074,0.8826506659376296,0.18063186813186813,0.2773610878016103,0.3061660255715679
frozenset({'JUMBO SHOPPER VINTAGE RED PAISLEY'}),frozenset({'JUMBO BAG STRAWBERRY'}),0.049965932318873495,0.047637974108562346,0.014933000227117875,0.2988636363636364,6.273642864882436,1.0,0.0125527244370012,1.3583121276895707,0.8848135082340344,0.18063186813186813,0.26379218766090523,0.3061660255715679
frozenset({'RED WOOLLY HOTTIE WHITE HEART.'}),frozenset({'HOT WATER BOTTLE TEA AND SYMPATHY'}),0.038780377015671136,0.04457188280717692,0.010674540086304793,0.2752562225475842,6.175557441411533,1.0,0.008946025666744161,1.3182977859448448,0.8718832596212215,0.14687500000000003,0.24144604454198926,0.25737333420372843
frozenset({'HOT WATER BOTTLE TEA AND SYMPATHY'}),frozenset({'RED WOOLLY HOTTIE WHITE HEART.'}),0.04457188280717692,0.038780377015671136,0.010674540086304793,0.23949044585987264,6.175557441411533,1.0,0.008946025666744161,1.2639152496527608,0.8771683426711631,0.14687500000000003,0.20880771058444544,0.25737333420372843
frozenset({'JUMBO  BAG BAROQUE BLACK WHITE'}),frozenset({'JUMBO BAG RED RETROSPOT'}),0.04513967749261867,0.05615489439018851,0.015500794912559618,0.3433962264150943,6.115161111853024,1.0,0.012965981090154448,1.4374652470494254,0.8760150475676431,0.18067504963600264,0.30433100761731585,0.3097163134097716
frozenset({'JUMBO BAG RED RETROSPOT'}),frozenset({'JUMBO  BAG BAROQUE BLACK WHITE'}),0.05615489439018851,0.04513967749261867,0.015500794912559618,0.27603640040444893,6.115161111853024,1.0,0.012965981090154448,1.31893416055838,0.8862386485559198,0.18067504963600264,0.24181204043070434,0.3097163134097716
frozenset({'HOT WATER BOTTLE TEA AND SYMPATHY'}),frozenset({'SCOTTIE DOG HOT WATER BOTTLE'}),0.04457188280717692,0.046672723143311376,0.012661821485350897,0.2840764331210191,6.0865622142668965,1.0,0.010581530339115408,1.3316048262144138,0.8746902333187028,0.1611271676300578,0.2490264526579743,0.27768298541695724
frozenset({'SCOTTIE DOG HOT WATER BOTTLE'}),frozenset({'HOT WATER BOTTLE TEA AND SYMPATHY'}),0.046672723143311376,0.04457188280717692,0.012661821485350897,0.2712895377128954,6.0865622142668965,1.0,0.010581530339115408,1.3111217234265453,0.8766177817780709,0.1611271676300578,0.2372943090390155,0.27768298541695724
frozenset({'LUNCH BAG SUKI  DESIGN '}),frozenset({'JUMBO STORAGE BAG SUKI'}),0.04945491710197593,0.0521803315920963,0.015671133318192143,0.3168771526980482,6.072731679344968,1.0,0.013090559344951406,1.3874805566105617,0.8787899446728461,0.1822985468956407,0.2792691794954787,0.3086017972412983
frozenset({'JUMBO STORAGE BAG SUKI'}),frozenset({'LUNCH BAG SUKI  DESIGN '}),0.0521803315920963,0.04945491710197593,0.015671133318192143,0.3003264417845484,6.072731679344967,1.0,0.013090559344951406,1.358555102928902,0.881316867175949,0.1822985468956407,0.26392385715963607,0.3086017972412983
frozenset({'RED WOOLLY HOTTIE WHITE HEART.'}),frozenset({'SCOTTIE DOG HOT WATER BOTTLE'}),0.038780377015671136,0.046672723143311376,0.010958437429025664,0.28257686676427524,6.054432819285178,1.0,0.009148451629180009,1.3288214899859556,0.8685130246806458,0.14710365853658536,0.24745347096202594,0.2586850270561035
frozenset({'SCOTTIE DOG HOT WATER BOTTLE'}),frozenset({'RED WOOLLY HOTTIE WHITE HEART.'}),0.046672723143311376,0.038780377015671136,0.010958437429025664,0.23479318734793186,6.054432819285177,1.0,0.009148451629180009,1.2561566456170403,0.875703215891522,0.14710365853658536,0.20392094131796185,0.2586850270561035
frozenset({'JUMBO BAG RED RETROSPOT'}),frozenset({'JUMBO STORAGE BAG SKULLS'}),0.05615489439018851,0.030320236202589144,0.010220304337951397,0.1820020222446916,6.002658456504698,1.0,0.008517674676109433,1.1854305147041277,0.882991437566424,0.1340282948622487,0.156424617389244,0.2595403369650424
frozenset({'JUMBO STORAGE BAG SKULLS'}),frozenset({'JUMBO BAG RED RETROSPOT'}),0.030320236202589144,0.05615489439018851,0.010220304337951397,0.33707865168539325,6.002658456504697,1.0,0.008517674676109433,1.4237663457503935,0.8594663699886794,0.1340282948622487,0.2976375632246373,0.2595403369650424
frozenset({'JUMBO  BAG BAROQUE BLACK WHITE'}),frozenset({'JUMBO SHOPPER VINTAGE RED PAISLEY'}),0.04513967749261867,0.049965932318873495,0.013456734044969339,0.2981132075471698,5.966329331046312,1.0,0.011201287974477378,1.3535431609435404,0.8717429544997791,0.16481223922114047,0.26119829137704725,0.28371569468267577
frozenset({'JUMBO SHOPPER VINTAGE RED PAISLEY'}),frozenset({'JUMBO  BAG BAROQUE BLACK WHITE'}),0.049965932318873495,0.04513967749261867,0.013456734044969339,0.2693181818181818,5.966329331046311,1.0,0.011201287974477378,1.3068072843024814,0.8761714837331332,0.16481223922114047,0.23477622751869048,0.28371569468267577
frozenset({'JUMBO BAG PINK WITH WHITE SPOTS'}),frozenset({'JUMBO BAG RED RETROSPOT'}),0.03719055189643425,0.05615489439018851,0.0124347036111742,0.334351145038168,5.954087327009317,1.0,0.01034627209711711,1.4179324407670335,0.8641877669086702,0.1536842105263158,0.29474778117140193,0.2778934693846047
frozenset({'JUMBO BAG RED RETROSPOT'}),frozenset({'JUMBO BAG PINK WITH WHITE SPOTS'}),0.05615489439018851,0.03719055189643425,0.0124347036111742,0.22143579373104144,5.954087327009316,1.0,0.01034627209711711,1.2366474599667876,0.8815515829555627,0.1536842105263158,0.1913621040980776,0.2778934693846047
frozenset({'JUMBO STORAGE BAG SUKI'}),frozenset({'JUMBO BAG RED RETROSPOT'}),0.0521803315920963,0.05615489439018851,0.01720417896888485,0.3297062023939064,5.871370714420101,1.0,0.014273997959085667,1.40810657801204,0.8753585177004491,0.18878504672897192,0.28982648358067015,0.3180381365862353
frozenset({'JUMBO BAG RED RETROSPOT'}),frozenset({'JUMBO STORAGE BAG SUKI'}),0.05615489439018851,0.0521803315920963,0.01720417896888485,0.3063700707785642,5.871370714420101,1.0,0.014273997959085667,1.3664630496434644,0.8790446812232208,0.18878504672897192,0.2681836510245057,0.3180381365862353
frozenset({'SET/20 RED SPOTTY PAPER NAPKINS '}),frozenset({'PACK OF 72 RETRO SPOT CAKE CASES'}),0.03963206904383375,0.056665909607086076,0.01283215989098342,0.3237822349570201,5.713880483029096,1.0,0.010586372649003743,1.3950152438437584,0.859032837645099,0.15374149659863945,0.2831619551019043,0.27511757038432166
frozenset({'PACK OF 72 RETRO SPOT CAKE CASES'}),frozenset({'SET/20 RED SPOTTY PAPER NAPKINS '}),0.056665909607086076,0.03963206904383375,0.01283215989098342,0.22645290581162325,5.7138804830290955,1.0,0.010586372649003743,1.2415119107438521,0.8745444454032264,0.15374149659863945,0.19453048227233702,0.27511757038432166
frozenset({'JUMBO BAG SCANDINAVIAN PAISLEY'}),frozenset({'JUMBO BAG RED RETROSPOT'}),0.03429479900068135,0.05615489439018851,0.010731319554848967,0.31291390728476826,5.572335424771828,1.0,0.008805498738832962,1.3736926356345207,0.8496816935198873,0.1346153846153846,0.27203511611016895,0.2520080153208472
frozenset({'JUMBO BAG RED RETROSPOT'}),frozenset({'JUMBO BAG SCANDINAVIAN PAISLEY'}),0.05615489439018851,0.03429479900068135,0.010731319554848967,0.19110212335692617,5.572335424771827,1.0,0.008805498738832962,1.1938530547354076,0.869360900161598,0.1346153846153846,0.16237597580915944,0.2520080153208472
frozenset({'JUMBO BAG PINK VINTAGE PAISLEY'}),frozenset({'JUMBO BAG RED RETROSPOT'}),0.033499886441062915,0.05615489439018851,0.010277083806495571,0.30677966101694915,5.463097461911535,1.0,0.008395901221314376,1.3615369494126863,0.8452701119318451,0.12947067238912732,0.2655359074673951,0.2448964028037223
frozenset({'JUMBO BAG RED RETROSPOT'}),frozenset({'JUMBO BAG PINK VINTAGE PAISLEY'}),0.05615489439018851,0.033499886441062915,0.010277083806495571,0.18301314459049545,5.463097461911535,1.0,0.008395901221314376,1.183005708304194,0.8655590353909564,0.12947067238912732,0.15469554121300705,0.2448964028037223
frozenset({'JUMBO SHOPPER VINTAGE RED PAISLEY'}),frozenset({'JUMBO BAG RED RETROSPOT'}),0.049965932318873495,0.05615489439018851,0.015216897569838746,0.30454545454545456,5.423310966081441,1.0,0.012411065917365098,1.3571628969552845,0.8585068917901527,0.16739537788881947,0.26316877491755675,0.28776312161044215
frozenset({'JUMBO BAG RED RETROSPOT'}),frozenset({'JUMBO SHOPPER VINTAGE RED PAISLEY'}),0.05615489439018851,0.049965932318873495,0.015216897569838746,0.2709807886754297,5.4233109660814405,1.0,0.012411065917365098,1.3031673965834036,0.8641362758486937,0.16739537788881947,0.23263887462058735,0.28776312161044215
frozenset({'SET/5 RED SPOTTY LID GLASS BOWLS'}),frozenset({'PACK OF 72 RETRO SPOT CAKE CASES'}),0.0397456279809221,0.056665909607086076,0.010106745400863048,0.2542857142857143,4.48745490981964,1.0,0.007854523238419245,1.2650074009100378,0.8093236103876775,0.11710526315789474,0.2094907908992416,0.216321213856284
frozenset({'PACK OF 72 RETRO SPOT CAKE CASES'}),frozenset({'SET/5 RED SPOTTY LID GLASS BOWLS'}),0.056665909607086076,0.0397456279809221,0.010106745400863048,0.17835671342685372,4.48745490981964,1.0,0.007854523238419245,1.1686998332622438,0.8238401889296018,0.11710526315789474,0.14434829924750164,0.216321213856284
frozenset({'RED HANGING HEART T-LIGHT HOLDER'}),frozenset({'WHITE HANGING HEART T-LIGHT HOLDER'}),0.05371337724278901,0.16579604814898932,0.03917783329548036,0.7293868921775899,4.3993020359697645,1.0,0.030272367615890083,3.0826442908244385,0.8165509229064815,0.2172544080604534,0.6756031816656489,0.4828441310203018
frozenset({'WHITE HANGING HEART T-LIGHT HOLDER'}),frozenset({'RED HANGING HEART T-LIGHT HOLDER'}),0.16579604814898932,0.05371337724278901,0.03917783329548036,0.23630136986301373,4.3993020359697645,1.0,0.030272367615890083,1.239083828901819,0.9262617534140635,0.2172544080604534,0.1929521016457097,0.4828441310203018
frozenset({'RED RETROSPOT CAKE STAND'}),frozenset({'REGENCY CAKESTAND 3 TIER'}),0.029809220985691574,0.08596411537588008,0.01090165796048149,0.3657142857142857,4.254266842800528,1.0,0.008339134648402394,1.4410475658488375,0.7884447972142565,0.10395235517054682,0.30606038017144993,0.24626533308171353
frozenset({'REGENCY CAKESTAND 3 TIER'}),frozenset({'RED RETROSPOT CAKE STAND'}),0.08596411537588008,0.029809220985691574,0.01090165796048149,0.12681638044914134,4.254266842800528,1.0,0.008339134648402394,1.1110959451041322,0.8368838520313083,0.10395235517054682,0.09998771536666924,0.24626533308171353
frozenset({'LUNCH BAG SUKI  DESIGN '}),frozenset({'JUMBO SHOPPER VINTAGE RED PAISLEY'}),0.04945491710197593,0.049965932318873495,0.010277083806495571,0.20780711825487944,4.1589760985283375,1.0,0.007806022765742743,1.1992459028264655,0.7990743603968291,0.11528662420382166,0.16614265877987905,0.2067444682183488
frozenset({'JUMBO SHOPPER VINTAGE RED PAISLEY'}),frozenset({'LUNCH BAG SUKI  DESIGN '}),0.049965932318873495,0.04945491710197593,0.010277083806495571,0.2056818181818182,4.1589760985283375,1.0,0.007806022765742743,1.196680504935996,0.7995041756755508,0.11528662420382166,0.16435506730889327,0.2067444682183488
frozenset({'JUMBO STORAGE BAG SUKI'}),frozenset({'LUNCH BAG  BLACK SKULL.'}),0.0521803315920963,0.05297524415171474,0.010731319554848967,0.20565832426550598,3.882159064270194,1.0,0.007967053748840231,1.1922133570199647,0.7832833646647821,0.1136500300661455,0.16122395868841605,0.2041153357661935
frozenset({'LUNCH BAG  BLACK SKULL.'}),frozenset({'JUMBO STORAGE BAG SUKI'}),0.05297524415171474,0.0521803315920963,0.010731319554848967,0.20257234726688103,3.882159064270194,1.0,0.007967053748840231,1.1885964390115242,0.7839408361621923,0.1136500300661455,0.15867154975524522,0.2041153357661935
frozenset({'JUMBO STORAGE BAG SUKI'}),frozenset({'LUNCH BAG RED SPOTTY'}),0.0521803315920963,0.05377015671133318,0.010731319554848967,0.20565832426550598,3.824767061208122,1.0,0.00792557494789262,1.191212638331897,0.7792053634622378,0.11270125223613595,0.16051931634948044,0.20261796889093675
frozenset({'LUNCH BAG RED SPOTTY'}),frozenset({'JUMBO STORAGE BAG SUKI'}),0.05377015671133318,0.0521803315920963,0.010731319554848967,0.1995776135163675,3.824767061208122,1.0,0.00792557494789262,1.1841493746468137,0.7805145593924473,0.11270125223613595,0.15551194687894715,0.20261796889093675
frozenset({'LUNCH BAG SUKI  DESIGN '}),frozenset({'JUMBO BAG RED RETROSPOT'}),0.04945491710197593,0.05615489439018851,0.01039064274358392,0.21010332950631458,3.741496298549254,1.0,0.007613507096646935,1.1948969287589328,0.7708495519817679,0.10912343470483005,0.16310773261536501,0.19756935939420886
frozenset({'JUMBO BAG RED RETROSPOT'}),frozenset({'LUNCH BAG SUKI  DESIGN '}),0.05615489439018851,0.04945491710197593,0.01039064274358392,0.18503538928210314,3.741496298549254,1.0,0.007613507096646935,1.166363631496459,0.776321503322311,0.10912343470483005,0.1426344469288812,0.19756935939420886
frozenset({'LUNCH BAG RED SPOTTY'}),frozenset({'PACK OF 72 RETRO SPOT CAKE CASES'}),0.05377015671133318,0.056665909607086076,0.01039064274358392,0.19324181626187964,3.410195258521267,1.0,0.007343707903820662,1.1692897691126827,0.7469238727151405,0.10385925085130533,0.1447799968703638,0.18830427486440676
frozenset({'PACK OF 72 RETRO SPOT CAKE CASES'}),frozenset({'LUNCH BAG RED SPOTTY'}),0.056665909607086076,0.05377015671133318,0.01039064274358392,0.18336673346693388,3.410195258521267,1.0,0.007343707903820662,1.1586961761988828,0.7492167051160356,0.10385925085130533,0.13696099068824721,0.18830427486440676
"frozenset({'WOODEN FRAME ANTIQUE WHITE ', 'WOODEN PICTURE FRAME WHITE FINISH'})",frozenset({'WHITE HANGING HEART T-LIGHT HOLDER'}),0.030831251419486713,0.16579604814898932,0.015557574381103794,0.5046040515653776,3.0435227932087088,1.0,0.01044587473626498,1.6839135533646798,0.6927930559220136,0.08592035120727502,0.40614528697042135,0.29921983400186686
frozenset({'WHITE HANGING HEART T-LIGHT HOLDER'}),"frozenset({'WOODEN FRAME ANTIQUE WHITE ', 'WOODEN PICTURE FRAME WHITE FINISH'})",0.16579604814898932,0.030831251419486713,0.015557574381103794,0.09383561643835617,3.0435227932087088,1.0,0.01044587473626498,1.0695286265514357,0.8048791635946669,0.08592035120727502,0.06500866346665468,0.29921983400186686
frozenset({'60 TEATIME FAIRY CAKE CASES'}),frozenset({'STRAWBERRY CERAMIC TRINKET BOX'}),0.05802861685214626,0.07029298205768794,0.011980467862820804,0.20645792563600784,2.937105804766858,1.0,0.007901463339600439,1.171591334570953,0.7001579778830963,0.10297706198145438,0.14646005779292598,0.18844705651751925
frozenset({'STRAWBERRY CERAMIC TRINKET BOX'}),frozenset({'60 TEATIME FAIRY CAKE CASES'}),0.07029298205768794,0.05802861685214626,0.011980467862820804,0.1704361873990307,2.937105804766858,1.0,0.007901463339600439,1.135502017854959,0.7093942135752149,0.10297706198145438,0.11933225632740979,0.18844705651751925
frozenset({'WOODEN PICTURE FRAME WHITE FINISH'}),frozenset({'WHITE HANGING HEART T-LIGHT HOLDER'}),0.04502611855553032,0.16579604814898932,0.02151941857824211,0.4779319041614124,2.8826495534557517,1.0,0.014054266058247302,1.5978834150189651,0.6838898274520225,0.1136772645470906,0.37417211380961035,0.30386321235467884
frozenset({'WHITE HANGING HEART T-LIGHT HOLDER'}),frozenset({'WOODEN PICTURE FRAME WHITE FINISH'}),0.16579604814898932,0.04502611855553032,0.02151941857824211,0.1297945205479452,2.8826495534557517,1.0,0.014054266058247302,1.0974119377480722,0.782898380609554,0.1136772645470906,0.08876515226175224,0.30386321235467884
frozenset({'CREAM HEART CARD HOLDER'}),frozenset({'WHITE HANGING HEART T-LIGHT HOLDER'}),0.037758346581876,0.16579604814898932,0.01782875312287077,0.4721804511278195,2.8479596250901222,1.0,0.01156856847495583,1.5804718745895214,0.6743331307534655,0.09599510852950167,0.3672775731869832,0.289857348851581
frozenset({'WHITE HANGING HEART T-LIGHT HOLDER'}),frozenset({'CREAM HEART CARD HOLDER'}),0.16579604814898932,0.037758346581876,0.01782875312287077,0.10753424657534245,2.847959625090122,1.0,0.01156856847495583,1.0781832801154727,0.7778330769724326,0.09599510852950167,0.0725139051563658,0.289857348851581
frozenset({'WHITE HANGING HEART T-LIGHT HOLDER'}),frozenset({'METAL 4 HOOK HANGER FRENCH CHATEAU'}),0.16579604814898932,0.021349080172609586,0.010049965932318874,0.06061643835616439,2.839299766831828,1.0,0.006510372808084261,1.0418011979205177,0.7765492885170605,0.05674895799935878,0.04012396799308234,0.2656805596036141
frozenset({'METAL 4 HOOK HANGER FRENCH CHATEAU'}),frozenset({'WHITE HANGING HEART T-LIGHT HOLDER'}),0.021349080172609586,0.16579604814898932,0.010049965932318874,0.4707446808510638,2.8392997668318274,1.0,0.006510372808084261,1.5761843512360805,0.6619321273435052,0.05674895799935878,0.3655564469880844,0.2656805596036141
frozenset({'WOOD 2 DRAWER CABINET WHITE FINISH'}),frozenset({'WHITE HANGING HEART T-LIGHT HOLDER'}),0.03270497388144447,0.16579604814898932,0.015387235975471269,0.47048611111111105,2.8377402016742765,1.0,0.009964880551111863,1.5754146762825643,0.669503001674769,0.08403100775193798,0.3652464871282935,0.28164716514459665
frozenset({'WHITE HANGING HEART T-LIGHT HOLDER'}),frozenset({'WOOD 2 DRAWER CABINET WHITE FINISH'}),0.16579604814898932,0.03270497388144447,0.015387235975471269,0.09280821917808219,2.8377402016742765,1.0,0.009964880551111863,1.066251972920416,0.7763172567745279,0.08403100775193798,0.062135381319815886,0.28164716514459665
frozenset({'WHITE HANGING HEART T-LIGHT HOLDER'}),frozenset({'HEART IVORY TRELLIS LARGE'}),0.16579604814898932,0.026459232341585284,0.012207585736997501,0.07363013698630137,2.782776765241931,1.0,0.007820749577706732,1.0509201632393979,0.7679737113695793,0.06780195521917376,0.04845293203095414,0.2675017637721206
frozenset({'HEART IVORY TRELLIS LARGE'}),frozenset({'WHITE HANGING HEART T-LIGHT HOLDER'}),0.026459232341585284,0.16579604814898932,0.012207585736997501,0.46137339055793986,2.7827767652419304,1.0,0.007820749577706732,1.5487611217632307,0.658058425722726,0.06780195521917376,0.35432263507394746,0.2675017637721206
frozenset({'HEART FILIGREE DOVE LARGE'}),frozenset({'WHITE HANGING HEART T-LIGHT HOLDER'}),0.023166023166023165,0.16579604814898932,0.010674540086304793,0.4607843137254902,2.7792237442922376,1.0,0.006833704994050214,1.547069147069147,0.6553696072659995,0.05987261146496815,0.3536164806243761,0.2625839376846629
frozenset({'WHITE HANGING HEART T-LIGHT HOLDER'}),frozenset({'HEART FILIGREE DOVE LARGE'}),0.16579604814898932,0.023166023166023165,0.010674540086304793,0.06438356164383562,2.7792237442922376,1.0,0.006833704994050214,1.0440538844638405,0.7674230005039652,0.05987261146496815,0.04219502950890682,0.2625839376846629
frozenset({'WHITE HANGING HEART T-LIGHT HOLDER'}),frozenset({'CREAM CUPID HEARTS COAT HANGER'}),0.16579604814898932,0.027878719055189644,0.0124347036111742,0.07500000000000001,2.6902240325865585,1.0,0.00781252216436783,1.0509419253457408,0.7531536437063253,0.06860902255639098,0.04847263594416216,0.2605142566191446
frozenset({'CREAM CUPID HEARTS COAT HANGER'}),frozenset({'WHITE HANGING HEART T-LIGHT HOLDER'}),0.027878719055189644,0.16579604814898932,0.0124347036111742,0.4460285132382892,2.690224032586558,1.0,0.00781252216436783,1.505860810142817,0.6463018125888286,0.06860902255639098,0.3359279999423325,0.2605142566191446
frozenset({'WOODEN FRAME ANTIQUE WHITE '}),frozenset({'WHITE HANGING HEART T-LIGHT HOLDER'}),0.05564387917329094,0.16579604814898932,0.02475584828526005,0.4448979591836735,2.6834050880626226,1.0,0.01553031301464856,1.5027938838492472,0.664303586321935,0.12586605080831406,0.334572750962623,0.2971065138384121
frozenset({'WHITE HANGING HEART T-LIGHT HOLDER'}),frozenset({'WOODEN FRAME ANTIQUE WHITE '}),0.16579604814898932,0.05564387917329094,0.02475584828526005,0.14931506849315068,2.683405088062622,1.0,0.01553031301464856,1.110112670214972,0.7520213209710334,0.12586605080831406,0.09919053549190535,0.2971065138384121
frozenset({'HOME BUILDING BLOCK WORD'}),frozenset({'ASSORTED COLOUR BIRD ORNAMENT'}),0.06455825573472632,0.07154213036565978,0.012150806268453327,0.18821459982409852,2.6308218508746215,1.0,0.0075321711204999345,1.1437232911963648,0.662671564108746,0.09803023362345396,0.12566264261876364,0.1790279348326842
frozenset({'ASSORTED COLOUR BIRD ORNAMENT'}),frozenset({'HOME BUILDING BLOCK WORD'}),0.07154213036565978,0.06455825573472632,0.012150806268453327,0.16984126984126985,2.6308218508746215,1.0,0.0075321711204999345,1.1268227512182074,0.6676561899884779,0.09803023362345396,0.11254897993592987,0.1790279348326842
frozenset({'WOOD S/3 CABINET ANT WHITE FINISH'}),frozenset({'WHITE HANGING HEART T-LIGHT HOLDER'}),0.03713377242789007,0.16579604814898932,0.016125369066545537,0.4342507645259939,2.6191864605588373,1.0,0.009968736345137463,1.4745118500285432,0.6420435574883432,0.08632218844984803,0.3218094517309968,0.26575551924929836
frozenset({'WHITE HANGING HEART T-LIGHT HOLDER'}),frozenset({'WOOD S/3 CABINET ANT WHITE FINISH'}),0.16579604814898932,0.03713377242789007,0.016125369066545537,0.09726027397260274,2.6191864605588373,1.0,0.009968736345137463,1.0666044706033995,0.7410682444791263,0.08632218844984803,0.06244533230366078,0.26575551924929836
frozenset({'HEART IVORY TRELLIS SMALL'}),frozenset({'WHITE HANGING HEART T-LIGHT HOLDER'}),0.024074494662729956,0.16579604814898932,0.01039064274358392,0.4316037735849057,2.603221116567589,1.0,0.006399186667319358,1.4676451269080022,0.6310527995767793,0.0578930718127175,0.3186363776461584,0.24713750323080902
frozenset({'WHITE HANGING HEART T-LIGHT HOLDER'}),frozenset({'HEART IVORY TRELLIS SMALL'}),0.16579604814898932,0.024074494662729956,0.01039064274358392,0.06267123287671234,2.603221116567589,1.0,0.006399186667319358,1.0411773750766637,0.7382613339998423,0.0578930718127175,0.03954885695977761,0.24713750323080902
frozenset({'WHITE HANGING HEART T-LIGHT HOLDER'}),frozenset({'HEART FILIGREE DOVE  SMALL'}),0.16579604814898932,0.02589143765614354,0.01090165796048149,0.06575342465753425,2.5395818312905556,1.0,0.0066089599161969605,1.0426675227434241,0.726722025592159,0.06030150753768844,0.040921503559599746,0.2434030281182408
frozenset({'HEART FILIGREE DOVE  SMALL'}),frozenset({'WHITE HANGING HEART T-LIGHT HOLDER'}),0.02589143765614354,0.16579604814898932,0.01090165796048149,0.42105263157894735,2.539581831290555,1.0,0.0066089599161969605,1.440897735015382,0.6223478666355794,0.06030150753768844,0.3059882213019617,0.2434030281182408
frozenset({'ZINC METAL HEART DECORATION'}),frozenset({'WHITE HANGING HEART T-LIGHT HOLDER'}),0.04315239609357256,0.16579604814898932,0.017488076311605722,0.4052631578947368,2.4443475126171594,1.0,0.010333579571131506,1.402643812846832,0.617541252955447,0.09134045077105576,0.2870606273374697,0.2553713049747657
frozenset({'WHITE HANGING HEART T-LIGHT HOLDER'}),frozenset({'ZINC METAL HEART DECORATION'}),0.16579604814898932,0.04315239609357256,0.017488076311605722,0.10547945205479452,2.4443475126171594,1.0,0.010333579571131506,1.0696764944130046,0.7083314181054446,0.09134045077105576,0.06513791298297182,0.2553713049747657
"frozenset({'HEART OF WICKER LARGE', 'HEART OF WICKER SMALL'})",frozenset({'WHITE HANGING HEART T-LIGHT HOLDER'}),0.02759482171246877,0.16579604814898932,0.011128775834658187,0.40329218106995884,2.4324595523986696,1.0,0.006553663445354938,1.3980107606882455,0.6056050354276943,0.06105919003115264,0.2846979235641244,0.23520773437059586
frozenset({'WHITE HANGING HEART T-LIGHT HOLDER'}),"frozenset({'HEART OF WICKER LARGE', 'HEART OF WICKER SMALL'})",0.16579604814898932,0.02759482171246877,0.011128775834658187,0.06712328767123288,2.4324595523986696,1.0,0.006553663445354938,1.0423726580762083,0.7059346472049206,0.06105919003115264,0.04065020100816031,0.23520773437059586
frozenset({'LOVE BUILDING BLOCK WORD'}),frozenset({'WHITE HANGING HEART T-LIGHT HOLDER'}),0.05286168521462639,0.16579604814898932,0.020724506018623665,0.3920515574650913,2.3646616541353382,1.0,0.011960247511542751,1.3721623306948605,0.6093159882501049,0.10470453241537579,0.27122325279575193,0.2585257787325457
frozenset({'WHITE HANGING HEART T-LIGHT HOLDER'}),frozenset({'LOVE BUILDING BLOCK WORD'}),0.16579604814898932,0.05286168521462639,0.020724506018623665,0.125,2.3646616541353382,1.0,0.011960247511542751,1.0824437883261413,0.6918050639803975,0.10470453241537579,0.07616449853126311,0.2585257787325457
frozenset({'HEART OF WICKER LARGE'}),frozenset({'WHITE HANGING HEART T-LIGHT HOLDER'}),0.05592777651601181,0.16579604814898932,0.021405859641153758,0.38274111675126904,2.3085056671997775,1.0,0.01213325531303915,1.3514652838375751,0.6003982847878214,0.106859410430839,0.2600623841698442,0.25592535289618246
frozenset({'WHITE HANGING HEART T-LIGHT HOLDER'}),frozenset({'HEART OF WICKER LARGE'}),0.16579604814898932,0.05592777651601181,0.021405859641153758,0.12910958904109587,2.3085056671997775,1.0,0.01213325531303915,1.0840310234263646,0.6794733379503886,0.106859410430839,0.07751717580993449,0.25592535289618246
frozenset({'HEART OF WICKER SMALL'}),frozenset({'WHITE HANGING HEART T-LIGHT HOLDER'}),0.048660004542357485,0.16579604814898932,0.017771973654326596,0.3652275379229872,2.202872396540976,1.0,0.009704337198291856,1.314177916794699,0.5739769636263268,0.09035796766743648,0.23906802327114415,0.2362096593724525
frozenset({'WHITE HANGING HEART T-LIGHT HOLDER'}),frozenset({'HEART OF WICKER SMALL'}),0.16579604814898932,0.048660004542357485,0.017771973654326596,0.10719178082191781,2.202872396540976,1.0,0.009704337198291856,1.0655591817170373,0.6545728304900017,0.09035796766743648,0.06152561288186312,0.2362096593724525
"frozenset({'HOME BUILDING BLOCK WORD', 'LOVE BUILDING BLOCK WORD'})",frozenset({'WHITE HANGING HEART T-LIGHT HOLDER'}),0.029127867363161482,0.16579604814898932,0.010163524869407222,0.3489278752436647,2.1045608694491174,1.0,0.005334239569587126,1.2812773272442168,0.5405876589208882,0.05500921942224954,0.2195288414641589,0.2051146225533392
frozenset({'WHITE HANGING HEART T-LIGHT HOLDER'}),"frozenset({'HOME BUILDING BLOCK WORD', 'LOVE BUILDING BLOCK WORD'})",0.16579604814898932,0.029127867363161482,0.010163524869407222,0.0613013698630137,2.1045608694491174,1.0,0.005334239569587126,1.0342745812840455,0.6291524897827571,0.05500921942224954,0.033138764022890066,0.2051146225533392
frozenset({'WHITE HANGING HEART T-LIGHT HOLDER'}),frozenset({'HANGING HEART ZINC T-LIGHT HOLDER'}),0.16579604814898932,0.03957528957528957,0.013740631387690211,0.08287671232876713,2.0941530237220185,1.0,0.007179204771755306,1.04721439672896,0.6263216277819154,0.0717037037037037,0.045085702485027884,0.21503950394056723
frozenset({'HANGING HEART ZINC T-LIGHT HOLDER'}),frozenset({'WHITE HANGING HEART T-LIGHT HOLDER'}),0.03957528957528957,0.16579604814898932,0.013740631387690211,0.3472022955523673,2.094153023722018,1.0,0.007179204771755306,1.2778904493190206,0.5440093027119067,0.0717037037037037,0.2174603069199764,0.21503950394056723
frozenset({'HAND OVER THE CHOCOLATE   SIGN '}),frozenset({'WHITE HANGING HEART T-LIGHT HOLDER'}),0.04014308426073132,0.16579604814898932,0.013627072450601862,0.3394625176803394,2.047470500474705,1.0,0.0069715077196607165,1.2629169035517442,0.5329882677708765,0.07085916740478299,0.20818226663395983,0.2108271492511286
frozenset({'WHITE HANGING HEART T-LIGHT HOLDER'}),frozenset({'HAND OVER THE CHOCOLATE   SIGN '}),0.16579604814898932,0.04014308426073132,0.013627072450601862,0.0821917808219178,2.047470500474705,1.0,0.0069715077196607165,1.0458142514771136,0.6132702604592069,0.07085916740478299,0.043807254885277515,0.2108271492511286
frozenset({'HOME BUILDING BLOCK WORD'}),frozenset({'WHITE HANGING HEART T-LIGHT HOLDER'}),0.06455825573472632,0.16579604814898932,0.021860095389507155,0.33861037818821466,2.0423308152913826,1.0,0.011156591713297704,1.26128975166835,0.5455854009420018,0.10484749455337691,0.20716076644778358,0.2352298466283539
frozenset({'WHITE HANGING HEART T-LIGHT HOLDER'}),frozenset({'HOME BUILDING BLOCK WORD'}),0.16579604814898932,0.06455825573472632,0.021860095389507155,0.13184931506849315,2.042330815291382,1.0,0.011156591713297704,1.0775108060175935,0.6117968609120257,0.10484749455337691,0.07193506142557217,0.2352298466283539
frozenset({'COOK WITH WINE METAL SIGN '}),frozenset({'WHITE HANGING HEART T-LIGHT HOLDER'}),0.033954122189416305,0.16579604814898932,0.01141267317737906,0.33612040133779264,2.0273125028634262,1.0,0.005783213900005927,1.2565591012768373,0.5245466566310333,0.06059692493216762,0.20417591263008467,0.2024780088880744
frozenset({'WHITE HANGING HEART T-LIGHT HOLDER'}),frozenset({'COOK WITH WINE METAL SIGN '}),0.16579604814898932,0.033954122189416305,0.01141267317737906,0.06883561643835616,2.027312502863426,1.0,0.005783213900005927,1.0374600820915425,0.6074487350885107,0.06059692493216762,0.036107492459875906,0.2024780088880744
frozenset({'NATURAL SLATE HEART CHALKBOARD '}),frozenset({'WHITE HANGING HEART T-LIGHT HOLDER'}),0.03832614126731774,0.16579604814898932,0.012605042016806723,0.3288888888888889,1.983695585996956,1.0,0.006250719253885545,1.2430191335528304,0.5156533991628754,0.06581678031426032,0.19550715430922347,0.20245814307458143
frozenset({'WHITE HANGING HEART T-LIGHT HOLDER'}),frozenset({'NATURAL SLATE HEART CHALKBOARD '}),0.16579604814898932,0.03832614126731774,0.012605042016806723,0.07602739726027398,1.983695585996956,1.0,0.006250719253885545,1.0408034349516058,0.5944474286429091,0.06581678031426032,0.03920378582676656,0.20245814307458143
frozenset({'GIN + TONIC DIET METAL SIGN'}),frozenset({'WHITE HANGING HEART T-LIGHT HOLDER'}),0.04099477628889393,0.16579604814898932,0.013456734044969339,0.3282548476454294,1.9798713618942818,1.0,0.006659962141518834,1.241845882961711,0.516072976544681,0.06960352422907488,0.1947470988790704,0.20470961560353662
frozenset({'WHITE HANGING HEART T-LIGHT HOLDER'}),frozenset({'GIN + TONIC DIET METAL SIGN'}),0.16579604814898932,0.04099477628889393,0.013456734044969339,0.08116438356164384,1.9798713618942816,1.0,0.006659962141518834,1.0437179475350091,0.5932801915218937,0.06960352422907488,0.04188674501407171,0.20470961560353662
frozenset({'PLEASE ONE PERSON METAL SIGN'}),frozenset({'WHITE HANGING HEART T-LIGHT HOLDER'}),0.04014308426073132,0.16579604814898932,0.013059277765160119,0.32531824611032534,1.9621592296215924,1.0,0.006403713034218973,1.2364406581942653,0.5108650643622289,0.06770680011775096,0.19122685478458004,0.20204268469899828
frozenset({'WHITE HANGING HEART T-LIGHT HOLDER'}),frozenset({'PLEASE ONE PERSON METAL SIGN'}),0.16579604814898932,0.04014308426073132,0.013059277765160119,0.07876712328767124,1.9621592296215924,1.0,0.006403713034218973,1.0419264661556373,0.5878147231856438,0.06770680011775096,0.04023937150798378,0.20204268469899828
frozenset({'VICTORIAN GLASS HANGING T-LIGHT'}),frozenset({'WHITE HANGING HEART T-LIGHT HOLDER'}),0.03531682943447649,0.16579604814898932,0.011242334771746536,0.31832797427652737,1.9199973571774658,1.0,0.005386944018358429,1.223761457668228,0.4967081051836791,0.059210526315789484,0.1828472830763817,0.1930680967273048
frozenset({'WHITE HANGING HEART T-LIGHT HOLDER'}),frozenset({'VICTORIAN GLASS HANGING T-LIGHT'}),0.16579604814898932,0.03531682943447649,0.011242334771746536,0.06780821917808219,1.9199973571774656,1.0,0.005386944018358429,1.0348548339644852,0.5743990407753,0.059210526315789484,0.03368089206382481,0.1930680967273048
frozenset({'NO SINGING METAL SIGN'}),frozenset({'WHITE HANGING HEART T-LIGHT HOLDER'}),0.032932091755621166,0.16579604814898932,0.01039064274358392,0.31551724137931036,1.9030444024563062,1.0,0.0049306320732220195,1.2187362520745244,0.4906854856303917,0.055170334639734704,0.179477923711708,0.18909423712801135
frozenset({'WHITE HANGING HEART T-LIGHT HOLDER'}),frozenset({'NO SINGING METAL SIGN'}),0.16579604814898932,0.032932091755621166,0.01039064274358392,0.06267123287671234,1.9030444024563062,1.0,0.0049306320732220195,1.031727545514646,0.5688371352611511,0.055170334639734704,0.030751864339164964,0.18909423712801135
frozenset({'ASSORTED COLOUR BIRD ORNAMENT'}),frozenset({'WHITE HANGING HEART T-LIGHT HOLDER'}),0.07154213036565978,0.16579604814898932,0.02151941857824211,0.30079365079365084,1.81423896499239,1.0,0.009658016087455909,1.1930726212625125,0.4833872483464055,0.09971060247303341,0.1618280545724053,0.21529408567079802
frozenset({'WHITE HANGING HEART T-LIGHT HOLDER'}),frozenset({'ASSORTED COLOUR BIRD ORNAMENT'}),0.16579604814898932,0.07154213036565978,0.02151941857824211,0.1297945205479452,1.8142389649923898,1.0,0.009658016087455909,1.0669409599890882,0.5380035587367562,0.09971060247303341,0.06274101613811223,0.21529408567079802
frozenset({'VINTAGE UNION JACK BUNTING'}),frozenset({'WHITE HANGING HEART T-LIGHT HOLDER'}),0.041505791505791506,0.16579604814898932,0.012094026799909154,0.29138166894664846,1.757470532016566,1.0,0.005212530592953033,1.177226040160403,0.4496640804883008,0.06195462478184992,0.15054546375499406,0.18216343721305026
frozenset({'WHITE HANGING HEART T-LIGHT HOLDER'}),frozenset({'VINTAGE UNION JACK BUNTING'}),0.16579604814898932,0.041505791505791506,0.012094026799909154,0.07294520547945206,1.757470532016566,1.0,0.005212530592953033,1.0339132208360136,0.5166607230277025,0.06195462478184992,0.032800838747947966,0.18216343721305026
frozenset({'RED WOOLLY HOTTIE WHITE HEART.'}),frozenset({'WHITE HANGING HEART T-LIGHT HOLDER'}),0.038780377015671136,0.16579604814898932,0.011185555303202362,0.2884333821376281,1.7396879199342143,1.0,0.004755922048276192,1.1723483520869142,0.4423383057277438,0.05783910745742807,0.14701121196623373,0.17794956778114282
frozenset({'WHITE HANGING HEART T-LIGHT HOLDER'}),frozenset({'RED WOOLLY HOTTIE WHITE HEART.'}),0.16579604814898932,0.038780377015671136,0.011185555303202362,0.06746575342465753,1.7396879199342143,1.0,0.004755922048276192,1.0307606680551746,0.5096886181367393,0.05783910745742807,0.029842687064508742,0.17794956778114282
frozenset({'WHITE HANGING HEART T-LIGHT HOLDER'}),frozenset({'STRAWBERRY CERAMIC TRINKET BOX'}),0.16579604814898932,0.07029298205768794,0.019021121962298434,0.11472602739726029,1.6321121118905881,1.0,0.007366823324525961,1.0501912929947974,0.4642713467782243,0.08762751765629088,0.04779252439969148,0.19266188284241043
frozenset({'STRAWBERRY CERAMIC TRINKET BOX'}),frozenset({'WHITE HANGING HEART T-LIGHT HOLDER'}),0.07029298205768794,0.16579604814898932,0.019021121962298434,0.27059773828756056,1.632112111890588,1.0,0.007366823324525961,1.1436816084070336,0.4165796156629823,0.08762751765629088,0.1256307763899072,0.19266188284241043
frozenset({'LUNCH BAG WOODLAND'}),frozenset({'WHITE HANGING HEART T-LIGHT HOLDER'}),0.03843970020440609,0.16579604814898932,0.010277083806495571,0.2673559822747415,1.6125594382954613,1.0,0.003903933420573144,1.1386211197643836,0.3950535603306108,0.05298594847775175,0.12174472909220986,0.16467114182230225
frozenset({'WHITE HANGING HEART T-LIGHT HOLDER'}),frozenset({'LUNCH BAG WOODLAND'}),0.16579604814898932,0.03843970020440609,0.010277083806495571,0.061986301369863016,1.6125594382954613,1.0,0.003903933420573144,1.0251026197163688,0.45536564417362463,0.05298594847775175,0.024487909047890607,0.16467114182230225
frozenset({'WHITE HANGING HEART T-LIGHT HOLDER'}),frozenset({'SWEETHEART CERAMIC TRINKET BOX'}),0.16579604814898932,0.043379513967749264,0.011583011583011582,0.06986301369863014,1.6105070644767985,1.0,0.0043908595965348705,1.0284726874868086,0.4544183042125099,0.058620689655172406,0.02768443715932301,0.1684393602524564
frozenset({'SWEETHEART CERAMIC TRINKET BOX'}),frozenset({'WHITE HANGING HEART T-LIGHT HOLDER'}),0.043379513967749264,0.16579604814898932,0.011583011583011582,0.26701570680628267,1.610507064476798,1.0,0.0043908595965348705,1.1380925343110215,0.39626743384913315,0.058620689655172406,0.12133682468501568,0.1684393602524564
frozenset({'WHITE HANGING HEART T-LIGHT HOLDER'}),frozenset({'SCOTTIE DOG HOT WATER BOTTLE'}),0.16579604814898932,0.046672723143311376,0.0124347036111742,0.07500000000000001,1.6069343065693433,1.0,0.004696550557661299,1.030624083088312,0.452763408657773,0.06216292932160092,0.029714115544967258,0.1707116788321168
frozenset({'SCOTTIE DOG HOT WATER BOTTLE'}),frozenset({'WHITE HANGING HEART T-LIGHT HOLDER'}),0.046672723143311376,0.16579604814898932,0.0124347036111742,0.2664233576642336,1.606934306569343,1.0,0.004696550557661299,1.1371735463043628,0.39618820726623,0.06216292932160092,0.1206267475621074,0.1707116788321168
frozenset({'LUNCH BAG PINK RETROSPOT'}),frozenset({'WHITE HANGING HEART T-LIGHT HOLDER'}),0.03821258233022939,0.16579604814898932,0.010106745400863048,0.26448736998514116,1.5952573836227075,1.0,0.003771250260943118,1.1341803224156164,0.38796713388623166,0.05212298682284041,0.11830598694379976,0.1627231370473651
frozenset({'WHITE HANGING HEART T-LIGHT HOLDER'}),frozenset({'LUNCH BAG PINK RETROSPOT'}),0.16579604814898932,0.03821258233022939,0.010106745400863048,0.06095890410958904,1.5952573836227075,1.0,0.003771250260943118,1.02422292472492,0.4473029731077373,0.05212298682284041,0.023650051312242883,0.1627231370473651
frozenset({'REX CASH+CARRY JUMBO SHOPPER'}),frozenset({'WHITE HANGING HEART T-LIGHT HOLDER'}),0.058823529411764705,0.16579604814898932,0.015387235975471269,0.26158301158301156,1.577739726027397,1.0,0.005634527260824838,1.1297193387158786,0.3890682656826568,0.07354138398914518,0.11482439422815134,0.17719561538054687
frozenset({'WHITE HANGING HEART T-LIGHT HOLDER'}),frozenset({'REX CASH+CARRY JUMBO SHOPPER'}),0.16579604814898932,0.058823529411764705,0.015387235975471269,0.09280821917808219,1.577739726027397,1.0,0.005634527260824838,1.0374614171829546,0.43895967682791437,0.07354138398914518,0.036108732876712325,0.17719561538054687
frozenset({'60 TEATIME FAIRY CAKE CASES'}),frozenset({'WHITE HANGING HEART T-LIGHT HOLDER'}),0.05802861685214626,0.16579604814898932,0.015160118101294572,0.26125244618395305,1.5757459185588292,1.0,0.005539202747656877,1.1292138262142157,0.38788855702523745,0.0726530612244898,0.114428129743519,0.1763454011741683
frozenset({'WHITE HANGING HEART T-LIGHT HOLDER'}),frozenset({'60 TEATIME FAIRY CAKE CASES'}),0.16579604814898932,0.05802861685214626,0.015160118101294572,0.09143835616438356,1.5757459185588292,1.0,0.005539202747656877,1.036772121670461,0.43799830935534234,0.0726530612244898,0.035467892029362465,0.1763454011741683
frozenset({'LUNCH BAG CARS BLUE'}),frozenset({'WHITE HANGING HEART T-LIGHT HOLDER'}),0.043663411310470135,0.16579604814898932,0.010844878491937316,0.2483745123537061,1.4980725724566686,1.0,0.0036056574479574844,1.1098665034142339,0.347655418240461,0.054602630074328196,0.09899073724295344,0.15689273562890785
frozenset({'WHITE HANGING HEART T-LIGHT HOLDER'}),frozenset({'LUNCH BAG CARS BLUE'}),0.16579604814898932,0.043663411310470135,0.010844878491937316,0.0654109589041096,1.4980725724566686,1.0,0.0036056574479574844,1.0232696368535827,0.3985543295279121,0.054602630074328196,0.02274047427531783,0.15689273562890785
frozenset({'CHOCOLATE HOT WATER BOTTLE'}),frozenset({'WHITE HANGING HEART T-LIGHT HOLDER'}),0.04372019077901431,0.16579604814898932,0.010674540086304793,0.24415584415584415,1.4726276463262764,1.0,0.003425905230824337,1.1036718950606155,0.335614863550344,0.05368360936607653,0.09393361879068386,0.15426970289983988
frozenset({'WHITE HANGING HEART T-LIGHT HOLDER'}),frozenset({'CHOCOLATE HOT WATER BOTTLE'}),0.16579604814898932,0.04372019077901431,0.010674540086304793,0.06438356164383562,1.4726276463262764,1.0,0.003425905230824337,1.022085301217159,0.384728119515035,0.05368360936607653,0.02160808025598105,0.15426970289983988
frozenset({'LUNCH BAG RED SPOTTY'}),frozenset({'WHITE HANGING HEART T-LIGHT HOLDER'}),0.05377015671133318,0.16579604814898932,0.013059277765160119,0.24287222808870118,1.4648855072254128,1.0,0.004144398274069221,1.1018007564894103,0.33538658213647454,0.06323893318669234,0.09239488708808911,0.16081967568818623
frozenset({'WHITE HANGING HEART T-LIGHT HOLDER'}),frozenset({'LUNCH BAG RED SPOTTY'}),0.16579604814898932,0.05377015671133318,0.013059277765160119,0.07876712328767124,1.4648855072254128,1.0,0.004144398274069221,1.0271342536813781,0.38042590466269727,0.06323893318669234,0.026417436264174376,0.16081967568818623
frozenset({'LUNCH BAG  BLACK SKULL.'}),frozenset({'WHITE HANGING HEART T-LIGHT HOLDER'}),0.05297524415171474,0.16579604814898932,0.01283215989098342,0.24222936763129688,1.4610080899734248,1.0,0.004049073760901257,1.1008660354695798,0.33319202197453524,0.06231044940722359,0.09162425964622928,0.15981331395263473
frozenset({'WHITE HANGING HEART T-LIGHT HOLDER'}),frozenset({'LUNCH BAG  BLACK SKULL.'}),0.16579604814898932,0.05297524415171474,0.01283215989098342,0.0773972602739726,1.4610080899734248,1.0,0.004049073760901257,1.0264707821369685,0.3782541338492562,0.06231044940722359,0.025788149645974305,0.15981331395263473
frozenset({'LUNCH BAG SUKI  DESIGN '}),frozenset({'WHITE HANGING HEART T-LIGHT HOLDER'}),0.04945491710197593,0.16579604814898932,0.011866908925732455,0.23995407577497127,1.4472846515578062,1.0,0.0036674791086889775,1.097570456287357,0.3251302063609696,0.05834729201563372,0.08889675895377035,0.15576470912036233
frozenset({'WHITE HANGING HEART T-LIGHT HOLDER'}),frozenset({'LUNCH BAG SUKI  DESIGN '}),0.16579604814898932,0.04945491710197593,0.011866908925732455,0.07157534246575342,1.4472846515578062,1.0,0.0036674791086889775,1.0238257624722356,0.3704740528647558,0.05834729201563372,0.02327130586624749,0.15576470912036233
frozenset({'JUMBO BAG STRAWBERRY'}),frozenset({'WHITE HANGING HEART T-LIGHT HOLDER'}),0.047637974108562346,0.16579604814898932,0.011355893708834885,0.23837902264600713,1.437784707822424,1.0,0.0034577058598113768,1.095300650395928,0.31971621057652183,0.05619556055071649,0.08700866776759308,0.15343608666546932
frozenset({'WHITE HANGING HEART T-LIGHT HOLDER'}),frozenset({'JUMBO BAG STRAWBERRY'}),0.16579604814898932,0.047637974108562346,0.011355893708834885,0.0684931506849315,1.4377847078224237,1.0,0.0034577058598113768,1.0223886454422788,0.3650013612850531,0.05619556055071649,0.02189837058743299,0.15343608666546932
frozenset({'HOT WATER BOTTLE TEA AND SYMPATHY'}),frozenset({'WHITE HANGING HEART T-LIGHT HOLDER'}),0.04457188280717692,0.16579604814898932,0.010106745400863048,0.2267515923566879,1.3676537823924615,1.0,0.0027169033728732337,1.0788304813888687,0.2813616158621478,0.05046781967677913,0.07307031340770401,0.14385524823313847
frozenset({'WHITE HANGING HEART T-LIGHT HOLDER'}),frozenset({'HOT WATER BOTTLE TEA AND SYMPATHY'}),0.16579604814898932,0.04457188280717692,0.010106745400863048,0.06095890410958904,1.3676537823924615,1.0,0.0027169033728732337,1.0174508031375067,0.32224829227554863,0.05046781967677913,0.01715149576145969,0.14385524823313847
frozenset({'PACK OF 72 RETRO SPOT CAKE CASES'}),frozenset({'WHITE HANGING HEART T-LIGHT HOLDER'}),0.056665909607086076,0.16579604814898932,0.012037247331364978,0.2124248496993988,1.2812419359266478,1.0,0.002642263453742258,1.05920552665052,0.23269304587401848,0.05720453318942255,0.055896164777144805,0.14251379471271308
frozenset({'WHITE HANGING HEART T-LIGHT HOLDER'}),frozenset({'PACK OF 72 RETRO SPOT CAKE CASES'}),0.16579604814898932,0.056665909607086076,0.012037247331364978,0.07260273972602739,1.2812419359266478,1.0,0.002642263453742258,1.0171844696998924,0.26313383229995524,0.05720453318942255,0.016894152645647913,0.14251379471271308
frozenset({'JUMBO STORAGE BAG SUKI'}),frozenset({'WHITE HANGING HEART T-LIGHT HOLDER'}),0.0521803315920963,0.16579604814898932,0.010447422212128094,0.2002176278563656,1.2076139937692847,1.0,0.001796129443054668,1.043038682654529,0.18138558468923455,0.05034199726402189,0.04126278667344888,0.1316156632432513
frozenset({'WHITE HANGING HEART T-LIGHT HOLDER'}),frozenset({'JUMBO STORAGE BAG SUKI'}),0.16579604814898932,0.0521803315920963,0.010447422212128094,0.06301369863013699,1.2076139937692847,1.0,0.001796129443054668,1.0115619268096048,0.20608967909184533,0.05034199726402189,0.011429776569458617,0.1316156632432513
frozenset({'WHITE HANGING HEART T-LIGHT HOLDER'}),frozenset({'JUMBO BAG RED RETROSPOT'}),0.16579604814898932,0.05615489439018851,0.01090165796048149,0.06575342465753425,1.1709295400085877,1.0,0.0015913983863643857,1.0102740866497981,0.1749903575642073,0.0516545601291364,0.010169603264663011,0.12994445752593597
frozenset({'JUMBO BAG RED RETROSPOT'}),frozenset({'WHITE HANGING HEART T-LIGHT HOLDER'}),0.05615489439018851,0.16579604814898932,0.01090165796048149,0.1941354903943377,1.1709295400085875,1.0,0.0015913983863643857,1.0351665098878917,0.1546627163167499,0.0516545601291364,0.03397183888000786,0.12994445752593597
