Customer ID,recency,frequency,monetary,tenure,avg_order_value
12346,166,11,372.86,362,33.89636363636364
12347,4,2,1323.32,41,661.66
12348,75,1,222.16,75,222.16
12349,44,3,2671.1400000000003,226,890.3800000000001
12351,12,1,300.93,12,300.93
12352,12,2,343.79999999999995,29,171.89999999999998
12353,45,1,317.75999999999993,45,317.75999999999993
12355,204,1,488.21,204,488.21
12356,17,3,3562.2499999999995,61,1187.4166666666665
12357,25,2,12079.990000000002,25,6039.995000000001
12358,12,3,2719.01,368,906.3366666666667
12359,62,6,2563.36,371,427.2266666666667
12360,16,5,1590.83,292,318.166
12361,99,3,321.35,319,107.11666666666667
12362,375,1,130.0,375,130.0
12366,270,1,500.24,270,500.24
12368,265,1,917.6999999999999,265,917.6999999999999
12369,50,3,1791.1499999999999,278,597.05
12370,261,3,774.62,305,258.20666666666665
12371,46,3,2179.42,282,726.4733333333334
12373,261,2,763.0500000000001,310,381.52500000000003
12374,58,3,2246.29,225,748.7633333333333
12376,26,2,503.15,54,251.575
12377,18,2,1798.2,226,899.1
12378,199,1,1407.7,199,1407.7
12379,59,2,767.98,171,383.99
12380,102,7,6951.49,299,993.0699999999999
12385,16,1,1938.3999999999999,16,1938.3999999999999
12386,3,1,258.90000000000003,3,258.90000000000003
12387,52,1,143.94,52,143.94
12388,82,2,1120.45,219,560.225
12389,39,3,1433.33,292,477.77666666666664
12391,101,5,2312.53,299,462.50600000000003
12392,228,1,234.75000000000003,228,234.75000000000003
12393,19,2,816.8500000000001,65,408.42500000000007
12395,8,4,2048.6400000000003,239,512.1600000000001
12396,311,1,931.4300000000001,311,931.4300000000001
12399,22,3,853.6499999999999,281,284.54999999999995
12400,51,1,205.25,51,205.25
12402,29,5,1031.3000000000002,307,206.26000000000005
12403,158,1,591.6600000000001,158,591.6600000000001
12404,319,1,63.24,319,63.24
12406,36,3,2975.0599999999995,334,991.6866666666665
12408,22,3,1452.2199999999998,135,484.07333333333327
12409,57,4,12346.619999999999,202,3086.6549999999997
12410,139,1,320.38,139,320.38
12411,46,1,346.90000000000003,46,346.90000000000003
12412,39,3,1370.0500000000002,176,456.6833333333334
12413,39,1,241.35,39,241.35
12414,100,3,390.0,100,130.0
12415,12,7,19543.84,164,2791.977142857143
12416,293,1,202.56,293,202.56
12417,47,11,3167.8100000000004,370,287.9827272727273
12418,50,3,1352.62,267,450.8733333333333
12419,22,2,503.01,50,251.505
12421,52,2,291.56,142,145.78
12422,31,14,4428.24,358,316.30285714285714
12423,24,2,763.0799999999999,102,381.53999999999996
12424,59,2,1579.0700000000006,185,789.5350000000003
12425,85,1,964.21,85,964.21
12426,299,1,762.4800000000002,299,762.4800000000002
12427,8,1,303.5,8,303.5
12429,2,5,3735.5099999999998,183,747.102
12431,10,13,4370.52,330,336.1938461538462
12433,3,5,7205.389999999999,113,1441.078
12434,18,1,297.29,18,297.29
12435,33,4,6096.040000000001,374,1524.0100000000002
12437,32,21,7731.99,374,368.19
12439,319,2,1158.18,362,579.09
12440,99,2,859.1999999999999,354,429.59999999999997
12441,3,1,173.55,3,173.55
12443,369,1,485.31,369,485.31
12445,57,1,301.58000000000004,57,301.58000000000004
12449,47,2,768.6,75,384.3
12450,36,3,490.32,111,163.44
12451,100,3,3634.36,166,1211.4533333333334
12454,32,4,13151.439999999999,58,3287.8599999999997
12455,82,4,3413.09,358,853.2725
12457,72,1,632.68,72,632.68
12458,64,2,830.09,124,415.045
12459,242,1,454.3599999999999,242,454.3599999999999
12460,93,1,326.65000000000003,93,326.65000000000003
12466,319,1,56.73,319,56.73
12467,60,1,132.8,60,132.8
12468,163,3,2941.2,319,980.4
12469,159,2,3070.54,173,1535.27
12470,326,1,211.95,326,211.95
12471,11,49,20139.739999999998,369,411.01510204081626
12472,6,13,11308.48,362,869.8830769230769
12474,15,13,5048.66,303,388.35846153846154
12475,46,1,426.26,46,426.26
12476,33,12,7298.99,138,608.2491666666666
12477,36,3,7056.63,260,2352.21
12480,36,3,2183.2200000000003,144,727.7400000000001
12481,2,6,6765.07,244,1127.5116666666665
12482,213,29,23691.4,290,816.944827586207
12483,15,11,2635.6000000000004,314,239.60000000000002
12484,120,6,1828.4299999999998,318,304.7383333333333
12485,166,1,708.1000000000001,166,708.1000000000001
12486,68,1,1037.28,68,1037.28
12487,367,1,285.3,367,285.3
12490,15,11,4405.71,375,400.5190909090909
12492,40,1,452.00000000000006,40,452.00000000000006
12494,2,3,626.77,213,208.92333333333332
12495,277,1,357.4,277,357.4
12496,257,2,54.09,257,27.045
12497,37,2,5205.400000000001,281,2602.7000000000003
12499,197,1,393.71999999999997,197,393.71999999999997
12500,72,8,1697.39,310,212.17375
12503,221,1,1126.0,221,1126.0
12504,54,2,297.0,233,148.5
12505,45,1,955.2,45,955.2
12507,221,1,539.25,221,539.25
12510,96,7,4195.450000000001,372,599.3500000000001
12511,65,1,3084.0200000000004,65,3084.0200000000004
12514,278,1,580.0799999999999,278,580.0799999999999
12516,67,2,1336.56,236,668.28
12519,113,1,385.7,113,385.7
12523,11,12,2582.38,369,215.19833333333335
12524,25,9,6640.389999999999,306,737.821111111111
12525,135,3,973.73,284,324.57666666666665
12527,131,2,386.79999999999995,166,193.39999999999998
12529,165,1,316.47999999999996,165,316.47999999999996
12530,52,5,2096.98,279,419.396
12531,323,1,1807.9799999999996,323,1807.9799999999996
12533,264,2,1367.89,375,683.945
12537,45,1,732.94,45,732.94
12538,15,1,276.5,15,276.5
12539,87,3,5646.4,353,1882.1333333333332
12540,15,16,8854.25,369,553.390625
12542,121,2,481.8799999999999,277,240.93999999999994
12543,85,1,980.25,85,980.25
12547,137,1,175.77999999999997,137,175.77999999999997
12549,212,6,1575.6799999999998,334,262.6133333333333
12553,22,2,916.47,60,458.235
12554,85,1,468.5,85,468.5
12555,319,1,129.23,319,129.23
12557,8,4,6725.18,359,1681.295
12562,22,2,1185.18,72,592.59
12563,45,1,249.24,45,249.24
12567,4,7,4308.580000000001,303,615.5114285714287
12568,281,1,70.0,281,70.0
12570,319,1,77.52,319,77.52
12573,18,4,556.8700000000001,102,139.21750000000003
12575,94,2,622.8199999999999,163,311.40999999999997
12576,29,3,826.8900000000001,163,275.63000000000005
12577,18,5,995.95,373,199.19
12578,22,2,1847.9400000000003,80,923.9700000000001
12580,213,1,637.2,213,637.2
12582,59,2,1469.04,214,734.52
12583,10,13,7166.0599999999995,370,551.2353846153845
12586,11,3,1865.73,360,621.91
12588,36,3,743.8800000000001,234,247.96000000000004
12589,58,6,4048.9799999999996,326,674.8299999999999
12591,27,2,899.3,45,449.65
12592,156,3,2145.0599999999995,156,715.0199999999999
12594,15,5,1751.8899999999999,283,350.378
12595,141,1,299.02000000000004,141,299.02000000000004
12598,100,3,1511.0100000000002,285,503.6700000000001
12599,18,6,1264.1399999999999,214,210.68999999999997
12600,8,12,2444.88,369,203.74
12601,41,1,104.2,41,104.2
12605,13,4,1232.9500000000003,95,308.23750000000007
12606,319,1,21.0,319,21.0
12608,41,1,415.78999999999996,41,415.78999999999996
12609,11,6,2309.01,356,384.83500000000004
12613,25,5,3490.69,362,698.138
12615,50,4,3449.79,268,862.4475
12616,25,1,417.79999999999995,25,417.79999999999995
12619,197,1,140.14,197,140.14
12621,2,16,11086.14,305,692.88375
12623,53,6,3442.74,333,573.79
12625,146,2,2481.06,233,1240.53
12629,22,2,1558.2199999999998,60,779.1099999999999
12631,93,5,2841.07,330,568.214
12632,157,2,804.8800000000001,201,402.44000000000005
12633,19,3,3514.18,162,1171.3933333333332
12634,172,2,490.0,185,245.0
12635,29,2,1241.23,93,620.615
12636,375,1,141.0,375,141.0
12637,15,4,2318.41,180,579.6025
12638,276,1,249.8,276,249.8
12639,71,2,826.2700000000001,264,413.13500000000005
12643,22,6,5005.78,248,834.2966666666666
12644,67,3,1440.58,331,480.1933333333333
12645,46,4,1764.1200000000001,305,441.03000000000003
12647,4,27,14201.53,332,525.9825925925926
12648,74,3,793.95,338,264.65000000000003
12649,19,5,1671.1400000000003,333,334.22800000000007
12651,15,3,263.74999999999994,102,87.91666666666664
12652,71,1,97.05,71,97.05
12653,163,1,1950.98,163,1950.98
12655,60,1,261.35,60,261.35
12656,62,3,2356.66,199,785.5533333333333
12661,73,1,162.0,73,162.0
12662,10,10,3138.2400000000002,254,313.824
12663,261,2,239.4,305,119.7
12664,151,2,1188.16,363,594.08
12665,54,2,250.6,306,125.3
12666,31,1,1248.42,31,1248.42
12668,15,6,7637.530000000001,314,1272.9216666666669
12670,22,2,764.24,303,382.12
12671,243,1,2622.481,243,2622.481
12672,232,1,211.15000000000003,232,211.15000000000003
12673,38,1,619.5,38,619.5
12675,190,2,958.5,215,479.25
12676,45,5,1511.7,120,302.34000000000003
12677,192,2,395.1,303,197.55
12678,12,9,16652.72,338,1850.3022222222223
12681,4,24,17080.739999999998,363,711.6974999999999
12682,2,23,11745.69,375,510.6821739130435
12683,2,8,4220.21,363,527.52625
12686,8,1,89.14,8,89.14
12687,117,2,2138.9099999999994,117,1069.4549999999997
12691,57,1,134.6,57,134.6
12692,274,1,110.95,274,110.95
12693,33,3,847.1099999999999,159,282.36999999999995
12694,58,1,973.68,58,973.68
12695,165,3,825.02,302,275.00666666666666
12696,71,2,851.9100000000001,145,425.95500000000004
12698,227,1,339.75,227,339.75
12699,54,1,638.11,54,638.11
12701,166,4,1648.7,270,412.175
12703,270,3,722.98,321,240.99333333333334
12705,20,5,4893.81,170,978.7620000000001
12708,5,9,2601.19,358,289.0211111111111
12709,3,20,21356.82,367,1067.841
12711,248,2,1339.0499999999997,313,669.5249999999999
12712,2,10,2797.53,367,279.75300000000004
12714,25,7,9384.85,372,1340.6928571428573
12717,227,1,277.93,227,277.93
12720,6,6,2478.9399999999996,143,413.1566666666666
12721,22,2,1356.95,108,678.475
12724,20,3,1286.1100000000001,172,428.7033333333334
12725,8,4,2266.7599999999998,221,566.6899999999999
12726,24,4,1405.5000000000002,261,351.37500000000006
12727,79,3,1698.8300000000002,291,566.2766666666668
12728,20,1,233.84,20,233.84
12730,158,1,829.2500000000001,158,829.2500000000001
12731,79,5,6879.800000000001,284,1375.9600000000003
12733,26,3,2040.92,326,680.3066666666667
12734,11,2,529.25,29,264.625
12737,135,2,3710.5,135,1855.25
12738,9,1,155.35,9,155.35
12739,22,2,1713.69,31,856.845
12741,166,2,406.07,170,203.035
12742,262,1,1201.5200000000002,262,1201.5200000000002
12744,96,4,4037.7699999999995,228,1009.4424999999999
12745,123,3,925.4100000000001,319,308.47
12746,177,1,254.54999999999998,177,254.54999999999998
12747,6,16,5080.530000000001,369,317.53312500000004
12748,2,144,22879.660000000003,372,158.88652777777781
12749,36,4,2806.4800000000005,158,701.6200000000001
12751,81,1,268.27,81,268.27
12755,2,10,5218.71,330,521.871
12758,96,5,7111.65,375,1422.33
12759,23,5,3489.3,372,697.86
12760,92,1,347.8,92,347.8
12761,94,2,782.9499999999999,101,391.47499999999997
12763,6,1,320.08000000000004,6,320.08000000000004
12765,109,6,1404.58,278,234.09666666666666
12766,3,3,3078.65,44,1026.2166666666667
12767,12,1,949.82,12,949.82
12768,87,1,168.69000000000003,87,168.69000000000003
12770,93,1,1895.0,93,1895.0
12771,122,1,282.3,122,282.3
12773,201,1,124.25,201,124.25
12774,172,1,98.7,172,98.7
12775,25,2,300.08,46,150.04
12776,304,1,55.5,304,55.5
12777,94,1,519.45,94,519.45
12778,33,3,953.4499999999999,239,317.81666666666666
12779,8,7,2740.91,373,391.5585714285714
12780,235,1,337.3999999999999,235,337.3999999999999
12782,11,6,2287.32,156,381.22
12784,166,1,1230.3300000000002,166,1230.3300000000002
12785,172,2,788.45,368,394.225
12786,246,1,728.5000000000001,246,728.5000000000001
12787,50,1,398.52,50,398.52
12788,100,4,444.9000000000001,165,111.22500000000002
12789,149,2,181.5,330,90.75
12790,47,1,266.93,47,266.93
12791,10,6,863.51,261,143.91833333333332
12792,171,1,426.46999999999997,171,426.46999999999997
12793,8,2,471.85,38,235.925
12796,265,1,381.0,265,381.0
12797,2,2,552.08,61,276.04
12798,58,1,1533.8899999999999,58,1533.8899999999999
12799,166,1,219.35000000000002,166,219.35000000000002
12800,107,3,584.25,313,194.75
12801,137,1,1071.8200000000002,137,1071.8200000000002
12802,79,6,1988.84,200,331.4733333333333
12803,30,1,1092.8100000000002,30,1092.8100000000002
12804,102,2,327.02,137,163.51
12805,18,4,1434.9499999999998,311,358.73749999999995
12806,72,4,2878.96,225,719.74
12807,20,1,330.35,20,330.35
12808,5,3,422.45000000000005,99,140.8166666666667
12809,202,2,1266.63,284,633.315
12810,171,2,534.99,313,267.495
12811,15,2,519.05,64,259.525
12813,138,3,1687.8,330,562.6
12817,36,2,524.94,71,262.47
12819,95,1,540.52,95,540.52
12820,34,7,1747.18,371,249.59714285714287
12821,248,1,128.08,248,128.08
12823,31,13,4742.0,316,364.7692307692308
12825,158,2,518.63,278,259.315
12826,2,6,1481.03,358,246.83833333333334
12829,187,1,92.3,187,92.3
12831,100,2,236.06000000000003,100,118.03000000000002
12835,64,41,6043.31,373,147.3978048780488
12836,26,11,3972.76,375,361.16
12837,206,1,554.3100000000001,206,554.3100000000001
12838,10,9,2715.35,229,301.7055555555555
12839,4,13,4480.3099999999995,369,344.6392307692307
12840,74,3,1315.1999999999998,311,438.3999999999999
12841,6,17,3518.33,156,206.96058823529413
12842,41,2,799.0000000000002,374,399.5000000000001
12843,19,22,4886.15,363,222.09772727272727
12844,79,2,322.64,230,161.32
12846,319,1,15.58,319,15.58
12847,24,1,765.36,24,765.36
12848,312,1,208.0,312,208.0
12849,18,4,2039.67,228,509.9175
12850,82,1,330.0,82,330.0
12851,114,1,148.95,114,148.95
12853,64,5,1950.4,309,390.08000000000004
12854,198,4,1669.52,365,417.38
12855,9,4,612.8400000000001,39,153.21000000000004
12857,73,4,2581.6,320,645.4
12858,20,1,177.92,20,177.92
12859,95,1,575.0999999999999,95,575.0999999999999
12860,330,1,55.47,330,55.47
12861,256,1,68.25,256,68.25
12862,62,2,1008.32,132,504.16
12863,16,5,2271.35,226,454.27
12864,145,1,152.45,145,152.45
12865,15,2,1755.2399999999998,113,877.6199999999999
12866,111,2,668.2300000000001,139,334.11500000000007
12867,34,6,3876.4700000000003,360,646.0783333333334
12868,10,3,640.0000000000001,29,213.33333333333337
12869,318,1,337.6700000000001,318,337.6700000000001
12870,12,3,1676.9500000000003,261,558.9833333333335
12871,76,1,363.38,76,363.38
12872,2,11,3085.5200000000004,372,280.50181818181824
12873,34,2,1653.3000000000002,318,826.6500000000001
12874,22,2,948.42,191,474.21
12875,108,3,1013.7600000000001,334,337.92
12876,31,2,1863.77,227,931.885
12877,38,8,1419.4,327,177.425
12880,18,2,640.1299999999999,211,320.06499999999994
12887,20,1,222.4,20,222.4
12889,18,4,385.46000000000004,139,96.36500000000001
12890,24,1,336.8,24,336.8
12891,95,8,509.5,296,63.6875
12892,33,1,263.38,33,263.38
12894,212,1,157.35,212,157.35
12897,18,2,297.75,180,148.875
12898,100,2,310.96,296,155.48
12899,50,1,366.4,50,366.4
12900,59,1,340.33000000000004,59,340.33000000000004
12903,65,1,833.5300000000001,65,833.5300000000001
12905,213,2,1018.42,319,509.21
12907,32,2,508.90999999999997,131,254.45499999999998
12908,17,3,1026.0,267,342.0
12909,61,3,924.52,290,308.17333333333335
12910,16,5,2721.48,258,544.296
12911,188,1,1680.4699999999998,188,1680.4699999999998
12913,5,9,4217.230000000001,375,468.5811111111113
12914,37,1,223.98,37,223.98
12915,9,3,811.1000000000001,226,270.36666666666673
12916,79,3,1647.8699999999997,321,549.2899999999998
12917,37,5,3765.2,367,753.04
12918,263,1,10953.5,263,10953.5
12920,208,3,323.86,362,107.95333333333333
12921,3,39,19333.95,375,495.7423076923077
12923,27,2,612.9,212,306.45
12924,30,8,1535.7,367,191.9625
12925,229,1,35.28,229,35.28
12926,48,4,1548.46,362,387.115
12927,31,1,197.31000000000006,31,197.31000000000006
12928,15,7,2242.19,186,320.3128571428571
12931,17,42,50291.38,375,1197.4138095238095
12932,176,8,1698.56,304,212.32
12933,17,5,1079.5000000000002,366,215.90000000000003
12934,373,1,181.65,373,181.65
12935,12,8,2083.16,244,260.395
12937,100,5,1593.34,373,318.668
12939,16,12,13683.0,333,1140.25
12941,361,1,377.49000000000007,361,377.49000000000007
12942,2,1,258.75,2,258.75
12943,195,2,496.5,242,248.25
12945,293,1,437.16,293,437.16
12946,73,1,324.45,73,324.45
12947,10,1,304.03999999999996,10,304.03999999999996
12948,367,2,252.48,374,126.24
12949,19,14,11359.48,373,811.3914285714285
12951,23,9,2149.65,335,238.85000000000002
12953,159,1,498.96,159,498.96
12954,275,1,162.45000000000002,275,162.45000000000002
12956,321,3,413.82,361,137.94
12957,178,5,4689.43,365,937.8860000000001
12958,37,2,539.49,220,269.745
12959,121,1,150.95,121,150.95
12960,50,4,1322.0700000000004,298,330.5175000000001
12961,16,1,211.99,16,211.99
12963,2,5,1744.96,156,348.992
12964,74,1,132.23999999999998,74,132.23999999999998
12967,8,2,2646.0199999999995,20,1323.0099999999998
12969,239,1,122.45,239,122.45
12970,17,6,1072.73,372,178.78833333333333
12971,3,33,4782.880000000001,361,144.9357575757576
12972,50,4,1161.2,298,290.3
12973,50,1,385.55,50,385.55
12974,202,1,264.15,202,264.15
12975,73,6,2100.09,370,350.01500000000004
12976,15,7,2417.7800000000007,302,345.39714285714297
12977,138,3,478.39,148,159.46333333333334
12978,22,5,2502.8199999999997,366,500.56399999999996
12979,366,1,517.7,366,517.7
12980,23,12,8870.880000000001,374,739.2400000000001
12982,31,7,2354.2700000000004,243,336.3242857142858
12983,235,1,490.08000000000004,235,490.08000000000004
12986,65,10,2729.84,324,272.98400000000004
12987,57,3,753.51,325,251.17
12989,61,18,6627.64,366,368.20222222222225
12990,54,4,546.0,256,136.5
12991,26,1,261.05999999999995,26,261.05999999999995
12992,362,1,93.35000000000001,362,93.35000000000001
12993,82,4,844.87,296,211.2175
12996,12,1,355.5,12,355.5
12997,31,4,884.02,249,221.005
12998,129,3,920.0799999999999,290,306.6933333333333
13000,362,1,497.6500000000001,362,497.6500000000001
13001,41,20,14353.279999999999,373,717.664
13002,53,2,293.18,71,146.59
13004,23,18,5994.9400000000005,361,333.05222222222227
13005,68,2,485.98,94,242.99
13007,216,1,175.25,216,175.25
13008,34,2,382.66,360,191.33
13009,309,1,234.0,309,234.0
13010,11,2,330.12,285,165.06
13011,9,1,50.550000000000004,9,50.550000000000004
13012,66,3,1310.99,229,436.99666666666667
13013,8,18,7814.83,362,434.15722222222223
13014,69,1,1914.8,69,1914.8
13015,75,6,3240.14,240,540.0233333333333
13018,50,7,2485.46,285,355.0657142857143
13019,16,6,1229.95,370,204.99166666666667
13020,199,2,618.96,296,309.48
13021,11,8,2270.8599999999997,371,283.85749999999996
13022,66,1,65.3,66,65.3
13023,165,1,759.1300000000001,165,759.1300000000001
13024,107,2,555.8699999999999,219,277.93499999999995
13025,368,1,323.3900000000001,368,323.3900000000001
13026,125,4,757.7200000000001,363,189.43000000000004
13027,22,13,10423.199999999999,325,801.7846153846153
13029,11,2,679.8,160,339.9
13030,5,1,427.7399999999999,5,427.7399999999999
13031,44,5,3419.27,191,683.854
13032,29,7,1833.37,97,261.90999999999997
13033,66,1,30.0,66,30.0
13034,6,2,279.90999999999997,38,139.95499999999998
13035,68,1,442.32,68,442.32
13036,321,1,307.1,321,307.1
13037,36,9,3033.88,373,337.09777777777776
13039,221,4,1010.7300000000001,359,252.68250000000003
13041,87,4,799.1300000000001,226,199.78250000000003
13042,235,3,1556.54,369,518.8466666666667
13044,129,10,4293.43,337,429.343
13045,38,2,503.64,123,251.82
13046,93,1,319.94000000000005,93,319.94000000000005
13047,10,17,5557.620000000001,360,326.91882352941184
13048,73,5,2248.3,318,449.66
13049,26,2,751.5600000000001,38,375.78000000000003
13050,3,19,6507.67,361,342.50894736842105
13051,215,2,155.8,256,77.9
13052,57,6,2820.38,291,470.06333333333333
13053,258,1,127.65,258,127.65
13055,66,1,1106.7,66,1106.7
13056,188,1,209.47999999999996,188,209.47999999999996
13057,167,3,722.0899999999999,268,240.69666666666663
13059,50,9,2119.7700000000004,255,235.53000000000006
13063,117,1,188.39999999999998,117,188.39999999999998
13064,187,2,561.25,228,280.625
13065,10,5,1055.0500000000002,184,211.01000000000005
13067,46,2,393.05,83,196.525
13069,6,16,5247.01,180,327.938125
13070,96,3,522.9,369,174.29999999999998
13071,249,1,129.22,249,129.22
13073,48,2,418.08000000000004,74,209.04000000000002
13074,148,4,1378.74,360,344.685
13076,94,1,135.4,94,135.4
13077,3,8,2335.3999999999996,365,291.92499999999995
13078,3,32,16904.51,375,528.2659375
13079,54,1,199.08000000000004,54,199.08000000000004
13080,38,3,222.65,246,74.21666666666667
13081,8,19,30867.77,368,1624.6194736842106
13082,61,12,3722.12,354,310.1766666666667
13083,62,1,91.67999999999999,62,91.67999999999999
13084,128,1,122.39999999999999,128,122.39999999999999
13085,316,6,2017.2,375,336.2
13086,19,1,439.33,19,439.33
13087,363,1,313.64,363,313.64
13088,54,1,236.10999999999999,54,236.10999999999999
13089,5,109,57912.03,374,531.3030275229357
13090,2,13,5192.27,131,399.40538461538466
13091,366,2,1976.0000000000002,366,988.0000000000001
13092,51,7,1662.45,304,237.49285714285716
13093,10,48,47111.18,372,981.4829166666667
13094,5,2,505.80000000000007,26,252.90000000000003
13096,31,1,419.7000000000001,31,419.7000000000001
13097,25,18,7378.799999999999,375,409.9333333333333
13101,135,3,594.2100000000002,318,198.07000000000005
13102,2,14,5272.83,219,376.6307142857143
13103,74,2,465.7,214,232.85
13104,52,3,610.62,290,203.54
13105,73,1,72.0,73,72.0
13106,50,1,526.96,50,526.96
13107,50,5,3721.45,310,744.29
13108,9,2,748.4599999999999,72,374.22999999999996
13109,188,1,347.49000000000007,188,347.49000000000007
13110,74,5,1468.8,375,293.76
13111,355,1,321.88000000000005,355,321.88000000000005
13112,178,1,20.599999999999998,178,20.599999999999998
13113,3,14,6379.7699999999995,258,455.6978571428571
13114,367,1,234.38,367,234.38
13115,16,6,3199.92,236,533.32
13117,2,12,1658.9,260,138.24166666666667
13118,13,4,1217.6,76,304.4
13119,305,1,134.9,305,134.9
13123,109,2,506.74999999999994,166,253.37499999999997
13124,22,1,916.1199999999998,22,916.1199999999998
13125,160,1,158.57,160,158.57
13126,3,7,1898.6099999999997,284,271.22999999999996
13128,268,1,263.5,268,263.5
13129,89,2,233.25,166,116.625
13131,55,4,2240.47,305,560.1175
13133,96,1,90.65,96,90.65
13134,39,2,681.65,53,340.825
13135,128,1,275.45,128,275.45
13136,12,8,3666.95,368,458.36875
13137,23,8,4062.29,139,507.78625
13138,9,2,504.85,33,252.425
13139,74,1,3138.04,74,3138.04
13140,3,3,791.9599999999999,128,263.9866666666666
13141,22,12,5279.83,367,439.98583333333335
13143,221,1,405.1,221,405.1
13144,68,1,24.4,68,24.4
13145,9,4,805.0,236,201.25
13148,26,14,4914.6900000000005,369,351.04928571428576
13150,121,3,449.96999999999997,267,149.98999999999998
13151,262,2,1322.8700000000001,264,661.4350000000001
13152,54,7,2146.38,331,306.6257142857143
13154,36,3,1624.8399999999997,372,541.6133333333332
13155,5,3,778.4200000000002,128,259.4733333333334
13156,22,3,1586.54,313,528.8466666666667
13157,46,5,3946.1399999999994,278,789.2279999999998
13158,25,1,307.12,25,307.12
13161,137,1,366.13,137,366.13
13162,17,12,7587.200000000001,372,632.2666666666668
13163,247,1,17.65,247,17.65
13164,206,2,372.2,304,186.1
13165,50,1,429.68,50,429.68
13166,51,1,466.98,51,466.98
13167,27,1,333.82,27,333.82
13168,179,1,556.1200000000001,179,556.1200000000001
13169,199,1,127.20000000000002,199,127.20000000000002
13172,37,1,69.6,37,69.6
13173,4,10,2285.7,366,228.57
13174,6,10,6677.81,372,667.7810000000001
13175,219,2,831.45,372,415.725
13177,67,1,229.75,67,229.75
13178,34,10,8333.720000000001,360,833.3720000000001
13179,255,1,572.31,255,572.31
13180,244,1,86.10000000000001,244,86.10000000000001
13181,18,1,359.69,18,359.69
13183,31,6,3078.4,272,513.0666666666667
13187,261,3,130.98999999999998,261,43.66333333333333
13190,181,3,570.66,369,190.22
13191,295,1,164.69000000000003,295,164.69000000000003
13192,172,4,1646.64,323,411.66
13194,58,1,412.08000000000004,58,412.08000000000004
13195,51,1,172.38,51,172.38
13196,80,3,1271.06,254,423.68666666666667
13197,246,1,373.01000000000005,246,373.01000000000005
13198,24,2,1572.99,71,786.495
13199,3,30,6615.77,371,220.5256666666667
13201,139,4,1240.6100000000001,279,310.15250000000003
13202,31,7,1580.3000000000002,367,225.7571428571429
13203,23,6,1778.79,359,296.465
13204,368,1,966.6599999999999,368,966.6599999999999
13205,80,1,2803.2,80,2803.2
13206,37,13,8377.32,369,644.4092307692307
13207,88,2,285.6,249,142.8
13208,86,3,764.5999999999999,373,254.86666666666665
13209,151,5,2617.9,321,523.58
13211,18,7,1531.9,370,218.84285714285716
13213,20,6,2330.94,205,388.49
13214,54,7,3264.2300000000005,283,466.3185714285715
13215,39,1,81.6,39,81.6
13217,292,1,132.5,292,132.5
13219,255,1,76.23,255,76.23
13220,212,1,516.8000000000001,212,516.8000000000001
13222,214,1,88.5,214,88.5
13223,60,4,805.92,302,201.48
13225,58,9,9796.230000000001,359,1088.4700000000003
13226,30,1,204.25,30,204.25
13230,2,17,3553.8100000000004,267,209.04764705882354
13233,57,2,571.34,331,285.67
13234,309,2,356.94999999999993,369,178.47499999999997
13237,24,1,643.0,24,643.0
13238,67,2,305.9,227,152.95
13239,74,4,1265.1299999999999,139,316.28249999999997
13240,2,5,1074.87,289,214.974
13241,48,1,115.58,48,115.58
13242,88,4,429.0,305,107.25
13243,86,4,677.97,268,169.4925
13245,69,1,558.7199999999999,69,558.7199999999999
13246,30,5,1400.13,162,280.026
13249,38,6,897.52,321,149.58666666666667
13250,97,2,256.03999999999996,139,128.01999999999998
13251,39,1,252.67999999999998,39,252.67999999999998
13252,31,2,399.3,262,199.65
13253,67,2,1920.7099999999998,340,960.3549999999999
13254,13,1,51.410000000000004,13,51.410000000000004
13255,10,2,504.95,149,252.475
13257,73,1,149.75,73,149.75
13258,16,2,336.59999999999997,37,168.29999999999998
13259,34,8,1141.0600000000002,335,142.63250000000002
13262,26,2,373.15999999999997,237,186.57999999999998
13263,30,4,1250.6200000000003,50,312.6550000000001
13264,79,1,722.5600000000001,79,722.5600000000001
13266,50,7,2300.78,359,328.6828571428572
13267,3,18,5236.77,369,290.9316666666667
13269,6,14,3545.4700000000003,374,253.24785714285716
13270,3,1,590.0,3,590.0
13274,46,1,360.85,46,360.85
13275,20,2,241.66,269,120.83
13276,34,3,1348.33,279,449.4433333333333
13277,17,3,264.9,176,88.3
13278,36,3,893.1200000000001,247,297.7066666666667
13280,16,4,1507.7700000000002,281,376.94250000000005
13281,76,1,350.85,76,350.85
13282,43,1,181.05,43,181.05
13283,204,2,279.70000000000005,277,139.85000000000002
13285,237,2,655.47,261,327.735
13286,237,1,734.9100000000001,237,734.9100000000001
13287,240,3,781.59,341,260.53000000000003
13288,80,5,927.6099999999999,303,185.522
13289,360,1,307.95000000000005,360,307.95000000000005
13290,75,1,208.63,75,208.63
13291,51,10,2959.73,303,295.973
13292,52,3,415.57,163,138.52333333333334
13293,29,6,1192.94,305,198.82333333333335
13294,283,1,815.79,283,815.79
13295,13,3,900.77,213,300.25666666666666
13296,60,5,705.1099999999999,214,141.022
13297,22,3,2278.77,179,759.59
13299,60,2,1076.1999999999998,165,538.0999999999999
13300,25,2,913.6200000000001,211,456.81000000000006
13302,163,1,95.45,163,95.45
13303,37,1,61.72,37,61.72
13304,92,3,917.5699999999999,306,305.8566666666666
13305,9,7,1753.8500000000001,276,250.55
13306,67,1,53.65,67,53.65
13307,124,2,258.34,229,129.17
13308,233,1,284.86,233,284.86
13309,29,1,249.57999999999998,29,249.57999999999998
13310,17,2,409.16999999999996,39,204.58499999999998
13312,88,1,124.75,88,124.75
13313,116,7,1890.0,374,270.0
13315,326,1,310.26000000000005,326,310.26000000000005
13316,29,6,7213.840000000001,276,1202.3066666666668
13317,22,13,4212.411,363,324.0316153846154
13319,2,34,11236.95,370,330.4985294117647
13320,71,2,679.4,115,339.7
13324,65,8,3391.5199999999995,200,423.93999999999994
13326,69,1,281.76,69,281.76
13327,2,14,6251.710000000001,358,446.5507142857144
13329,3,7,4323.969999999999,372,617.7099999999999
13330,92,3,1665.25,291,555.0833333333334
13331,38,1,262.4,38,262.4
13333,48,3,1015.7399999999999,295,338.58
13334,173,2,2726.93,289,1363.465
13337,183,1,1575.26,183,1575.26
13338,178,3,1958.6000000000001,340,652.8666666666667
13340,54,5,11364.080000000002,292,2272.8160000000003
13346,99,6,299.40000000000003,233,49.900000000000006
13357,131,4,3228.41,264,807.1025
13359,40,1,603.75,40,603.75
13360,68,4,1553.65,337,388.4125
13361,109,2,1450.5,254,725.25
13362,15,3,2303.33,62,767.7766666666666
13363,46,1,731.3599999999999,46,731.3599999999999
13367,68,1,510.2,68,510.2
13368,51,2,498.1,60,249.05
13369,2,1,308.28,2,308.28
13370,8,1,754.8700000000001,8,754.8700000000001
13371,142,2,2297.6600000000003,269,1148.8300000000002
13373,52,3,4274.9400000000005,370,1424.9800000000002
13374,51,2,422.80000000000007,86,211.40000000000003
13375,81,1,1013.58,81,1013.58
13377,33,2,1552.8799999999999,282,776.4399999999999
13380,69,1,62.4,69,62.4
13381,16,6,4585.0599999999995,375,764.1766666666666
13382,65,4,1164.5900000000001,368,291.14750000000004
13383,180,1,305.28000000000003,180,305.28000000000003
13384,27,4,2528.8999999999996,137,632.2249999999999
13386,51,2,835.46,74,417.73
13387,54,1,189.44,54,189.44
13388,240,1,508.55,240,508.55
13392,314,1,91.14,314,91.14
13393,220,4,1131.45,369,282.8625
13394,16,11,4101.68,375,372.88000000000005
13395,37,2,872.51,58,436.255
13397,74,5,1647.7399999999998,325,329.54799999999994
13398,85,1,213.00000000000003,85,213.00000000000003
13399,101,3,275.4,156,91.8
13400,219,1,310.83000000000004,219,310.83000000000004
13402,9,3,913.9000000000001,201,304.6333333333334
13403,24,2,154.5,360,77.25
13405,118,3,641.36,361,213.78666666666666
13406,64,2,568.9200000000001,268,284.46000000000004
13407,215,3,2244.7,298,748.2333333333332
13408,8,46,23616.422,372,513.4004782608696
13410,30,4,1198.9,368,299.725
13412,257,1,487.34999999999997,257,487.34999999999997
13413,276,6,429.44,324,71.57333333333334
13414,100,3,1103.6399999999999,240,367.87999999999994
13415,109,4,800.6700000000001,365,200.16750000000002
13416,373,1,228.3,373,228.3
13417,184,4,1028.66,306,257.165
13418,9,15,6106.17,365,407.07800000000003
13421,43,6,2252.04,300,375.34
13423,65,1,217.02999999999997,65,217.02999999999997
13424,86,1,572.77,86,572.77
13425,145,2,1779.42,216,889.71
13426,19,12,4526.0599999999995,367,377.1716666666666
13427,114,3,423.92999999999995,359,141.30999999999997
13428,151,2,281.51000000000005,151,140.75500000000002
13431,43,6,2047.14,296,341.19
13432,208,2,439.09999999999997,249,219.54999999999998
13433,138,4,658.3199999999999,333,164.57999999999998
13434,22,3,1132.6200000000001,292,377.54
13435,13,2,665.3400000000001,137,332.6700000000001
13438,184,1,46.5,184,46.5
13439,25,2,702.8999999999999,163,351.44999999999993
13440,60,7,1295.2500000000002,88,185.0357142857143
13441,68,1,424.26,68,424.26
13442,304,3,419.87000000000006,375,139.95666666666668
13443,85,6,1280.16,314,213.36
13444,11,2,631.68,143,315.84
13445,263,1,241.89999999999998,263,241.89999999999998
13446,67,11,3881.89,300,352.8990909090909
13448,10,9,5701.5,370,633.5
13450,11,7,2076.32,240,296.6171428571429
13451,18,6,4214.77,265,702.4616666666667
13452,109,1,139.8,109,139.8
13453,39,1,424.71,39,424.71
13454,278,1,219.87000000000003,278,219.87000000000003
13455,3,5,1847.59,367,369.518
13457,325,2,148.22,374,74.11
13458,16,2,2312.7000000000003,25,1156.3500000000001
13459,261,2,1160.4099999999999,319,580.2049999999999
13461,44,3,2715.0000000000005,234,905.0000000000001
13462,47,4,1002.35,362,250.5875
13464,31,5,2422.96,255,484.592
13465,83,2,931.1200000000001,223,465.56000000000006
13466,45,4,705.45,265,176.3625
13468,5,38,7685.54,373,202.25105263157894
13469,290,1,82.4,290,82.4
13472,100,2,592.2399999999999,192,296.11999999999995
13473,211,6,2235.12,361,372.52
13474,80,2,434.2,132,217.1
13476,43,3,823.0,281,274.3333333333333
13477,92,5,1379.59,320,275.918
13478,106,5,2215.78,314,443.15600000000006
13479,89,2,550.42,114,275.21
13480,53,2,627.82,316,313.91
13481,11,6,2026.2800000000002,372,337.71333333333337
13482,264,1,151.45000000000002,264,151.45000000000002
13484,20,2,476.91999999999996,276,238.45999999999998
13485,13,10,2564.98,373,256.498
13487,142,2,271.46999999999997,371,135.73499999999999
13488,4,11,6619.57,320,601.7790909090909
13490,291,1,154.25,291,154.25
13491,9,18,3350.74,369,186.1522222222222
13495,5,6,3329.39,369,554.8983333333333
13497,5,5,972.28,306,194.456
13498,367,1,327.38000000000005,367,327.38000000000005
13500,38,1,299.53,38,299.53
13501,123,2,1544.79,207,772.395
13502,52,2,488.5,185,244.25
13503,116,5,1688.54,298,337.70799999999997
13506,6,4,1180.6799999999998,97,295.16999999999996
13508,279,1,176.07999999999998,279,176.07999999999998
13509,144,1,135.0,144,135.0
13510,12,7,2766.73,355,395.2471428571429
13511,313,1,282.76,313,282.76
13512,24,3,462.17999999999995,220,154.05999999999997
13513,78,2,619.4900000000002,292,309.7450000000001
13514,65,3,663.7,319,221.23333333333335
13515,86,2,374.7,281,187.35
13516,54,1,295.84999999999997,54,295.84999999999997
13519,79,1,220.45999999999998,79,220.45999999999998
13520,8,6,3285.05,359,547.5083333333333
13523,3,2,1136.6399999999999,39,568.3199999999999
13526,375,2,1182.0000000000002,375,591.0000000000001
13527,55,5,2396.2300000000005,324,479.2460000000001
13530,271,1,402.98,271,402.98
13531,3,5,1254.72,373,250.94400000000002
13534,16,10,1850.8200000000002,157,185.08200000000002
13535,39,1,89.5,39,89.5
13537,62,2,717.8499999999999,88,358.92499999999995
13538,33,5,1831.88,312,366.37600000000003
13539,57,4,938.02,227,234.505
13540,104,3,632.3900000000001,292,210.7966666666667
13541,64,2,785.25,207,392.625
13542,13,17,4006.17,366,235.6570588235294
13543,271,2,1439.61,324,719.805
13544,48,4,537.5900000000001,281,134.39750000000004
13545,27,2,374.64,181,187.32
13546,19,2,465.15000000000003,61,232.57500000000002
13547,45,1,175.52999999999994,45,175.52999999999994
13548,108,1,226.57999999999998,108,226.57999999999998
13549,24,1,87.6,24,87.6
13550,20,1,349.51,20,349.51
13551,303,1,152.39999999999998,303,152.39999999999998
13552,65,10,3238.85,295,323.885
13553,311,1,517.8000000000001,311,517.8000000000001
13554,17,7,1638.28,83,234.04
13555,15,9,4849.91,326,538.8788888888889
13556,66,2,200.82,72,100.41
13557,52,11,2448.2,368,222.56363636363633
13559,149,2,990.0,180,495.0
13561,34,10,1678.8600000000001,286,167.88600000000002
13562,38,5,3038.8499999999995,331,607.7699999999999
13564,5,35,15500.529999999999,374,442.8722857142857
13565,48,1,174.57999999999998,48,174.57999999999998
13566,71,3,833.4099999999999,276,277.8033333333333
13567,65,4,1083.69,178,270.9225
13569,4,3,520.03,65,173.34333333333333
13571,19,14,2454.2200000000003,368,175.3014285714286
13573,16,4,622.0700000000002,274,155.51750000000004
13574,48,1,421.25000000000006,48,421.25000000000006
13576,10,11,4834.4,368,439.49090909090904
13577,19,7,1801.68,362,257.3828571428572
13578,46,1,147.66,46,147.66
13579,6,4,1071.9999999999998,296,267.99999999999994
13580,43,1,107.75,43,107.75
13581,51,1,162.53,51,162.53
13582,26,2,241.68,254,120.84
13583,316,1,664.001,316,664.001
13584,135,2,250.04999999999998,312,125.02499999999999
13585,167,3,684.54,375,228.17999999999998
13586,178,1,131.52999999999997,178,131.52999999999997
13587,86,3,961.1,300,320.3666666666667
13589,86,4,741.0900000000001,370,185.27250000000004
13590,12,12,4367.67,375,363.9725
13591,72,4,976.8100000000001,362,244.20250000000001
13593,24,9,3486.6100000000006,284,387.40111111111116
13594,122,1,136.35000000000002,122,136.35000000000002
13595,153,3,818.22,283,272.74
13597,37,2,396.71000000000004,39,198.35500000000002
13598,132,4,609.4200000000001,288,152.35500000000002
13599,3,14,5013.960000000001,375,358.14000000000004
13600,271,1,298.90000000000003,271,298.90000000000003
13601,29,2,491.82000000000005,183,245.91000000000003
13602,18,3,596.2800000000001,197,198.76000000000002
13604,295,1,717.62,295,717.62
13605,24,2,522.67,208,261.335
13607,39,1,400.3,39,400.3
13608,177,1,236.20000000000002,177,236.20000000000002
13609,230,1,167.35000000000002,230,167.35000000000002
13610,24,7,1044.0,340,149.14285714285714
13611,11,7,2147.73,373,306.81857142857143
13612,269,1,818.29,269,818.29
13613,89,5,1039.85,297,207.96999999999997
13614,30,2,748.73,188,374.365
13615,36,7,5854.84,317,836.4057142857143
13616,205,2,288.1,328,144.05
13617,45,5,734.57,132,146.91400000000002
13619,181,2,231.69000000000003,311,115.84500000000001
13620,165,1,112.34,165,112.34
13622,333,1,658.95,333,658.95
13623,17,5,1818.7099999999998,374,363.74199999999996
13624,25,1,462.08000000000004,25,462.08000000000004
13625,233,1,301.26,233,301.26
13626,16,1,449.81,16,449.81
13627,125,2,607.4300000000001,277,303.71500000000003
13628,313,1,310.14,313,310.14
13629,50,8,5578.5,303,697.3125
13632,31,3,1526.8799999999999,248,508.96
13634,11,11,3498.31,335,318.0281818181818
13635,79,3,1928.13,375,642.71
13639,73,1,312.93,73,312.93
13640,248,1,405.0,248,405.0
13641,277,5,1016.4700000000001,371,203.29400000000004
13642,69,3,159.92,69,53.306666666666665
13643,19,7,1637.33,368,233.9042857142857
13646,36,2,326.24999999999994,36,163.12499999999997
13647,131,4,1393.5600000000004,240,348.3900000000001
13648,37,8,1764.0200000000002,375,220.50250000000003
13649,3,5,1332.28,164,266.456
13650,11,4,1451.6599999999999,319,362.91499999999996
13651,18,1,132.65,18,132.65
13652,5,3,1475.77,289,491.92333333333335
13653,124,1,152.2,124,152.2
13654,17,5,3600.67,374,720.134
13655,11,4,1347.5400000000002,228,336.88500000000005
13656,136,2,699.2,232,349.6
13658,20,4,3386.3300000000004,309,846.5825000000001
13659,53,10,3321.6800000000003,297,332.168
13660,37,1,314.59,37,314.59
13661,240,1,325.24000000000007,240,325.24000000000007
13662,22,8,1352.35,295,169.04375
13663,17,4,1858.04,283,464.51
13665,23,3,1711.66,141,570.5533333333334
13666,57,2,43.25,372,21.625
13668,20,14,6726.35,365,480.4535714285715
13669,44,1,195.0,44,195.0
13671,31,1,194.94999999999996,31,194.94999999999996
13672,367,1,233.53000000000003,367,233.53000000000003
13674,69,1,240.67999999999998,69,240.67999999999998
13676,176,2,243.9,256,121.95
13677,41,2,556.1900000000002,157,278.0950000000001
13679,130,3,281.26000000000005,372,93.75333333333334
13680,108,8,7713.25,372,964.15625
13683,94,1,258.6,94,258.6
13684,27,3,529.75,258,176.58333333333334
13686,17,2,337.04,38,168.52
13687,75,1,11880.839999999998,75,11880.839999999998
13688,272,1,375.5,272,375.5
13689,81,1,349.5,81,349.5
13691,33,1,212.77999999999994,33,212.77999999999994
13692,45,2,1626.08,57,813.04
13693,11,9,2011.82,369,223.53555555555556
13694,10,94,131443.19,372,1398.3318085106382
13695,214,1,266.6,214,266.6
13696,58,3,2020.4,303,673.4666666666667
13698,233,2,465.53000000000003,318,232.76500000000001
13699,187,1,455.57,187,455.57
13700,54,3,348.34000000000003,307,116.11333333333334
13701,83,1,161.0,83,161.0
13702,82,1,135.18,82,135.18
13703,52,1,326.05999999999995,52,326.05999999999995
13705,10,5,1323.47,261,264.694
13706,263,1,300.38000000000005,263,300.38000000000005
13707,66,3,2559.4499999999994,173,853.1499999999997
13709,83,5,1263.6999999999998,334,252.73999999999995
13710,60,2,329.04,249,164.52
13711,43,7,1540.2000000000003,361,220.02857142857147
13712,247,1,537.58,247,537.58
13713,45,3,743.26,220,247.75333333333333
13714,102,1,161.35000000000002,102,161.35000000000002
13715,9,13,7403.95,275,569.5346153846153
13717,94,2,318.28999999999996,122,159.14499999999998
13719,30,6,1773.5700000000004,208,295.5950000000001
13721,32,1,217.39999999999995,32,217.39999999999995
13722,57,7,3260.0,283,465.7142857142857
13723,29,5,1009.3500000000001,248,201.87000000000003
13724,274,1,213.01000000000002,274,213.01000000000002
13727,248,6,746.57,367,124.42833333333334
13728,24,10,1839.0300000000002,367,183.90300000000002
13729,72,3,724.7300000000001,321,241.5766666666667
13733,47,2,487.03000000000003,372,243.51500000000001
13734,145,4,6701.639999999999,239,1675.4099999999999
13735,13,9,6927.98,363,769.7755555555555
13736,62,5,2034.31,370,406.86199999999997
13738,33,1,440.9300000000001,33,440.9300000000001
13739,164,1,75.3,164,75.3
13740,52,4,1247.02,374,311.755
13745,183,1,477.32000000000005,183,477.32000000000005
13746,50,1,176.69000000000003,50,176.69000000000003
13747,10,2,169.79999999999998,61,84.89999999999999
13748,10,5,1320.1000000000001,375,264.02000000000004
13750,17,6,1954.9199999999998,254,325.82
13752,164,1,404.45,164,404.45
13753,235,3,1353.31,373,451.1033333333333
13754,74,1,164.45,74,164.45
13756,4,10,4017.9799999999996,361,401.79799999999994
13757,311,1,195.55,311,195.55
13758,3,10,6226.429999999999,375,622.6429999999999
13760,41,3,1076.85,230,358.95
13761,139,4,881.52,293,220.38
13762,230,4,2165.76,335,541.44
13763,54,2,3502.48,72,1751.24
13764,206,3,1431.5,279,477.1666666666667
13765,290,1,352.821,290,352.821
13766,132,1,190.35000000000002,132,190.35000000000002
13767,6,39,18320.17,375,469.74794871794865
13768,363,2,875.97,367,437.985
13769,4,11,3003.91,360,273.08272727272725
13770,59,4,785.3700000000001,367,196.34250000000003
13771,170,5,3094.37,289,618.874
13772,37,5,1982.0900000000001,291,396.418
13773,33,2,301.53999999999996,296,150.76999999999998
13775,227,1,1049.66,227,1049.66
13776,65,2,623.98,65,311.99
13777,3,37,30501.260000000002,374,824.3583783783785
13778,128,3,945.7900000000001,202,315.2633333333334
13779,152,1,161.13,152,161.13
13780,44,1,375.8100000000001,44,375.8100000000001
13781,229,2,650.99,358,325.495
13782,90,7,881.72,370,125.96000000000001
13783,124,4,1542.0899999999997,310,385.5224999999999
13784,71,3,447.44000000000005,87,149.14666666666668
13785,65,4,542.49,97,135.6225
13786,4,6,3128.5400000000004,373,521.4233333333334
13787,95,4,913.46,331,228.365
13788,142,1,3.75,142,3.75
13789,25,1,239.45999999999998,25,239.45999999999998
13792,59,1,188.39999999999998,59,188.39999999999998
13793,283,1,96.0,283,96.0
13794,183,1,126.03000000000002,183,126.03000000000002
13795,25,4,836.2999999999998,274,209.07499999999996
13796,136,1,289.7,136,289.7
13797,73,3,1179.45,284,393.15000000000003
13798,9,54,38683.020000000004,368,716.3522222222223
13799,81,7,2114.71,281,302.1014285714286
13800,67,2,1121.24,373,560.62
13802,11,16,21659.690000000002,298,1353.7306250000001
13803,68,2,1061.8400000000001,255,530.9200000000001
13804,72,2,572.73,73,286.365
13807,4,3,422.20000000000005,372,140.73333333333335
13809,31,2,524.65,97,262.325
13813,164,4,1398.6100000000001,370,349.65250000000003
13814,164,1,678.1999999999999,164,678.1999999999999
13815,43,4,3448.38,302,862.095
13818,66,1,61.28,66,61.28
13819,306,3,1502.0,375,500.6666666666667
13820,55,3,660.6500000000001,317,220.2166666666667
13821,30,4,1025.0900000000001,341,256.27250000000004
13823,17,5,2445.7900000000004,361,489.1580000000001
13824,16,7,1615.8200000000002,274,230.8314285714286
13825,258,2,255.59,367,127.795
13829,58,1,102.0,58,102.0
13830,218,1,156.85000000000002,218,156.85000000000002
13831,6,13,4820.59,366,370.8146153846154
13832,59,1,561.49,59,561.49
13833,41,1,316.56000000000006,41,316.56000000000006
13834,213,2,324.19000000000005,306,162.09500000000003
13835,156,3,260.7,282,86.89999999999999
13836,36,2,620.3700000000001,51,310.18500000000006
13838,6,7,1274.3600000000001,216,182.0514285714286
13839,123,1,139.95,123,139.95
13840,53,1,651.4,53,651.4
13842,3,10,2244.29,298,224.429
13843,18,1,319.75000000000006,18,319.75000000000006
13846,36,1,442.73,36,442.73
13847,356,1,310.71999999999997,356,310.71999999999997
13848,3,6,2080.0,367,346.6666666666667
13849,34,3,1931.3499999999997,261,643.7833333333332
13851,16,5,1955.0000000000002,316,391.00000000000006
13852,247,1,187.35000000000002,247,187.35000000000002
13854,2,15,4144.4400000000005,337,276.29600000000005
13855,137,4,1310.3400000000001,368,327.58500000000004
13856,100,8,753.53,256,94.19125
13857,30,6,1001.01,208,166.835
13859,166,1,314.7,166,314.7
13861,66,2,273.26,167,136.63
13862,26,1,346.72999999999996,26,346.72999999999996
13863,102,3,933.77,230,311.25666666666666
13864,23,1,662.4000000000001,23,662.4000000000001
13869,18,6,5006.619999999999,328,834.4366666666665
13870,24,7,2941.1400000000003,306,420.1628571428572
13871,65,4,1482.6,356,370.65
13872,164,3,919.57,362,306.52333333333337
13873,20,5,649.3200000000002,283,129.86400000000003
13874,141,6,1508.6999999999998,310,251.44999999999996
13875,24,9,3027.58,359,336.3977777777778
13877,107,2,332.44000000000005,326,166.22000000000003
13878,184,3,1191.5300000000002,241,397.17666666666673
13879,282,1,395.5,282,395.5
13880,4,5,1171.8899999999999,199,234.378
13881,12,23,28019.579999999998,282,1218.242608695652
13883,40,10,3885.5399999999995,368,388.554
13884,13,5,1100.88,107,220.17600000000002
13888,41,5,1563.42,212,312.684
13889,19,5,1574.3300000000004,323,314.8660000000001
13890,11,4,1043.57,370,260.8925
13891,15,3,863.5600000000002,219,287.8533333333334
13892,114,2,634.6800000000001,212,317.34000000000003
13895,152,2,1415.45,373,707.725
13896,262,1,388.55,262,388.55
13897,75,2,849.56,314,424.78
13898,48,1,530.47,48,530.47
13900,26,3,869.6400000000001,261,289.88000000000005
13901,11,10,2809.1400000000003,340,280.91400000000004
13902,269,5,34095.26,361,6819.052000000001
13903,37,1,165.45000000000002,37,165.45000000000002
13905,369,1,312.65000000000003,369,312.65000000000003
13906,46,1,42.0,46,42.0
13907,328,1,136.8,328,136.8
13909,60,2,286.5999999999999,158,143.29999999999995
13911,16,11,1654.08,285,150.3709090909091
13912,60,1,124.94999999999999,60,124.94999999999999
13913,143,1,42.22,143,42.22
13915,31,1,70.80000000000001,31,70.80000000000001
13916,100,4,1275.81,312,318.9525
13919,61,2,975.87,177,487.935
13920,68,4,1774.6799999999998,199,443.66999999999996
13921,39,4,730.7000000000002,358,182.67500000000004
13922,74,2,692.95,104,346.475
13927,74,1,359.27,74,359.27
13929,53,9,2651.45,331,294.60555555555555
13931,29,9,4019.8500000000004,373,446.65000000000003
13935,233,3,6116.92,289,2038.9733333333334
13936,19,2,563.08,51,281.54
13937,39,1,721.2800000000001,39,721.2800000000001
13939,68,4,992.41,249,248.1025
13941,9,11,6009.34,360,546.3036363636364
13942,171,1,320.0,171,320.0
13943,214,1,246.54000000000002,214,246.54000000000002
13944,290,1,200.43,290,200.43
13945,31,2,854.1500000000001,116,427.07500000000005
13946,13,3,1314.6599999999999,372,438.21999999999997
13948,48,3,446.76000000000005,372,148.92000000000002
13952,17,12,9572.45,360,797.7041666666668
13953,46,5,3125.0,365,625.0
13955,12,1,222.20999999999995,12,222.20999999999995
13957,54,3,458.25,295,152.75
13958,16,8,4709.23,371,588.65375
13959,36,3,477.98,148,159.32666666666668
13961,29,1,538.4,29,538.4
13962,72,1,193.25,72,193.25
13963,4,14,2347.33,234,167.66642857142855
13964,24,2,438.90000000000003,67,219.45000000000002
13965,113,3,996.61,340,332.2033333333333
13966,72,1,390.86000000000007,72,390.86000000000007
13967,33,1,85.6,33,85.6
13968,60,1,123.66,60,123.66
13969,2,18,4311.93,261,239.55166666666668
13970,23,2,846.55,74,423.275
13971,60,6,1909.31,319,318.2183333333333
13974,219,1,264.13,219,264.13
13975,30,6,2832.5600000000004,312,472.0933333333334
13976,143,3,834.3800000000001,305,278.1266666666667
13977,48,1,519.81,48,519.81
13979,30,6,2546.36,373,424.3933333333334
13980,76,4,599.7800000000001,293,149.94500000000002
13981,52,1,331.14,52,331.14
13982,2,6,2573.7799999999997,325,428.9633333333333
13983,3,10,4505.02,367,450.50200000000007
13984,3,8,1128.0900000000001,369,141.01125000000002
13985,11,7,2960.7300000000005,305,422.96142857142866
13987,16,2,682.54,37,341.27
13988,20,2,609.8399999999999,262,304.91999999999996
13989,101,3,759.9799999999998,200,253.3266666666666
13992,17,2,142.7,100,71.35
13993,16,10,3309.3500000000004,373,330.93500000000006
13995,16,9,2508.3199999999997,358,278.7022222222222
13996,23,2,895.76,36,447.88
13997,156,3,382.30999999999995,187,127.43666666666665
13998,83,3,566.7,213,188.9
13999,11,17,5600.450000000001,371,329.4382352941177
14000,51,4,1410.68,374,352.67
14001,10,7,2487.01,130,355.2871428571429
14003,369,1,209.41000000000003,369,209.41000000000003
14004,30,4,1675.81,72,418.9525
14006,165,4,1234.4799999999998,289,308.61999999999995
14007,149,1,79.48,149,79.48
14008,69,1,509.04,69,509.04
14009,99,1,404.29999999999995,99,404.29999999999995
14010,202,2,445.15,202,222.575
14011,117,2,457.82000000000005,244,228.91000000000003
14013,17,2,611.55,260,305.775
14014,13,2,1443.03,213,721.515
14016,33,7,7062.200000000001,337,1008.8857142857144
14017,208,1,229.75000000000003,208,229.75000000000003
14018,282,1,367.1500000000001,282,367.1500000000001
14020,113,2,606.2099999999999,166,303.10499999999996
14021,11,4,1084.6799999999998,229,271.16999999999996
14022,123,1,352.15,123,352.15
14024,27,1,318.03999999999996,27,318.03999999999996
14025,101,8,4057.9000000000005,220,507.23750000000007
14026,107,2,713.11,262,356.555
14028,187,3,10396.5,187,3465.5
14030,3,14,5902.200000000001,366,421.58571428571435
14031,2,27,23712.309999999998,373,878.2337037037037
14032,3,6,1874.6800000000003,362,312.4466666666667
14033,192,1,109.44,192,109.44
14035,43,4,1428.6999999999998,249,357.17499999999995
14037,115,4,689.7499999999999,369,172.43749999999997
14038,34,2,1509.4999999999998,310,754.7499999999999
14039,212,1,115.08000000000001,212,115.08000000000001
14040,23,23,9030.65,375,392.63695652173914
14042,362,1,431.98,362,431.98
14043,128,2,304.25,366,152.125
14044,55,6,2470.2799999999997,321,411.7133333333333
14045,10,13,9653.279999999999,337,742.56
14047,9,10,2946.42,313,294.642
14048,19,2,338.76,19,169.38
14049,24,9,7557.3099999999995,254,839.701111111111
14051,3,15,6823.610000000001,373,454.9073333333334
14052,27,1,255.44999999999993,27,255.44999999999993
14053,34,2,312.05,123,156.025
14055,214,2,795.3199999999999,360,397.65999999999997
14057,18,5,2190.88,373,438.17600000000004
14058,99,2,469.19000000000005,167,234.59500000000003
14060,3,13,3378.66,275,259.8969230769231
14061,144,3,917.43,375,305.81
14062,11,12,15139.350000000002,366,1261.6125000000002
14063,75,9,22710.2,368,2523.355555555556
14064,67,10,1978.68,324,197.868
14065,26,3,891.02,68,297.00666666666666
14068,240,3,1262.5200000000002,314,420.8400000000001
14069,151,2,230.06,198,115.03
14070,321,1,326.55,321,326.55
14072,303,1,390.8500000000001,303,390.8500000000001
14074,260,1,219.4,260,219.4
14075,40,3,792.61,178,264.2033333333333
14077,32,1,115.66000000000001,32,115.66000000000001
14078,10,4,643.26,258,160.815
14079,319,1,243.63,319,243.63
14080,50,4,1070.0800000000002,374,267.52000000000004
14081,6,9,4435.58,366,492.84222222222223
14082,29,1,231.11000000000004,29,231.11000000000004
14083,8,3,388.83000000000004,358,129.61
14084,149,1,150.5,149,150.5
14085,5,16,5656.43,368,353.526875
14086,99,1,39.95,99,39.95
14087,41,2,651.8,372,325.9
14088,43,3,13544.99,58,4514.996666666667
14091,291,2,9530.080000000002,335,4765.040000000001
14092,11,10,3152.54,360,315.254
14094,76,1,335.21999999999997,76,335.21999999999997
14095,359,1,2.95,359,2.95
14097,118,2,422.86,282,211.43
14099,12,9,2661.5400000000004,366,295.7266666666667
14101,25,7,3985.14,258,569.3057142857143
14104,26,3,555.37,197,185.12333333333333
14105,45,4,4722.6,358,1180.65
14106,374,1,214.8,374,214.8
14107,85,4,2174.07,367,543.5175
14108,368,2,447.05,375,223.525
14110,72,21,7304.799999999999,375,347.847619047619
14112,88,6,2919.4399999999996,291,486.57333333333327
14113,12,12,5252.1900000000005,368,437.68250000000006
14114,32,5,977.5600000000001,243,195.512
14115,138,2,622.67,303,311.335
14118,65,1,458.45,65,458.45
14119,12,2,183.37,355,91.685
14122,43,3,362.41999999999996,374,120.80666666666666
14123,370,1,436.18,370,436.18
14126,81,1,466.33,81,466.33
14127,17,3,1190.3700000000001,62,396.79
14128,188,1,286.71,188,286.71
14129,36,4,1467.48,216,366.87
14130,12,3,1398.81,365,466.27
14131,285,1,187.87000000000003,285,187.87000000000003
14133,370,1,305.5,370,305.5
14134,19,15,11123.35,366,741.5566666666667
14135,4,11,4953.610000000001,374,450.32818181818186
14136,37,5,1570.81,368,314.162
14137,332,1,332.7,332,332.7
14139,127,3,670.9799999999999,179,223.65999999999997
14142,10,2,671.3399999999999,283,335.66999999999996
14144,123,1,30.6,123,30.6
14145,96,3,3857.85,247,1285.95
14146,20,7,5259.299999999999,332,751.3285714285713
14147,25,7,2106.8,277,300.9714285714286
14148,51,1,309.09000000000003,51,309.09000000000003
14151,310,2,679.45,353,339.725
14152,24,5,1376.05,296,275.21
14153,120,1,233.39999999999998,120,233.39999999999998
14154,18,6,5115.08,332,852.5133333333333
14156,8,102,196566.74,375,1927.1249019607842
14157,26,3,569.9,283,189.96666666666667
14159,16,9,3245.0,373,360.55555555555554
14160,247,7,8421.47,335,1203.0671428571427
14161,6,5,2208.3599999999997,363,441.6719999999999
14163,99,1,148.70999999999998,99,148.70999999999998
14166,142,2,256.84999999999997,263,128.42499999999998
14167,101,4,721.6500000000001,318,180.41250000000002
14168,57,2,370.45,201,185.225
14169,67,2,624.43,81,312.215
14170,12,3,597.3299999999999,32,199.10999999999999
14171,367,1,135.0,367,135.0
14172,242,3,402.7199999999999,279,134.23999999999998
14173,278,2,135.16,367,67.58
14175,55,5,4456.579999999999,264,891.3159999999998
14176,4,2,339.10999999999996,18,169.55499999999998
14177,18,9,1669.9299999999998,288,185.54777777777775
14180,9,9,1570.7300000000002,185,174.52555555555557
14181,47,2,310.55,199,155.275
14182,80,4,678.7700000000001,233,169.69250000000002
14183,48,2,286.28999999999996,118,143.14499999999998
14186,64,5,1550.6299999999999,281,310.126
14187,110,1,123.50000000000001,110,123.50000000000001
14189,5,2,1160.31,25,580.155
14190,303,1,79.9,303,79.9
14191,31,2,132.9,365,66.45
14192,25,1,293.74,25,293.74
14193,33,1,356.8,33,356.8
14194,29,15,7321.07,339,488.0713333333333
14195,76,4,1603.6000000000001,271,400.90000000000003
14197,47,1,390.05,47,390.05
14198,37,5,868.33,340,173.666
14199,60,3,906.3,167,302.09999999999997
14200,254,1,379.2000000000001,254,379.2000000000001
14201,46,3,446.1,225,148.70000000000002
14202,18,3,847.76,261,282.58666666666664
14203,34,1,339.34,34,339.34
14204,59,3,901.9300000000001,374,300.6433333333334
14205,31,7,1947.4999999999998,279,278.21428571428567
14206,25,2,856.8499999999999,39,428.42499999999995
14207,324,1,157.8,324,157.8
14208,188,1,415.31,188,415.31
14209,22,9,2919.84,323,324.4266666666667
14210,8,11,3955.68,339,359.6072727272727
14211,48,9,2161.1899999999996,367,240.13222222222217
14212,82,1,1119.6599999999999,82,1119.6599999999999
14213,41,1,1192.2000000000003,41,1192.2000000000003
14215,5,4,1626.6100000000004,368,406.6525000000001
14216,51,1,310.74,51,310.74
14217,3,7,1411.91,164,201.70142857142858
14219,46,2,543.8900000000001,130,271.94500000000005
14220,204,2,882.6,206,441.3
14221,86,8,3084.6899999999996,249,385.58624999999995
14224,27,5,847.78,181,169.55599999999998
14225,71,4,2037.0199999999998,333,509.25499999999994
14226,78,1,770.3399999999999,78,770.3399999999999
14227,51,5,3017.75,306,603.55
14228,74,3,745.5,183,248.5
14229,40,4,1046.8400000000001,108,261.71000000000004
14230,72,3,979.8000000000001,185,326.6
14231,87,1,309.91,87,309.91
14233,102,3,1441.5500000000002,281,480.5166666666667
14235,135,4,1573.13,256,393.2825
14236,9,4,1253.7800000000002,142,313.44500000000005
14237,10,2,471.14,227,235.57
14238,299,2,287.38000000000005,371,143.69000000000003
14239,68,10,1882.3200000000002,371,188.23200000000003
14240,60,1,357.15,60,357.15
14241,333,1,120.0,333,120.0
14243,2,8,4842.280000000001,113,605.2850000000001
14244,297,1,366.41999999999996,297,366.41999999999996
14247,41,4,635.89,188,158.9725
14248,96,2,730.3699999999999,152,365.18499999999995
14249,47,12,5625.461,316,468.7884166666667
14252,18,1,350.99,18,350.99
14253,130,2,363.4,260,181.7
14254,69,1,601.03,69,601.03
14255,183,1,1000.63,183,1000.63
14256,128,3,1504.93,331,501.6433333333334
14257,17,4,2854.7300000000005,285,713.6825000000001
14258,32,16,19381.36,372,1211.335
14260,108,3,824.2800000000001,185,274.76000000000005
14263,60,1,322.93,60,322.93
14264,16,4,1183.3900000000003,248,295.8475000000001
14265,101,2,843.17,249,421.585
14266,65,1,40.56,65,40.56
14268,107,1,354.84999999999997,107,354.84999999999997
14269,76,1,295.73,76,295.73
14271,46,1,106.81000000000002,46,106.81000000000002
14272,199,2,482.85,219,241.425
14274,323,1,256.6,323,256.6
14275,32,6,1189.3799999999999,244,198.23
14276,44,4,982.94,297,245.735
14277,48,6,13009.61,363,2168.2683333333334
14278,46,1,205.83,46,205.83
14279,157,2,191.86,318,95.93
14281,45,1,245.15,45,245.15
14282,4,11,4120.32,299,374.57454545454544
14283,100,4,628.4399999999999,206,157.10999999999999
14284,290,1,704.4,290,704.4
14285,150,4,1374.41,368,343.6025
14286,41,4,3851.01,372,962.7525
14290,50,3,2201.91,368,733.9699999999999
14291,17,12,4020.85,367,335.0708333333333
14292,47,7,4354.32,267,622.0457142857142
14293,5,6,2221.37,366,370.2283333333333
14294,44,1,375.34,44,375.34
14295,75,4,2196.71,368,549.1775
14296,58,2,456.4,211,228.2
14298,12,38,39667.19,365,1043.8734210526316
14299,2,19,10533.869999999999,374,554.4142105263157
14301,53,3,1352.0400000000002,303,450.68000000000006
14302,67,3,742.9,374,247.63333333333333
14303,44,2,277.94,71,138.97
14304,16,2,1341.5600000000002,207,670.7800000000001
14306,15,4,1058.0800000000002,314,264.52000000000004
14307,10,5,2075.31,369,415.062
14308,186,2,1147.02,186,573.51
14309,50,2,1428.28,187,714.14
14310,69,1,492.10000000000014,69,492.10000000000014
14311,204,1,206.19,204,206.19
14312,15,5,1478.6999999999998,141,295.73999999999995
14314,67,1,109.8,67,109.8
14315,201,2,716.69,271,358.345
14316,59,5,1370.3400000000001,267,274.06800000000004
14318,97,1,158.02000000000004,97,158.02000000000004
14319,61,1,494.85,61,494.85
14320,183,3,868.96,324,289.65333333333336
14321,68,2,687.3100000000001,110,343.65500000000003
14322,66,4,474.1,296,118.525
14324,46,2,701.6100000000001,330,350.80500000000006
14325,206,1,245.48,206,245.48
14326,100,2,757.13,169,378.565
14327,19,5,1583.2799999999997,337,316.65599999999995
14328,75,1,445.05,75,445.05
14329,12,8,4912.38,360,614.0475
14330,260,1,200.63,260,200.63
14332,18,2,1077.2000000000003,53,538.6000000000001
14334,62,4,1766.27,205,441.5675
14338,173,1,339.88,173,339.88
14339,65,1,310.75,65,310.75
14341,57,10,2285.04,375,228.504
14342,69,2,249.88,109,124.94
14343,58,4,1088.9099999999999,327,272.22749999999996
14344,4,14,2443.77,263,174.555
14346,62,3,1294.17,134,431.39000000000004
14347,373,1,82.60000000000001,373,82.60000000000001
14350,17,2,689.0999999999999,67,344.54999999999995
14353,47,2,285.90000000000003,68,142.95000000000002
14355,2,3,840.05,264,280.01666666666665
14358,26,2,400.06,65,200.03
14361,215,1,214.71000000000004,215,214.71000000000004
14363,39,2,227.47000000000003,88,113.73500000000001
14365,31,2,634.68,318,317.34
14366,162,1,136.0,162,136.0
14369,279,2,469.12999999999994,298,234.56499999999997
14370,87,6,1175.7800000000002,313,195.96333333333337
14372,80,2,860.0800000000002,236,430.0400000000001
14374,178,1,108.0,178,108.0
14375,87,2,875.3100000000001,178,437.65500000000003
14376,320,1,215.46,320,215.46
14378,258,1,131.25,258,131.25
14379,30,2,920.81,117,460.405
14380,319,1,48.96,319,48.96
14381,88,1,428.65999999999997,88,428.65999999999997
14382,27,1,620.73,27,620.73
14384,137,1,58.5,137,58.5
14388,9,9,3488.16,325,387.5733333333333
14389,61,3,854.55,227,284.84999999999997
14390,9,5,1747.0100000000002,62,349.40200000000004
14391,213,1,135.60000000000002,213,135.60000000000002
14392,69,1,266.4,69,266.4
14394,201,1,93.8,201,93.8
14395,9,12,4700.300000000001,237,391.6916666666668
14396,8,6,1633.94,374,272.3233333333333
14398,38,2,707.7899999999998,164,353.8949999999999
14399,31,8,2113.16,311,264.145
14400,45,2,1157.77,268,578.885
14401,61,9,2744.42,362,304.93555555555554
14402,289,1,285.6,289,285.6
14403,226,2,404.69999999999993,276,202.34999999999997
14404,6,8,1424.79,356,178.09875
14405,23,1,195.0,23,195.0
14408,108,4,1503.2399999999998,369,375.80999999999995
14409,5,5,1696.6400000000003,204,339.3280000000001
14410,13,2,1546.07,74,773.035
14412,61,1,656.16,61,656.16
14413,47,3,647.6700000000003,326,215.8900000000001
14414,11,1,902.3499999999999,11,902.3499999999999
14415,16,10,6191.32,360,619.132
14417,24,1,604.2,24,604.2
14419,19,1,202.85,19,202.85
14420,33,3,1251.65,328,417.2166666666667
14421,149,4,1656.26,328,414.065
14422,11,13,6007.880000000001,359,462.14461538461546
14423,74,2,651.41,331,325.705
14425,71,3,661.3899999999998,374,220.46333333333325
14426,40,7,7246.2699999999995,282,1035.1814285714286
14427,131,2,900.18,268,450.09
14429,40,1,516.2800000000001,40,516.2800000000001
14430,148,3,1220.9000000000003,244,406.96666666666675
14431,16,3,2143.8399999999997,324,714.6133333333332
14433,102,1,289.59999999999997,102,289.59999999999997
14435,138,1,90.42,138,90.42
14436,190,1,182.64,190,182.64
14437,2,5,895.84,220,179.168
14439,80,4,6781.8,324,1695.45
14440,2,9,4281.049999999999,374,475.67222222222216
14441,11,7,2898.8,327,414.11428571428576
14442,51,5,3777.2000000000003,327,755.44
14443,5,2,966.2700000000001,16,483.13500000000005
14444,93,1,132.04,93,132.04
14445,92,1,221.64999999999998,92,221.64999999999998
14446,23,1,201.73000000000002,23,201.73000000000002
14447,37,1,548.5,37,548.5
14449,9,5,1575.7000000000003,73,315.14000000000004
14450,16,4,645.19,247,161.2975
14451,26,10,2646.18,328,264.618
14452,32,2,401.1499999999999,158,200.57499999999996
14454,13,5,977.3,370,195.45999999999998
14455,69,4,628.2099999999999,132,157.05249999999998
14458,17,1,237.42,17,237.42
14459,288,1,3537.821,288,3537.821
14460,33,6,659.1600000000001,361,109.86000000000001
14461,19,10,4610.44,327,461.044
14462,69,1,265.99,69,265.99
14463,136,1,256.95,136,256.95
14464,205,2,110.99999999999999,264,55.49999999999999
14465,65,8,2887.4100000000003,338,360.92625000000004
14466,9,7,2374.5,363,339.2142857142857
14467,26,8,1622.23,374,202.77875
14468,370,1,204.24000000000004,370,204.24000000000004
14469,53,4,2112.21,316,528.0525
14470,67,1,250.84999999999997,67,250.84999999999997
14471,228,2,400.95000000000005,369,200.47500000000002
14472,326,1,291.38,326,291.38
14474,216,1,730.4200000000001,216,730.4200000000001
14475,45,1,225.3,45,225.3
14477,73,3,660.0,341,220.0
14478,19,4,1276.6600000000003,375,319.1650000000001
14479,2,3,982.8600000000001,370,327.62000000000006
14480,39,3,1020.4700000000001,355,340.1566666666667
14481,44,3,1674.98,314,558.3266666666667
14482,16,6,2289.76,107,381.6266666666667
14483,373,1,120.0,373,120.0
14484,38,3,749.06,359,249.68666666666664
14486,148,2,175.5,190,87.75
14487,5,2,257.28,16,128.64
14489,74,3,1111.55,249,370.51666666666665
14490,43,2,1273.47,65,636.735
14491,9,1,127.2,9,127.2
14492,67,7,1921.9099999999999,256,274.5585714285714
14493,27,5,2746.91,278,549.382
14494,38,2,261.9,368,130.95
14495,296,1,51.0,296,51.0
14496,10,6,2129.42,270,354.90333333333336
14497,310,1,221.69,310,221.69
14498,38,5,1953.95,187,390.79
14499,11,4,1323.6500000000003,106,330.9125000000001
14505,41,11,6096.200000000001,367,554.2
14506,6,3,1278.5,236,426.1666666666667
14507,15,5,1901.2500000000002,366,380.25000000000006
14508,13,3,598.52,177,199.50666666666666
14509,171,1,110.95000000000002,171,110.95000000000002
14510,12,3,1007.2800000000001,73,335.76000000000005
14512,20,5,948.19,369,189.638
14513,73,3,332.4200000000001,205,110.80666666666669
14514,73,6,3543.63,363,590.605
14515,24,6,1647.17,187,274.52833333333336
14516,153,1,163.92,153,163.92
14519,320,2,206.09,365,103.045
14521,128,1,199.45,128,199.45
14522,232,4,784.0799999999999,321,196.01999999999998
14524,46,4,1066.0300000000002,53,266.50750000000005
14525,65,8,3908.4399999999996,363,488.55499999999995
14526,26,1,262.40000000000003,26,262.40000000000003
14527,2,69,19283.48,374,279.47072463768114
14530,33,10,3271.49,324,327.149
14531,116,1,376.34,116,376.34
14532,48,7,2926.33,335,418.04714285714283
14533,44,4,1516.6499999999999,247,379.16249999999997
14534,34,8,1824.06,271,228.0075
14535,32,6,3166.54,290,527.7566666666667
14537,260,1,285.84,260,285.84
14538,167,3,982.59,320,327.53000000000003
14540,16,8,2799.08,369,349.885
14541,53,6,1038.03,338,173.005
14543,17,23,11276.44,375,490.28000000000003
14544,107,1,957.98,107,957.98
14545,311,1,349.25,311,349.25
14546,13,6,2619.81,370,436.635
14548,121,7,1974.69,370,282.09857142857146
14549,57,3,627.31,374,209.10333333333332
14550,25,2,587.6899999999999,120,293.84499999999997
14551,48,5,693.8100000000001,318,138.762
14552,17,2,346.21000000000004,229,173.10500000000002
14553,48,4,982.27,146,245.5675
14555,18,4,1991.49,358,497.8725
14556,233,3,835.3399999999999,325,278.44666666666666
14558,291,3,655.5,368,218.5
14559,27,1,75.6,27,75.6
14560,16,22,3876.2599999999998,374,176.19363636363636
14562,27,8,1654.6300000000003,307,206.82875000000004
14563,146,2,679.4400000000003,229,339.72000000000014
14564,71,2,2605.6200000000003,372,1302.8100000000002
14565,110,1,760.0999999999999,110,760.0999999999999
14566,54,3,2660.0,170,886.6666666666666
14568,72,1,919.7000000000003,72,919.7000000000003
14569,89,3,371.59000000000003,240,123.86333333333334
14570,80,1,395.69,80,395.69
14571,62,1,161.65,62,161.65
14572,54,4,2782.34,258,695.585
14573,9,5,968.0,337,193.6
14574,369,1,143.7,369,143.7
14575,125,1,460.71000000000004,125,460.71000000000004
14576,9,1,35.400000000000006,9,35.400000000000006
14577,31,3,514.54,365,171.51333333333332
14579,69,1,105.56,69,105.56
14580,155,1,14.85,155,14.85
14581,181,1,295.2,181,295.2
14583,20,3,728.48,258,242.82666666666668
14584,58,4,705.6500000000001,297,176.41250000000002
14585,19,4,986.22,53,246.555
14588,215,1,135.39,215,135.39
14589,8,1,39.75,8,39.75
14590,61,20,3006.62,369,150.331
14593,34,9,3094.02,367,343.78
14594,10,1,255.0,10,255.0
14595,90,2,423.85,325,211.925
14596,263,1,229.46999999999997,263,229.46999999999997
14597,16,4,1318.3899999999999,74,329.59749999999997
14598,206,1,162.07,206,162.07
14599,27,2,474.54,146,237.27
14600,30,1,471.84000000000003,30,471.84000000000003
14602,293,1,205.36,293,205.36
14604,270,1,143.85999999999999,270,143.85999999999999
14605,11,4,937.16,368,234.29
14606,3,102,18704.41,373,183.37656862745098
14607,104,8,7568.13,361,946.01625
14608,16,7,1567.79,370,223.97
14609,27,6,884.64,305,147.44
14610,32,2,24.35,151,12.175
14611,80,2,604.3300000000002,235,302.1650000000001
14612,52,1,877.6999999999998,52,877.6999999999998
14613,317,1,76.32000000000001,317,76.32000000000001
14614,23,1,295.13,23,295.13
14615,31,5,951.76,185,190.352
14616,22,2,121.7,185,60.85
14617,39,2,190.47,52,95.235
14618,13,4,788.8800000000001,183,197.22000000000003
14619,178,1,896.8,178,896.8
14621,148,4,1212.21,320,303.0525
14623,17,5,1170.33,239,234.06599999999997
14624,52,4,588.22,241,147.055
14625,11,9,3598.25,360,399.80555555555554
14626,32,7,2619.65,366,374.2357142857143
14627,16,1,462.75000000000006,16,462.75000000000006
14628,79,3,1326.04,320,442.0133333333333
14630,121,1,338.65,121,338.65
14631,23,3,1018.71,124,339.57
14634,74,4,2124.46,178,531.115
14635,90,1,215.22,90,215.22
14637,314,1,106.67999999999999,314,106.67999999999999
14639,45,3,1994.47,298,664.8233333333334
14640,46,4,1541.9800000000002,323,385.49500000000006
14643,254,3,986.0800000000002,365,328.6933333333334
14644,51,5,1416.96,373,283.392
14645,271,1,279.8,271,279.8
14646,11,78,248396.5,374,3184.5705128205127
14647,160,1,276.75,160,276.75
14648,53,15,4546.8600000000015,366,303.1240000000001
14649,19,5,2358.02,325,471.604
14650,225,1,62.5,225,62.5
14651,31,7,1379.52,268,197.0742857142857
14653,150,5,1666.9900000000002,374,333.398
14654,375,1,246.85999999999996,375,246.85999999999996
14655,25,3,1946.28,233,648.76
14656,52,3,523.5999999999999,240,174.5333333333333
14657,66,2,612.6500000000001,72,306.32500000000005
14662,64,3,645.1600000000001,373,215.05333333333337
14663,67,2,490.6,67,245.3
14665,64,2,913.95,229,456.975
14667,2,31,12685.939999999999,374,409.2238709677419
14668,82,1,111.62999999999998,82,111.62999999999998
14669,270,4,1973.94,374,493.485
14670,369,1,190.47,369,190.47
14671,186,2,1127.45,205,563.725
14672,152,2,347.59,317,173.795
14673,4,3,1674.4099999999999,46,558.1366666666667
14674,146,1,173.66000000000003,146,173.66000000000003
14675,25,1,462.15,25,462.15
14676,31,6,5808.55,276,968.0916666666667
14677,229,1,184.90999999999997,229,184.90999999999997
14678,216,1,403.39,216,403.39
14679,18,3,1289.44,368,429.81333333333333
14680,8,43,28658.660000000003,372,666.4804651162791
14681,24,3,376.20000000000005,290,125.40000000000002
14682,65,4,1462.81,309,365.7025
14683,225,1,146.56,225,146.56
14684,27,1,232.26999999999998,27,232.26999999999998
14685,213,8,4619.790000000001,363,577.4737500000001
14686,51,5,885.83,296,177.166
14687,37,2,773.68,188,386.84
14688,10,8,2082.7,93,260.3375
14690,29,2,422.62999999999994,47,211.31499999999997
14692,17,8,1153.54,254,144.1925
14693,62,6,992.46,162,165.41
14694,254,1,244.31,254,244.31
14695,156,3,1620.0700000000002,369,540.0233333333334
14696,10,2,688.95,58,344.475
14699,72,3,593.4700000000001,162,197.82333333333338
14700,52,2,880.96,122,440.48
14701,79,6,2012.72,321,335.4533333333333
14702,2,13,3462.08,365,266.31384615384616
14704,61,2,266.66,261,133.33
14706,255,1,390.69,255,390.69
14707,72,2,139.2,213,69.6
14708,5,3,1085.9099999999999,92,361.96999999999997
14709,16,12,3965.2899999999995,371,330.4408333333333
14710,16,9,1316.46,373,146.27333333333334
14712,55,1,411.0,55,411.0
14713,2,11,2752.51,373,250.22818181818184
14714,44,3,746.05,324,248.6833333333333
14715,79,4,973.0700000000002,326,243.26750000000004
14716,81,1,235.76999999999998,81,235.76999999999998
14717,370,1,81.3,370,81.3
14718,47,1,226.42,47,226.42
14721,16,1,115.77000000000001,16,115.77000000000001
14722,114,2,325.45000000000005,123,162.72500000000002
14723,8,7,934.76,372,133.53714285714287
14724,227,1,345.25,227,345.25
14725,31,3,597.1600000000001,171,199.05333333333337
14726,291,1,124.75,291,124.75
14727,183,2,199.34999999999997,183,99.67499999999998
14728,50,1,190.57999999999998,50,190.57999999999998
14729,10,3,593.89,262,197.96333333333334
14732,29,11,2814.58,367,255.8709090909091
14733,4,4,6599.06,39,1649.765
14734,62,4,1056.4199999999998,188,264.10499999999996
14735,25,24,6174.47,372,257.26958333333334
14736,122,2,401.08000000000004,122,200.54000000000002
14737,37,1,2389.62,37,2389.62
14738,197,2,507.45,369,253.725
14739,4,19,8385.220000000001,374,441.3273684210527
14740,46,8,2712.8500000000004,289,339.10625000000005
14741,9,2,497.25000000000006,54,248.62500000000003
14742,72,1,579.8499999999999,72,579.8499999999999
14743,229,1,50.48,229,50.48
14744,3,8,2785.1000000000004,207,348.13750000000005
14745,138,7,1351.55,274,193.07857142857142
14746,43,4,593.5,60,148.375
14748,5,7,1736.5700000000002,282,248.0814285714286
14749,116,1,310.15,116,310.15
14750,373,1,112.03,373,112.03
14751,321,2,126.45000000000002,363,63.22500000000001
14753,97,1,306.36,97,306.36
14754,62,4,912.4300000000001,327,228.10750000000002
14755,18,14,4962.2699999999995,373,354.4478571428571
14756,19,2,1914.8000000000002,61,957.4000000000001
14758,33,3,1380.9099999999999,247,460.3033333333333
14761,81,1,192.01999999999998,81,192.01999999999998
14762,263,1,117.05,263,117.05
14766,3,6,4082.7599999999998,188,680.4599999999999
14767,111,1,382.81,111,382.81
14769,27,9,5097.13,360,566.3477777777778
14770,104,6,2761.2200000000003,289,460.2033333333334
14771,258,2,594.6199999999998,373,297.3099999999999
14773,229,1,140.55,229,140.55
14774,165,1,241.45,165,241.45
14775,9,1,406.55999999999995,9,406.55999999999995
14776,24,4,1170.0000000000002,83,292.50000000000006
14777,40,1,307.56,40,307.56
14783,296,1,307.30000000000007,296,307.30000000000007
14784,26,1,159.94,26,159.94
14786,187,1,90.96,187,90.96
14787,108,1,110.64999999999999,108,110.64999999999999
14788,233,1,476.88,233,476.88
14790,11,6,1781.56,365,296.9266666666667
14791,243,1,303.63000000000005,243,303.63000000000005
14793,172,1,396.91,172,396.91
14794,39,3,633.99,124,211.33
14796,3,11,2867.1499999999996,362,260.65
14797,144,1,300.31,144,300.31
14798,18,5,550.5700000000002,285,110.11400000000003
14799,374,1,180.45,374,180.45
14800,6,6,3434.58,72,572.43
14802,75,2,1502.98,75,751.49
14805,41,3,549.99,258,183.33
14806,76,1,110.04,76,110.04
14807,27,2,519.29,286,259.645
14809,258,2,686.7600000000001,258,343.38000000000005
14810,6,3,449.14000000000004,66,149.71333333333334
14811,24,1,170.50000000000003,24,170.50000000000003
14812,235,1,185.79999999999998,235,185.79999999999998
14813,6,4,935.44,247,233.86
14814,218,1,160.45999999999998,218,160.45999999999998
14817,32,5,2849.5200000000004,264,569.9040000000001
14818,95,3,512.61,284,170.87
14819,131,2,198.08999999999997,355,99.04499999999999
14820,17,5,767.4700000000001,314,153.49400000000003
14821,3,7,1237.65,313,176.80714285714288
14822,122,1,157.70000000000002,122,157.70000000000002
14824,16,6,2895.2,274,482.5333333333333
14825,5,13,2698.17,249,207.55153846153846
14826,218,2,385.2,332,192.6
14828,25,10,7699.700000000001,369,769.97
14829,9,4,995.29,73,248.8225
14831,317,3,1676.5699999999997,374,558.8566666666666
14832,267,1,322.69,267,322.69
14833,135,1,94.8,135,94.8
14834,44,1,485.86,44,485.86
14835,165,2,297.0,254,148.5
14837,79,5,1810.8200000000004,321,362.1640000000001
14838,60,2,773.6700000000001,373,386.83500000000004
14839,55,3,915.2800000000001,341,305.09333333333336
14840,176,1,299.85999999999996,176,299.85999999999996
14841,11,8,3867.2400000000007,374,483.4050000000001
14843,73,1,211.8,73,211.8
14844,67,6,3512.6199999999994,243,585.4366666666666
14845,236,1,150.0,236,150.0
14846,64,1,437.4,64,437.4
14847,44,2,1039.55,201,519.775
14848,41,1,310.56,41,310.56
14849,10,21,7832.91,335,372.99571428571426
14850,54,6,1468.2599999999998,205,244.70999999999995
14851,267,1,318.06,267,318.06
14852,61,12,3310.4900000000002,281,275.87416666666667
14853,60,3,901.07,242,300.3566666666667
14854,27,4,1563.0300000000002,323,390.75750000000005
14855,111,5,5874.65,247,1174.9299999999998
14857,79,5,2478.731,271,495.74620000000004
14858,142,1,180.75,142,180.75
14859,191,1,351.9,191,351.9
14861,17,9,1254.94,368,139.4377777777778
14865,9,3,77.52,375,25.84
14866,3,8,6460.32,107,807.54
14867,32,13,2241.7800000000007,371,172.44461538461545
14868,17,4,1230.4200000000003,57,307.6050000000001
14869,25,4,2078.5400000000004,360,519.6350000000001
14870,50,5,1511.7000000000003,320,302.34000000000003
14871,130,5,736.5900000000003,375,147.31800000000004
14872,120,3,816.6,270,272.2
14873,270,1,334.45000000000005,270,334.45000000000005
14874,172,1,116.18,172,116.18
14875,78,1,1397.08,78,1397.08
14876,158,2,256.70000000000005,198,128.35000000000002
14877,55,2,437.0,279,218.5
14878,13,16,2619.7,293,163.73125
14879,321,1,185.06,321,185.06
14882,27,12,3038.45,256,253.20416666666665
14884,306,1,120.60000000000001,306,120.60000000000001
14885,64,2,832.8,102,416.4
14890,255,2,691.6,296,345.8
14891,53,2,552.35,73,276.175
14892,327,1,202.35000000000002,327,202.35000000000002
14893,254,1,571.76,254,571.76
14894,80,2,837.0599999999998,374,418.5299999999999
14895,20,18,13980.83,366,776.7127777777778
14896,2,7,1623.65,370,231.95000000000002
14897,46,4,1774.1599999999999,361,443.53999999999996
14898,8,9,2204.29,373,244.92111111111112
14899,32,1,1384.8799999999999,32,1384.8799999999999
14900,159,1,13.919999999999998,159,13.919999999999998
14901,3,5,868.36,135,173.672
14902,32,2,702.9600000000002,190,351.4800000000001
14904,45,2,615.2,64,307.6
14905,11,6,1355.24,373,225.87333333333333
14906,82,1,68.44,82,68.44
14907,4,10,2664.69,239,266.469
14908,100,1,104.10000000000001,100,104.10000000000001
14909,74,3,1404.6799999999998,300,468.22666666666663
14911,2,205,152147.57,375,742.183268292683
14912,38,4,1021.4000000000001,319,255.35000000000002
14913,25,4,2845.7,122,711.425
14915,12,9,1503.77,373,167.08555555555554
14916,68,4,1773.9700000000003,254,443.49250000000006
14917,233,2,1123.7500000000002,233,561.8750000000001
14918,41,7,4345.66,247,620.8085714285714
14919,176,1,359.34999999999997,176,359.34999999999997
14920,202,1,629.4000000000001,202,629.4000000000001
14922,30,2,843.7400000000001,144,421.87000000000006
14924,247,2,620.9600000000002,276,310.4800000000001
14926,18,2,359.4,235,179.7
14927,33,1,308.2,33,308.2
14928,264,1,223.91000000000003,264,223.91000000000003
14929,58,1,612.8100000000002,58,612.8100000000002
14930,107,3,2873.7700000000004,243,957.9233333333335
14932,2,2,666.1300000000001,22,333.06500000000005
14933,80,4,1770.0,81,442.5
14934,15,3,1612.5600000000002,78,537.5200000000001
14935,256,1,1065.12,256,1065.12
14936,27,4,4273.79,220,1068.4475
14938,199,2,2322.43,199,1161.215
14940,54,2,531.49,370,265.745
14941,215,1,182.1,215,182.1
14942,38,4,746.5600000000001,366,186.64000000000001
14943,300,1,107.62,300,107.62
14944,26,7,3884.42,297,554.9171428571428
14945,50,1,179.39999999999998,50,179.39999999999998
14947,25,4,758.97,261,189.7425
14949,106,4,515.0000000000001,358,128.75000000000003
14952,33,21,9529.86,373,453.8028571428572
14953,55,3,723.9499999999999,72,241.31666666666663
14954,340,1,167.26999999999998,340,167.26999999999998
14955,369,1,163.76999999999998,369,163.76999999999998
14956,58,1,1325.0,58,1325.0
14957,281,1,274.79999999999995,281,274.79999999999995
14958,232,3,458.26,373,152.75333333333333
14961,16,13,9365.470000000001,372,720.4207692307693
14962,176,3,240.21000000000004,221,80.07000000000001
14963,16,7,1676.68,162,239.5257142857143
14966,24,5,924.5200000000001,361,184.90400000000002
14967,78,5,1518.8100000000002,373,303.76200000000006
14968,95,1,357.4,95,357.4
14969,340,1,906.2299999999999,340,906.2299999999999
14970,46,8,3327.29,300,415.91125
14972,18,1,30.300000000000004,18,30.300000000000004
14975,58,1,192.45,58,192.45
14977,362,1,31.93,362,31.93
14978,67,5,1210.7200000000003,227,242.14400000000006
14979,372,1,439.4599999999999,372,439.4599999999999
14980,374,1,150.68,374,150.68
14981,60,1,270.8,60,270.8
14982,209,1,237.78,209,237.78
14983,326,1,183.20000000000005,326,183.20000000000005
14984,25,4,1058.1399999999999,334,264.53499999999997
14986,13,2,566.9000000000001,321,283.45000000000005
14987,2,7,1387.4499999999996,374,198.2071428571428
14988,17,6,1732.06,239,288.6766666666667
14989,298,1,342.40000000000003,298,342.40000000000003
14990,249,2,305.41999999999996,367,152.70999999999998
14991,67,1,314.66999999999996,67,314.66999999999996
14992,79,1,210.5,79,210.5
14993,200,1,36.129999999999995,200,36.129999999999995
14994,19,5,960.6299999999999,260,192.12599999999998
14996,118,2,442.28999999999996,118,221.14499999999998
14997,292,1,230.39999999999998,292,230.39999999999998
14998,65,2,340.86000000000007,242,170.43000000000004
14999,229,1,129.48000000000002,229,129.48000000000002
15001,31,2,230.85999999999996,31,115.42999999999998
15002,4,6,3175.52,333,529.2533333333333
15003,110,6,1060.6999999999998,319,176.7833333333333
15005,3,29,7789.629999999999,375,268.6079310344827
15006,90,1,323.05,90,323.05
15008,117,2,359.99999999999994,274,179.99999999999997
15011,32,2,416.6,53,208.3
15012,10,2,437.5800000000001,213,218.79000000000005
15013,124,10,1641.3000000000002,314,164.13000000000002
15015,138,13,2365.02,362,181.92461538461538
15016,30,4,460.26,180,115.065
15018,4,1,111.25,4,111.25
15020,16,1,203.42,16,203.42
15021,3,4,869.01,135,217.2525
15022,314,1,281.05,314,281.05
15023,6,10,5367.92,311,536.792
15024,4,8,2414.1800000000003,61,301.77250000000004
15025,205,1,636.0800000000002,205,636.0800000000002
15026,12,2,592.61,85,296.305
15027,32,6,2129.45,261,354.9083333333333
15028,5,3,530.58,31,176.86
15029,256,1,365.1,256,365.1
15030,17,6,1461.6299999999999,282,243.605
15031,31,10,2488.44,368,248.844
15032,3,7,8821.550000000001,366,1260.2214285714288
15034,23,6,4004.79,214,667.465
15037,13,2,402.51,13,201.255
15038,6,4,604.3699999999999,62,151.09249999999997
15039,5,47,20116.99,366,428.0210638297873
15040,178,1,7.49,178,7.49
15041,81,1,113.67,81,113.67
15042,232,1,179.52,232,179.52
15043,100,5,2336.8,170,467.36
15044,16,18,8504.1,360,472.45000000000005
15046,62,10,2598.62,331,259.86199999999997
15048,5,1,98.70000000000002,5,98.70000000000002
15050,58,2,2411.7,117,1205.85
15051,16,6,2543.55,375,423.925
15055,111,3,560.07,360,186.69000000000003
15056,157,1,133.45,157,133.45
15057,80,3,1766.46,371,588.82
15058,13,5,1285.04,290,257.008
15059,13,10,2185.8500000000004,370,218.58500000000004
15061,4,86,83284.38,375,968.423023255814
15062,60,4,1597.76,247,399.44
15064,47,4,1254.41,354,313.6025
15065,47,1,168.73000000000002,47,168.73000000000002
15067,50,2,2133.12,244,1066.56
15068,55,2,623.49,258,311.745
15070,9,3,737.0500000000001,361,245.68333333333337
15071,23,2,473.48999999999995,207,236.74499999999998
15072,116,1,187.52,116,187.52
15073,37,5,1744.6100000000001,318,348.922
15074,66,2,817.4599999999999,104,408.72999999999996
15076,129,2,566.89,159,283.445
15077,131,2,2428.08,367,1214.04
15078,5,23,8018.77,372,348.6421739130435
15079,2,8,2871.7400000000002,368,358.96750000000003
15080,64,2,546.25,138,273.125
15081,4,8,1460.92,172,182.615
15082,305,1,93.35000000000001,305,93.35000000000001
15084,16,2,965.2,282,482.6
15085,366,1,347.53999999999996,366,347.53999999999996
15086,201,2,218.52999999999997,262,109.26499999999999
15091,311,2,565.9000000000001,311,282.95000000000005
15092,99,1,318.65000000000003,99,318.65000000000003
15093,9,18,9729.09,368,540.505
15094,100,2,83.0,281,41.5
15095,57,6,1771.0400000000002,324,295.17333333333335
15097,220,2,660.27,220,330.135
15100,3,6,2018.6999999999998,338,336.45
15101,152,4,1160.41,227,290.1025
15102,167,2,554.6700000000001,183,277.33500000000004
15105,67,2,795.98,263,397.99
15107,9,4,620.8499999999999,88,155.21249999999998
15109,216,2,498.15000000000003,372,249.07500000000002
15110,40,2,509.75,122,254.875
15111,9,3,1163.3900000000003,229,387.7966666666668
15112,248,1,209.4,248,209.4
15114,20,2,639.5600000000001,58,319.78000000000003
15115,369,1,191.74,369,191.74
15117,85,3,934.19,271,311.3966666666667
15122,59,8,2863.6900000000005,256,357.96125000000006
15123,58,3,2456.86,270,818.9533333333334
15124,113,2,266.63,288,133.315
15125,116,9,5496.39,255,610.71
15126,173,2,449.49,324,224.745
15127,156,1,304.97,156,304.97
15128,67,1,312.68000000000006,67,312.68000000000006
15129,22,12,3412.7799999999993,247,284.39833333333326
15131,31,1,80.28000000000002,31,80.28000000000002
15133,19,2,824.48,157,412.24
15134,18,2,208.3,59,104.15
15135,193,1,166.63,193,166.63
15137,157,2,823.4,317,411.7
15138,30,1,502.52,30,502.52
15140,79,1,889.44,79,889.44
15141,94,7,1388.4699999999998,258,198.35285714285712
15142,47,5,2121.18,137,424.236
15143,69,1,304.18,69,304.18
15144,16,12,5579.869999999999,363,464.98916666666656
15149,213,4,1033.81,286,258.4525
15150,93,3,3686.6099999999997,180,1228.87
15151,60,2,2085.6099999999997,146,1042.8049999999998
15152,338,1,518.1400000000001,338,518.1400000000001
15154,115,2,1091.9900000000002,115,545.9950000000001
15155,20,1,383.97,20,383.97
15157,206,2,718.04,366,359.02
15158,38,1,204.62,38,204.62
15159,32,4,3475.72,68,868.93
15160,11,3,431.10999999999996,58,143.70333333333332
15161,25,1,119.91999999999999,25,119.91999999999999
15162,368,1,312.9,368,312.9
15164,26,6,1225.87,327,204.31166666666664
15165,10,1,487.75,10,487.75
15166,104,1,167.15999999999997,104,167.15999999999997
15167,44,4,1496.67,310,374.1675
15169,19,2,569.22,363,284.61
15170,43,1,81.15,43,81.15
15173,17,7,1494.6,254,213.5142857142857
15174,47,1,345.71000000000004,47,345.71000000000004
15176,304,1,988.0400000000001,304,988.0400000000001
15177,62,1,948.9300000000001,62,948.9300000000001
15179,29,8,5284.970000000001,373,660.6212500000001
15180,4,3,816.9300000000001,226,272.31
15181,57,2,510.72,368,255.36
15182,22,9,2376.102,293,264.0113333333333
15183,184,3,639.9300000000001,221,213.31000000000003
15184,24,2,283.19,360,141.595
15186,111,3,991.79,333,330.59666666666664
15188,362,1,310.42999999999995,362,310.42999999999995
15189,18,5,1298.99,146,259.798
15190,71,1,834.4399999999999,71,834.4399999999999
15191,100,3,588.0500000000001,325,196.01666666666668
15192,2,3,937.0699999999999,316,312.3566666666666
15194,5,14,4811.16,373,343.6542857142857
15196,69,2,316.25,363,158.125
15197,31,3,797.9,365,265.96666666666664
15198,45,3,377.71000000000004,326,125.90333333333335
15199,11,6,1853.7000000000003,212,308.95000000000005
15200,131,1,549.05,131,549.05
15201,76,2,606.4100000000002,248,303.2050000000001
15202,57,3,6001.49,57,2000.4966666666667
15203,27,9,2572.38,368,285.82
15207,53,3,683.9200000000001,184,227.97333333333336
15208,60,1,100.39999999999999,60,100.39999999999999
15209,367,1,178.97999999999996,367,178.97999999999996
15210,15,2,845.0099999999999,212,422.50499999999994
15211,2,1,383.0700000000001,2,383.0700000000001
15212,13,1,106.47999999999999,13,106.47999999999999
15215,30,4,1687.4900000000002,249,421.87250000000006
15216,255,1,389.48999999999995,255,389.48999999999995
15217,200,1,426.24000000000007,200,426.24000000000007
15218,26,11,5759.68,319,523.6072727272727
15219,285,1,379.70000000000005,285,379.70000000000005
15221,3,4,2062.2,274,515.55
15222,109,10,2965.91,360,296.591
15223,246,3,662.1999999999999,371,220.73333333333332
15224,149,3,549.28,330,183.09333333333333
15227,33,4,1269.0900000000004,270,317.2725000000001
15228,65,2,2193.56,136,1096.78
15229,223,1,160.50000000000003,223,160.50000000000003
15231,258,1,250.25999999999996,258,250.25999999999996
15233,38,1,59.400000000000006,38,59.400000000000006
15235,6,6,690.3000000000002,25,115.05000000000003
15240,11,7,2753.41,371,393.3442857142857
15241,67,3,1293.72,291,431.24
15242,59,1,302.04,59,302.04
15243,72,1,610.6000000000001,72,610.6000000000001
15244,303,1,280.50999999999993,303,280.50999999999993
15245,39,5,2095.0,232,419.0
15246,192,1,266.25,192,266.25
15247,114,2,620.06,174,310.03
15248,48,3,1893.93,171,631.3100000000001
15249,67,5,2577.54,260,515.508
15250,277,1,60.0,277,60.0
15251,51,10,9839.549999999996,316,983.9549999999996
15252,58,3,1362.63,248,454.21000000000004
15253,40,3,1136.8899999999999,223,378.9633333333333
15254,183,2,787.99,197,393.995
15255,33,8,2838.5700000000006,373,354.8212500000001
15256,198,1,71.95,198,71.95
15257,51,1,368.75,51,368.75
15259,149,4,1182.38,319,295.595
15260,9,20,7377.460000000001,370,368.87300000000005
15261,18,3,1253.1799999999998,71,417.72666666666663
15262,17,2,239.87,125,119.935
15264,167,1,454.66,167,454.66
15265,241,2,1839.52,375,919.76
15266,16,4,732.9100000000001,338,183.22750000000002
15268,115,3,961.9000000000002,242,320.6333333333334
15269,17,2,816.56,27,408.28
15270,37,14,6145.370000000001,359,438.95500000000004
15271,2,10,2202.4700000000003,128,220.247
15272,87,4,1363.5400000000004,300,340.8850000000001
15273,236,1,228.96,236,228.96
15276,31,3,514.22,71,171.40666666666667
15277,62,1,220.44000000000003,62,220.44000000000003
15278,198,4,496.16,302,124.04
15279,17,4,1290.03,312,322.5075
15280,125,2,293.0999999999999,208,146.54999999999995
15281,15,7,6211.42,64,887.3457142857143
15282,207,1,348.59000000000003,207,348.59000000000003
15283,27,3,148.33,155,49.443333333333335
15284,137,1,24.75,137,24.75
15285,44,1,94.91999999999999,44,94.91999999999999
15287,16,3,369.34000000000003,374,123.11333333333334
15288,2,6,1576.6100000000006,302,262.76833333333343
15289,95,2,653.3100000000001,258,326.65500000000003
15290,30,8,2553.06,290,319.1325
15291,10,26,9178.26,373,353.01
15293,302,1,247.5,302,247.5
15294,47,1,233.35,47,233.35
15295,291,1,217.23999999999998,291,217.23999999999998
15296,57,6,6669.97,324,1111.6616666666666
15298,3,12,4659.470000000001,368,388.28916666666674
15299,9,6,3484.53,333,580.755
15301,5,6,2533.09,87,422.1816666666667
15302,367,1,308.0,367,308.0
15303,202,2,650.1600000000001,320,325.08000000000004
15304,5,2,225.15,58,112.575
15305,192,1,93.6,192,93.6
15306,137,6,2310.38,296,385.06333333333333
15309,247,4,797.96,372,199.49
15310,115,1,1634.6399999999999,115,1634.6399999999999
15311,2,121,56003.26,375,462.83685950413224
15312,20,8,2005.3399999999997,360,250.66749999999996
15314,50,2,492.48,65,246.24
15317,314,1,129.75,314,129.75
15321,74,9,3961.42,311,440.15777777777777
15322,113,1,711.1800000000001,113,711.1800000000001
15323,199,3,434.59999999999997,298,144.86666666666665
15324,338,1,140.22000000000003,338,140.22000000000003
15325,32,7,1439.72,298,205.67428571428573
15326,246,4,1388.8099999999997,375,347.20249999999993
15328,44,1,107.24000000000001,44,107.24000000000001
15329,11,8,1934.6299999999999,362,241.82874999999999
15331,136,3,767.91,246,255.97
15332,3,6,4892.68,150,815.4466666666667
15336,38,1,240.5,38,240.5
15337,48,1,373.02,48,373.02
15338,314,1,283.42999999999995,314,283.42999999999995
15339,58,5,1253.77,306,250.754
15340,198,1,105.50000000000001,198,105.50000000000001
15341,86,1,382.2,86,382.2
15346,62,2,343.7,68,171.85
15347,3,4,1162.0000000000002,74,290.50000000000006
15350,10,2,547.6,20,273.8
15351,6,4,1778.18,69,444.545
15352,185,1,114.95,185,114.95
15353,4,6,2398.9300000000003,374,399.8216666666667
15354,240,3,284.4,240,94.8
15356,5,4,698.45,59,174.6125
15358,2,22,8703.21,369,395.6004545454545
15359,299,8,181.35,330,22.66875
15361,163,3,270.15,180,90.05
15362,85,2,613.0799999999999,375,306.53999999999996
15363,9,2,678.11,129,339.055
15365,40,6,2242.8100000000004,310,373.80166666666673
15366,46,5,1786.57,288,357.31399999999996
15367,55,7,3203.74,366,457.6771428571428
15368,31,1,275.79999999999995,31,275.79999999999995
15369,129,11,6251.259999999999,368,568.2963636363636
15370,47,1,1352.96,47,1352.96
15371,299,1,59.400000000000006,299,59.400000000000006
15372,87,7,4009.66,300,572.8085714285714
15373,8,6,1005.48,223,167.58
15374,261,1,139.32000000000002,261,139.32000000000002
15375,327,1,60.959999999999994,327,60.959999999999994
15377,19,4,1211.7499999999998,52,302.93749999999994
15378,99,2,246.5,138,123.25
15379,37,1,1174.55,37,1174.55
15380,2,7,1788.8,375,255.54285714285714
15381,60,3,1293.72,220,431.24
15382,11,6,7777.84,372,1296.3066666666666
15384,18,2,1385.38,229,692.69
15385,29,2,625.2,314,312.6
15387,129,1,468.65,129,468.65
15389,37,4,2233.8,318,558.45
15390,33,2,1216.6600000000003,46,608.3300000000002
15391,221,1,289.87,221,289.87
15392,11,3,1376.0899999999997,68,458.69666666666654
15393,204,3,659.48,361,219.82666666666668
15394,32,7,3103.2599999999998,361,443.3228571428571
15396,220,1,508.20000000000005,220,508.20000000000005
15400,57,3,586.0999999999999,197,195.36666666666665
15401,89,2,216.94999999999996,205,108.47499999999998
15402,24,4,1203.7700000000002,228,300.94250000000005
15403,128,2,170.88,367,85.44
15404,12,1,257.06,12,257.06
15405,213,1,310.74,213,310.74
15406,90,2,465.16,90,232.58
15409,358,1,131.25,358,131.25
15410,205,2,1234.88,236,617.44
15413,328,5,6798.72,375,1359.7440000000001
15416,115,3,588.5,313,196.16666666666666
15418,62,2,452.32,223,226.16
15420,71,6,743.0,371,123.83333333333333
15421,22,6,2854.98,369,475.83
15422,16,5,1522.2700000000002,307,304.45400000000006
15423,218,2,223.39000000000001,258,111.69500000000001
15424,100,1,214.44,100,214.44
15425,37,4,1944.57,300,486.1425
15426,6,5,1168.0,223,233.6
15428,24,3,668.9700000000001,359,222.99000000000004
15430,104,2,954.7499999999999,165,477.37499999999994
15431,139,1,153.24,139,153.24
15432,178,1,149.57000000000002,178,149.57000000000002
15434,11,6,1525.5800000000004,321,254.2633333333334
15437,277,1,193.29,277,193.29
15439,41,4,1269.0499999999997,290,317.26249999999993
15441,33,3,1254.2100000000003,367,418.0700000000001
15443,111,7,1939.02,279,277.0028571428571
15445,227,1,171.0,227,171.0
15446,13,3,406.95,363,135.65
15447,164,4,337.71000000000004,262,84.42750000000001
15448,311,1,294.16999999999996,311,294.16999999999996
15451,71,2,233.20999999999998,236,116.60499999999999
15452,27,3,1260.38,148,420.1266666666667
15454,255,1,128.59,255,128.59
15455,234,1,38.25,234,38.25
15456,40,7,1672.0500000000002,368,238.86428571428573
15458,39,1,208.79999999999998,39,208.79999999999998
15459,54,2,202.83,134,101.415
15461,97,2,429.7,268,214.85
15462,82,1,502.45,82,502.45
15465,6,15,5301.03,366,353.402
15466,26,3,1236.48,373,412.16
15468,29,1,962.9699999999998,29,962.9699999999998
15469,75,1,335.7,75,335.7
15470,212,1,63.419999999999995,212,63.419999999999995
15471,17,2,847.08,187,423.54
15473,81,1,274.8,81,274.8
15474,232,1,163.1,232,163.1
15476,17,4,2209.9799999999996,79,552.4949999999999
15477,286,1,368.4,286,368.4
15478,212,1,583.56,212,583.56
15479,370,1,147.4,370,147.4
15480,102,4,5373.5,313,1343.375
15481,38,1,1993.3400000000004,38,1993.3400000000004
15482,23,7,3537.6,374,505.37142857142857
15483,22,6,628.39,321,104.73166666666667
15484,177,2,1061.69,371,530.845
15485,10,5,3196.51,375,639.302
15486,164,1,102.0,164,102.0
15487,316,1,231.32000000000002,316,231.32000000000002
15488,93,4,340.6,220,85.15
15489,37,5,1285.3300000000002,330,257.06600000000003
15490,67,1,217.6,67,217.6
15493,26,4,2313.1800000000003,291,578.2950000000001
15494,115,3,2480.82,365,826.94
15495,16,1,246.49999999999997,16,246.49999999999997
15496,268,1,146.14000000000001,268,146.14000000000001
15497,19,7,7395.1900000000005,358,1056.4557142857143
15498,3,19,12723.18,360,669.641052631579
15499,360,1,161.59999999999997,360,161.59999999999997
15501,41,2,402.49999999999994,52,201.24999999999997
15502,5,5,3608.54,191,721.708
15503,363,1,120.06000000000002,363,120.06000000000002
15504,157,3,371.02,302,123.67333333333333
15506,18,3,1060.77,114,353.59
15509,17,1,166.50999999999996,17,166.50999999999996
15512,27,2,210.57999999999998,313,105.28999999999999
15513,2,18,12992.330000000002,332,721.7961111111113
15514,16,7,2459.09,372,351.29857142857145
15515,24,1,171.80999999999997,24,171.80999999999997
15518,16,7,2276.49,356,325.2128571428571
15519,20,2,344.61,83,172.305
15521,37,8,4106.49,340,513.31125
15523,25,15,16947.98,374,1129.8653333333334
15524,243,1,151.4,243,151.4
15525,10,2,469.7800000000001,19,234.89000000000004
15527,31,15,3145.86,361,209.72400000000002
15529,3,2,1116.72,31,558.36
15530,149,1,311.36999999999995,149,311.36999999999995
15532,13,6,2190.9700000000003,186,365.1616666666667
15534,362,1,162.25,362,162.25
15535,41,2,551.42,85,275.71
15536,46,1,259.09,46,259.09
15538,174,6,3358.4,300,559.7333333333333
15540,12,1,247.38,12,247.38
15542,149,3,918.4499999999999,374,306.15
15543,96,1,114.98,96,114.98
15544,9,12,4615.72,317,384.6433333333334
15545,8,1,135.32999999999998,8,135.32999999999998
15546,243,2,1079.1,243,539.55
15547,13,12,5199.55,370,433.29583333333335
15548,232,1,158.09,232,158.09
15549,58,5,652.7,334,130.54000000000002
15550,15,8,1643.17,373,205.39625
15551,31,6,1274.0200000000002,187,212.3366666666667
15552,260,1,162.39999999999998,260,162.39999999999998
15555,2,22,7307.18,370,332.1445454545455
15558,276,1,214.13000000000002,276,214.13000000000002
15559,205,1,1109.3999999999999,205,1109.3999999999999
15560,34,2,153.52,34,76.76
15561,20,4,1133.8,300,283.45
15562,61,2,538.83,363,269.415
15563,151,3,1466.56,317,488.8533333333333
15564,100,2,70.74000000000001,313,35.370000000000005
15566,29,2,227.87000000000003,361,113.93500000000002
15569,27,5,2210.64,286,442.128
15570,6,14,5145.5199999999995,258,367.53714285714284
15571,23,10,3401.2,370,340.12
15572,17,3,1515.8100000000004,241,505.27000000000015
15573,255,3,599.7299999999999,366,199.90999999999997
15574,9,3,816.45,101,272.15000000000003
15575,256,1,30.099999999999998,256,30.099999999999998
15577,360,2,139.09999999999997,363,69.54999999999998
15579,20,3,953.9000000000002,69,317.96666666666675
15580,13,8,1381.1899999999998,307,172.64874999999998
15581,3,26,4114.620000000001,374,158.25461538461542
15583,13,1,107.86000000000001,13,107.86000000000001
15584,36,2,552.3900000000002,307,276.1950000000001
15586,229,3,1139.1,337,379.7
15587,29,3,608.4,128,202.79999999999998
15588,314,1,579.6,314,579.6
15590,19,5,1496.6,243,299.32
15591,219,3,217.9,310,72.63333333333334
15595,124,1,357.59999999999997,124,357.59999999999997
15596,2,5,1723.4500000000003,136,344.69000000000005
15597,212,1,238.8,212,238.8
15598,64,1,307.34,64,307.34
15599,82,1,488.31999999999994,82,488.31999999999994
15600,65,4,1199.31,230,299.8275
15601,9,17,8183.5599999999995,375,481.38588235294117
15602,5,8,1932.6399999999999,374,241.57999999999998
15603,285,1,40.0,285,40.0
15605,10,5,738.57,331,147.714
15606,27,8,2310.83,284,288.85375
15607,180,8,1604.21,337,200.52625
15608,52,1,692.3,52,692.3
15611,20,13,1405.83,320,108.14076923076922
15613,247,1,433.72,247,433.72
15614,74,4,3147.36,263,786.84
15615,27,24,10974.23,374,457.2595833333333
15616,75,1,317.11,75,317.11
15617,33,3,828.5500000000001,144,276.18333333333334
15620,46,1,389.18,46,389.18
15622,64,8,4143.05,282,517.88125
15623,30,7,2136.02,366,305.1457142857143
15625,13,5,1702.1399999999999,179,340.428
15626,58,1,391.71999999999997,58,391.71999999999997
15627,94,2,566.9,159,283.45
15628,3,9,2782.0200000000004,363,309.1133333333334
15629,87,4,2240.9000000000005,169,560.2250000000001
15630,281,1,295.05,281,295.05
15631,279,1,596.6700000000001,279,596.6700000000001
15633,146,13,4352.46,368,334.8046153846154
15634,20,1,311.1,20,311.1
15635,32,1,100.35,32,100.35
15636,74,2,719.82,206,359.91
15637,50,4,574.23,361,143.5575
15638,15,6,2265.2,247,377.5333333333333
15639,88,2,639.7599999999998,242,319.8799999999999
15640,9,15,11441.92,362,762.7946666666667
15641,33,8,3458.3500000000004,370,432.29375000000005
15642,366,1,105.77999999999999,366,105.77999999999999
15645,51,2,443.1600000000001,62,221.58000000000004
15646,9,3,526.97,47,175.65666666666667
15647,52,1,169.0,52,169.0
15649,4,3,1354.35,24,451.45
15650,158,2,553.88,265,276.94
15651,57,2,612.7599999999999,233,306.37999999999994
15652,24,4,1082.6,122,270.65
15658,9,4,1399.3700000000001,373,349.84250000000003
15659,23,2,226.04000000000002,290,113.02000000000001
15660,2,7,1212.1300000000003,309,173.16142857142862
15661,16,6,906.1500000000001,215,151.025
15662,298,2,283.73,375,141.865
15664,86,3,867.5999999999999,286,289.2
15665,48,3,1773.1100000000001,272,591.0366666666667
15666,109,2,632.9399999999999,132,316.46999999999997
15670,193,1,152.15,193,152.15
15672,362,1,45.300000000000004,362,45.300000000000004
15673,88,5,3533.7700000000004,292,706.7540000000001
15674,54,8,4501.630000000001,368,562.7037500000001
15675,41,1,218.35,41,218.35
15677,58,2,648.4000000000001,100,324.20000000000005
15678,32,2,1541.1900000000003,159,770.5950000000001
15680,3,8,3173.9,374,396.7375
15681,16,9,1563.5400000000004,201,173.72666666666672
15682,236,2,318.23999999999995,324,159.11999999999998
15683,110,1,330.78999999999996,110,330.78999999999996
15684,184,3,173.95,372,57.98333333333333
15685,87,1,55.98,87,55.98
15686,57,1,90.0,57,90.0
15688,55,1,190.57,55,190.57
15689,254,1,266.93,254,266.93
15691,31,3,434.5,370,144.83333333333334
15693,296,1,37.5,296,37.5
15694,2,12,4331.41,369,360.9508333333333
15695,234,2,721.0599999999998,318,360.5299999999999
15696,60,5,1170.1100000000004,321,234.02200000000008
15697,326,1,246.75,326,246.75
15698,261,1,46.2,261,46.2
15702,113,2,140.39,319,70.195
15704,139,2,1524.3400000000001,220,762.1700000000001
15708,6,3,1014.48,62,338.16
15709,226,1,194.59999999999997,226,194.59999999999997
15710,54,1,898.8700000000001,54,898.8700000000001
15711,193,2,420.25,321,210.125
15712,16,7,2400.05,375,342.86428571428576
15713,3,3,654.09,360,218.03
15714,90,3,453.92999999999995,192,151.30999999999997
15715,192,5,658.02,256,131.60399999999998
15716,6,8,1938.0000000000002,369,242.25000000000003
15717,58,4,456.70000000000005,229,114.17500000000001
15718,177,1,293.79,177,293.79
15719,18,18,5177.450000000001,375,287.6361111111112
15720,187,1,143.19,187,143.19
15722,82,6,3035.54,277,505.92333333333335
15723,48,3,744.55,211,248.1833333333333
15724,37,1,92.6,37,92.6
15726,27,1,321.91,27,321.91
15727,24,8,4266.55,321,533.31875
15728,16,2,544.6,81,272.3
15729,37,2,107.55000000000001,40,53.775000000000006
15730,18,2,605.7,68,302.85
15731,190,1,125.3,190,125.3
15732,9,9,1387.9499999999998,310,154.21666666666664
15734,73,2,923.8499999999999,184,461.92499999999995
15735,58,1,327.68,58,327.68
15736,72,2,1815.7200000000003,72,907.8600000000001
15738,9,26,8560.55,366,329.25192307692305
15741,95,2,208.62,255,104.31
15742,256,1,156.86999999999998,256,156.86999999999998
15747,12,6,1588.57,327,264.76166666666666
15748,86,2,465.44999999999993,86,232.72499999999997
15750,3,12,4331.711,375,360.9759166666667
15751,97,11,1380.44,370,125.49454545454546
15752,9,3,1570.16,94,523.3866666666667
15754,130,6,2579.0400000000004,292,429.8400000000001
15755,16,11,3628.87,372,329.8972727272727
15757,23,4,2225.94,184,556.485
15759,148,4,577.8899999999999,374,144.47249999999997
15760,267,2,13916.34,267,6958.17
15761,79,1,143.05,79,143.05
15764,71,2,1223.11,115,611.555
15765,303,1,370.63,303,370.63
15766,93,2,516.0,319,258.0
15768,113,31,14979.26,373,483.20193548387095
15769,8,21,32451.6,365,1545.3142857142857
15770,249,1,321.45000000000005,249,321.45000000000005
15771,241,3,1006.54,330,335.5133333333333
15772,55,1,280.88,55,280.88
15773,46,1,138.83999999999997,46,138.83999999999997
15774,55,5,1059.14,293,211.82800000000003
15775,268,1,45.599999999999994,268,45.599999999999994
15777,33,3,715.5000000000001,205,238.50000000000003
15778,68,1,307.95,68,307.95
15779,100,2,124.08000000000001,169,62.040000000000006
15782,67,1,1399.3600000000001,67,1399.3600000000001
15784,104,2,848.33,309,424.165
15785,16,11,3640.96,361,330.99636363636364
15786,54,2,3582.62,173,1791.31
15788,145,1,221.83000000000004,145,221.83000000000004
15789,68,5,1610.71,260,322.142
15791,166,3,1995.6499999999999,278,665.2166666666666
15792,36,2,933.84,255,466.92
15793,15,5,1433.96,375,286.79200000000003
15794,373,2,777.0000000000001,374,388.50000000000006
15795,67,7,1369.8600000000001,327,195.69428571428574
15796,11,9,2464.27,255,273.8077777777778
15797,218,2,613.6800000000001,318,306.84000000000003
15798,129,3,1535.37,318,511.78999999999996
15799,55,1,540.15,55,540.15
15800,90,5,543.5,255,108.7
15803,82,3,1513.8400000000004,313,504.61333333333346
15805,22,13,4660.75,366,358.5192307692308
15807,45,2,913.6199999999999,303,456.80999999999995
15808,6,18,14674.960000000001,375,815.2755555555556
15809,96,2,758.6700000000002,172,379.3350000000001
15810,23,4,1607.0600000000002,310,401.76500000000004
15811,2,2,1671.9,25,835.95
15812,72,7,3400.33,361,485.76142857142855
15814,30,2,689.1100000000001,240,344.55500000000006
15816,179,2,144.15,179,72.075
15817,57,3,2766.4,180,922.1333333333333
15818,225,1,340.5,225,340.5
15819,68,6,2029.3400000000001,268,338.22333333333336
15822,130,4,954.59,370,238.6475
15823,9,3,3882.17,368,1294.0566666666666
15824,90,2,890.94,169,445.47
15826,205,1,943.9700000000001,205,943.9700000000001
15827,9,16,1957.9799999999998,337,122.37374999999999
15828,12,1,1108.82,12,1108.82
15833,374,1,80.39999999999999,374,80.39999999999999
15834,13,3,1539.2399999999998,61,513.0799999999999
15837,122,1,385.03,122,385.03
15838,4,16,40519.92,361,2532.495
15841,23,5,1518.3500000000001,366,303.67
15842,30,2,548.8,164,274.4
15845,173,3,714.5100000000001,319,238.17000000000004
15846,22,1,107.01000000000002,22,107.01000000000002
15847,65,3,433.3,278,144.43333333333334
15848,258,1,139.94,258,139.94
15850,13,4,819.8699999999999,363,204.96749999999997
15851,163,1,109.73,163,109.73
15852,163,1,96.55000000000001,163,96.55000000000001
15854,13,9,2609.16,366,289.90666666666664
15855,113,1,340.48,113,340.48
15856,2,26,17832.77,373,685.8757692307693
15857,67,1,273.48,67,273.48
15858,4,9,2521.52,366,280.1688888888889
15859,69,1,438.4599999999999,69,438.4599999999999
15860,5,10,1528.0,370,152.8
15861,93,4,1236.4299999999998,317,309.10749999999996
15862,10,10,2095.41,359,209.541
15863,254,3,289.85999999999996,359,96.61999999999999
15864,18,1,244.43999999999997,18,244.43999999999997
15865,50,2,1353.79,340,676.895
15867,6,17,5251.3099999999995,362,308.9005882352941
15868,220,1,94.53,220,94.53
15869,263,1,174.02,263,174.02
15870,33,3,508.52,83,169.50666666666666
15871,74,1,33.099999999999994,74,33.099999999999994
15872,15,2,434.75,187,217.375
15873,136,4,313.91999999999996,137,78.47999999999999
15874,24,14,6878.88,338,491.34857142857146
15875,283,1,111.72,283,111.72
15876,46,2,1449.1399999999999,85,724.5699999999999
15878,198,2,330.7699999999999,370,165.38499999999996
15879,41,4,1157.3000000000002,359,289.32500000000005
15880,6,1,343.28,6,343.28
15882,5,6,979.6199999999999,366,163.26999999999998
15884,69,2,249.70000000000002,373,124.85000000000001
15885,20,12,1572.4699999999998,324,131.03916666666666
15886,53,3,871.78,235,290.5933333333333
15887,43,3,1027.15,192,342.3833333333334
15888,37,2,260.85,163,130.425
15889,6,7,1359.41,366,194.20142857142858
15890,31,5,535.65,241,107.13
15892,306,1,128.2,306,128.2
15893,118,1,305.28000000000003,118,305.28000000000003
15894,6,1,156.73999999999995,6,156.73999999999995
15898,4,22,4207.43,365,191.24681818181818
15899,5,1,56.25,5,56.25
15900,50,3,549.29,199,183.09666666666666
15901,88,4,339.34,180,84.835
15902,17,1,145.01000000000005,17,145.01000000000005
15903,15,5,3813.0800000000004,331,762.6160000000001
15905,180,1,114.69000000000001,180,114.69000000000001
15906,11,3,987.9500000000002,87,329.3166666666667
15908,127,2,764.57,149,382.285
15910,37,7,1449.62,324,207.0885714285714
15911,260,8,1702.3400000000001,367,212.79250000000002
15912,73,7,810.0799999999999,366,115.72571428571428
15913,171,1,6.300000000000001,171,6.300000000000001
15914,15,2,205.98999999999998,15,102.99499999999999
15915,38,1,429.21,38,429.21
15916,3,7,1899.08,366,271.29714285714283
15917,243,4,437.5299999999999,374,109.38249999999998
15918,268,1,248.64999999999998,268,248.64999999999998
15919,5,1,270.72,5,270.72
15920,61,5,404.14,362,80.828
15921,33,3,466.08,277,155.35999999999999
15922,10,1,369.50000000000006,10,369.50000000000006
15923,9,1,127.08000000000001,9,127.08000000000001
15924,368,1,102.82000000000001,368,102.82000000000001
15926,179,1,134.44,179,134.44
15927,284,1,123.38999999999999,284,123.38999999999999
15928,293,1,293.53000000000003,293,293.53000000000003
15929,281,1,594.0,281,594.0
15931,65,1,239.90000000000003,65,239.90000000000003
15934,54,2,2190.66,66,1095.33
15936,16,2,282.79,104,141.395
15938,93,4,330.2299999999999,193,82.55749999999998
15939,11,1,2945.38,11,2945.38
15941,274,1,405.0,274,405.0
15943,286,2,271.28999999999996,314,135.64499999999998
15944,30,3,1839.1399999999999,363,613.0466666666666
15945,2,4,646.2700000000001,375,161.56750000000002
15946,139,3,2304.18,270,768.06
15948,61,1,553.85,61,553.85
15950,12,6,5415.2,319,902.5333333333333
15951,18,1,304.95,18,304.95
15953,6,11,2010.17,373,182.74272727272728
15954,226,1,190.74999999999997,226,190.74999999999997
15955,9,9,4242.1,291,471.3444444444445
15956,188,2,617.6,363,308.8
15957,57,2,501.21000000000004,57,250.60500000000002
15958,40,3,388.64000000000004,187,129.54666666666668
15959,319,3,579.4900000000002,319,193.1633333333334
15960,11,4,410.95,72,102.7375
15961,16,1,451.28999999999996,16,451.28999999999996
15962,86,1,295.83,86,295.83
15964,300,1,272.96,300,272.96
15965,4,10,2167.45,373,216.74499999999998
15966,87,1,426.53000000000003,87,426.53000000000003
15967,16,10,2622.7700000000004,375,262.27700000000004
15968,25,1,418.04999999999995,25,418.04999999999995
15969,62,2,460.9500000000001,159,230.47500000000005
15970,235,1,703.2199999999998,235,703.2199999999998
15971,22,6,1702.98,368,283.83
15972,93,5,1810.27,237,362.054
15973,3,3,680.62,66,226.87333333333333
15976,47,4,1315.6999999999998,188,328.92499999999995
15978,69,2,2180.6400000000003,281,1090.3200000000002
15979,239,1,329.21999999999997,239,329.21999999999997
15980,127,4,4194.82,193,1048.705
15981,38,13,5954.289999999999,257,458.0223076923076
15982,242,1,324.51,242,324.51
15983,2,6,2483.8,370,413.9666666666667
15984,5,21,5921.65,375,281.9833333333333
15985,73,5,1572.8600000000001,198,314.572
15986,18,1,186.3,18,186.3
15987,5,2,230.85000000000002,16,115.42500000000001
15988,188,2,612.0600000000002,293,306.0300000000001
15989,12,2,372.51,374,186.255
15990,131,5,1217.94,286,243.58800000000002
15991,171,1,150.55,171,150.55
15992,33,2,854.6099999999999,90,427.30499999999995
15994,48,2,775.1099999999999,272,387.55499999999995
15995,51,1,696.1900000000002,51,696.1900000000002
15996,3,2,626.2199999999999,34,313.10999999999996
15998,30,11,5218.37,375,474.3972727272727
15999,372,1,20.4,372,20.4
16001,18,1,583.39,18,583.39
16002,262,1,169.20999999999998,262,169.20999999999998
16003,18,5,2878.46,373,575.692
16004,111,5,2146.39,320,429.27799999999996
16005,12,6,1820.83,87,303.47166666666664
16006,24,1,245.77,24,245.77
16007,20,3,1373.2000000000003,180,457.7333333333334
16008,19,12,4905.35,267,408.7791666666667
16010,13,8,1316.56,48,164.57
16011,3,14,2517.75,375,179.83928571428572
16012,38,2,1574.5,166,787.25
16013,8,39,20315.840000000004,368,520.9189743589744
16014,45,2,467.89,314,233.945
16016,3,4,1025.18,39,256.295
16017,54,4,1341.9499999999998,340,335.48749999999995
16018,33,2,289.23,369,144.615
16019,18,18,13679.61,362,759.9783333333334
16021,32,2,532.25,181,266.125
16024,48,2,232.96,48,116.48
16027,94,9,1113.74,337,123.74888888888889
16028,232,1,82.2,232,82.2
16029,9,47,41184.3,368,876.2617021276596
16032,93,6,1970.45,160,328.40833333333336
16033,6,8,2019.73,122,252.46625
16034,31,3,491.02,46,163.67333333333332
16035,197,1,217.73000000000002,197,217.73000000000002
16036,61,2,1797.92,257,898.96
16037,181,2,654.3199999999999,285,327.15999999999997
16039,60,2,456.4,265,228.2
16040,67,4,1103.35,246,275.8375
16042,16,3,1067.85,90,355.95
16043,16,4,1082.6000000000001,118,270.65000000000003
16044,72,1,340.84,72,340.84
16045,53,4,2094.23,135,523.5575
16046,199,1,235.78000000000003,199,235.78000000000003
16047,319,1,107.14,319,107.14
16048,10,4,818.79,186,204.6975
16049,12,3,787.89,153,262.63
16050,20,2,162.8,38,81.4
16051,318,1,188.44,318,188.44
16053,50,4,2122.8900000000003,247,530.7225000000001
16054,55,3,1327.98,254,442.66
16057,156,3,1591.73,338,530.5766666666667
16058,43,1,62.7,43,62.7
16059,4,7,1757.91,206,251.13000000000002
16060,37,3,541.95,131,180.65
16061,68,1,89.65,68,89.65
16062,16,4,1709.83,173,427.4575
16064,362,1,111.0,362,111.0
16065,2,8,2010.53,100,251.31625
16067,199,3,3395.2900000000004,312,1131.7633333333335
16068,230,1,122.93,230,122.93
16069,54,1,457.7,54,457.7
16071,164,3,750.5600000000002,292,250.18666666666672
16072,65,3,3744.57,186,1248.19
16074,27,1,265.24999999999994,27,265.24999999999994
16075,139,2,736.9300000000001,201,368.46500000000003
16077,262,1,2300.3999999999996,262,2300.3999999999996
16078,306,1,283.79,306,283.79
16080,22,2,385.40000000000003,87,192.70000000000002
16081,3,4,1653.28,311,413.32
16082,307,1,106.75,307,106.75
16083,19,2,1033.8,25,516.9
16085,17,7,1362.02,325,194.5742857142857
16086,4,6,1743.6000000000001,374,290.6
16087,26,5,1739.9199999999998,326,347.984
16088,212,2,1437.43,228,718.715
16089,23,2,271.44,146,135.72
16090,261,1,205.91000000000003,261,205.91000000000003
16092,141,3,770.0799999999999,216,256.6933333333333
16094,12,7,2617.33,239,373.9042857142857
16095,93,1,447.05000000000007,93,447.05000000000007
16096,53,3,1264.35,282,421.45
16098,10,8,2442.47,361,305.30875
16099,54,4,841.3000000000001,283,210.32500000000002
16100,99,1,582.64,99,582.64
16101,71,3,1938.46,198,646.1533333333333
16103,26,16,4762.07,337,297.629375
16104,55,8,2476.25,370,309.53125
16105,75,4,2049.23,241,512.3075
16108,71,3,1393.4200000000003,268,464.4733333333334
16109,335,1,327.6,335,327.6
16110,159,1,481.78999999999996,159,481.78999999999996
16111,65,1,562.48,65,562.48
16115,34,4,907.1700000000001,211,226.79250000000002
16117,39,2,422.19,228,211.095
16118,289,1,4376.249999999999,289,4376.249999999999
16119,31,6,1297.4499999999998,360,216.24166666666665
16120,59,2,1747.77,59,873.885
16121,27,3,609.98,202,203.32666666666668
16122,3,3,316.92,62,105.64
16124,55,3,1523.4900000000002,369,507.8300000000001
16125,4,14,4298.3,362,307.0214285714286
16126,16,11,8359.029999999999,374,759.911818181818
16127,363,1,145.05999999999997,363,145.05999999999997
16128,17,6,1920.8300000000004,148,320.1383333333334
16129,44,3,1396.05,144,465.34999999999997
16130,59,4,987.48,254,246.87
16131,12,6,6450.88,374,1075.1466666666668
16132,181,2,664.1999999999999,264,332.09999999999997
16133,13,23,8403.220000000001,255,365.35739130434786
16134,60,3,1527.2500000000002,177,509.0833333333334
16135,220,1,301.9,220,301.9
16136,300,1,237.42,300,237.42
16137,317,1,422.70000000000005,317,422.70000000000005
16138,15,3,910.35,227,303.45
16139,359,2,475.74,373,237.87
16140,8,2,832.4200000000001,78,416.21000000000004
16141,54,1,335.54,54,335.54
16143,6,7,2485.89,366,355.1271428571428
16145,25,8,3005.95,221,375.74375
16146,85,1,212.25000000000003,85,212.25000000000003
16147,37,4,2023.91,309,505.9775
16148,73,1,310.3,73,310.3
16149,66,1,141.69999999999996,66,141.69999999999996
16150,9,6,2342.57,359,390.42833333333334
16153,57,6,3309.26,199,551.5433333333334
16155,18,5,796.8999999999999,176,159.37999999999997
16156,19,11,3096.14,374,281.4672727272727
16158,159,9,628.32,371,69.81333333333333
16159,107,3,884.59,373,294.86333333333334
16161,5,25,7256.24,306,290.2496
16163,2,5,1992.9799999999996,374,398.5959999999999
16165,142,1,79.9,142,79.9
16166,65,2,435.8300000000001,328,217.91500000000005
16167,51,5,1386.1199999999997,375,277.22399999999993
16168,6,40,6848.87,373,171.22175
16170,32,14,4983.950000000001,296,355.9964285714286
16172,110,3,744.3399999999999,150,248.11333333333332
16174,128,4,1237.1999999999998,240,309.29999999999995
16175,108,3,798.85,200,266.28333333333336
16176,58,4,2052.69,257,513.1725
16177,73,7,1915.3600000000001,284,273.6228571428572
16178,38,1,414.70000000000005,38,414.70000000000005
16180,115,5,5995.69,171,1199.138
16182,75,5,3354.0,277,670.8
16183,31,3,739.1,44,246.36666666666667
16185,201,1,115.30999999999999,201,115.30999999999999
16186,9,15,5019.17,367,334.61133333333333
16188,45,1,105.80000000000001,45,105.80000000000001
16190,31,7,2508.4700000000003,362,358.3528571428572
16191,12,11,10507.500000000004,365,955.2272727272731
16192,372,1,351.3,372,351.3
16193,47,1,315.98,47,315.98
16194,12,1,308.6,12,308.6
16195,360,1,323.25,360,323.25
16196,125,1,93.3,125,93.3
16197,106,9,2016.71,360,224.07888888888888
16198,74,1,629.3600000000001,74,629.3600000000001
16199,29,7,942.75,268,134.67857142857142
16200,19,10,4562.830000000001,374,456.2830000000001
16201,52,1,248.65000000000003,52,248.65000000000003
16202,54,8,2136.72,374,267.09
16203,9,3,521.64,141,173.88
16204,17,2,538.5300000000001,368,269.26500000000004
16205,33,3,1069.23,179,356.41
16206,24,9,2065.26,321,229.47333333333336
16208,31,8,2776.1899999999996,290,347.02374999999995
16209,19,4,1884.16,183,471.04
16210,5,19,17403.210000000003,374,915.9584210526317
16211,58,2,543.5699999999999,75,271.78499999999997
16212,255,2,603.37,307,301.685
16214,72,1,975.5000000000001,72,975.5000000000001
16218,10,7,1355.29,198,193.61285714285714
16219,137,1,40.8,137,40.8
16221,4,7,1370.65,123,195.80714285714288
16222,358,1,498.5000000000001,358,498.5000000000001
16223,11,2,1102.3500000000001,32,551.1750000000001
16224,24,1,321.24,24,321.24
16225,39,10,1771.0900000000001,307,177.109
16226,15,2,417.04999999999995,50,208.52499999999998
16227,131,2,713.0000000000002,172,356.5000000000001
16228,22,3,890.8099999999998,37,296.9366666666666
16229,18,4,1857.2600000000002,201,464.31500000000005
16231,16,4,1078.22,234,269.555
16232,57,3,1722.0899999999997,187,574.0299999999999
16233,3,7,1429.03,374,204.14714285714285
16234,113,3,333.18,198,111.06
16235,12,4,1186.3999999999999,107,296.59999999999997
16237,74,1,136.65,74,136.65
16238,59,1,63.66,59,63.66
16239,19,4,1078.0,100,269.5
16241,6,4,1721.44,47,430.36
16242,18,7,3871.19,271,553.0271428571428
16244,9,1,1056.6299999999999,9,1056.6299999999999
16246,96,2,827.25,306,413.625
16250,10,2,401.94,23,200.97
16251,149,1,128.31,149,128.31
16252,19,1,295.09000000000003,19,295.09000000000003
16253,57,5,3626.2900000000004,368,725.258
16254,15,3,985.14,269,328.38
16255,2,8,2286.89,321,285.86125
16256,130,2,876.9399999999999,234,438.46999999999997
16258,24,10,6739.01,276,673.9010000000001
16259,47,3,361.9399999999999,242,120.64666666666663
16261,23,2,312.62,79,156.31
16262,15,1,755.1500000000002,15,755.1500000000002
16263,60,1,351.01,60,351.01
16264,75,2,837.5300000000001,83,418.76500000000004
16265,23,3,1488.17,44,496.0566666666667
16266,60,7,896.0600000000001,310,128.00857142857143
16267,228,1,186.65999999999997,228,186.65999999999997
16269,74,1,717.57,74,717.57
16271,94,5,2033.7800000000004,279,406.7560000000001
16273,285,2,336.03999999999996,293,168.01999999999998
16274,10,1,357.94999999999993,10,357.94999999999993
16275,111,2,1591.24,278,795.62
16276,116,2,1818.79,244,909.395
16277,370,1,188.68999999999997,370,188.68999999999997
16278,117,2,551.46,136,275.73
16279,22,6,4195.5,233,699.25
16280,362,1,238.05,362,238.05
16281,60,2,1361.96,319,680.98
16282,124,2,1139.2800000000002,355,569.6400000000001
16283,55,3,2833.01,286,944.3366666666667
16284,30,1,205.79999999999998,30,205.79999999999998
16285,283,1,176.89999999999998,283,176.89999999999998
16286,114,2,328.95,260,164.475
16287,13,4,864.4800000000001,326,216.12000000000003
16288,107,1,129.85000000000002,107,129.85000000000002
16289,99,1,136.31,99,136.31
16290,101,4,2069.3,202,517.325
16291,319,1,117.72,319,117.72
16292,17,4,951.51,241,237.8775
16293,4,6,2408.96,365,401.49333333333334
16294,113,1,126.05000000000001,113,126.05000000000001
16296,263,4,1313.67,358,328.4175
16298,34,4,487.5,79,121.875
16299,114,1,193.65,114,193.65
16300,67,3,1392.43,312,464.1433333333334
16301,373,1,107.33,373,107.33
16303,29,4,2567.6399999999994,268,641.9099999999999
16304,331,1,381.66,331,381.66
16306,4,2,560.55,71,280.275
16307,66,3,1194.92,214,398.3066666666667
16308,43,3,2560.0,361,853.3333333333334
16310,51,2,460.08,279,230.04
16312,69,1,171.14999999999998,69,171.14999999999998
16314,26,3,1491.4000000000003,109,497.13333333333344
16315,173,1,176.34,173,176.34
16316,17,5,2806.0,130,561.2
16317,187,2,850.86,221,425.43
16320,90,4,4590.53,318,1147.6325
16321,263,2,230.90000000000003,375,115.45000000000002
16323,214,1,146.16000000000003,214,146.16000000000003
16325,61,9,3003.26,372,333.6955555555556
16326,20,10,1716.0300000000002,317,171.603
16327,6,11,6887.120000000001,362,626.1018181818182
16328,200,1,310.83,200,310.83
16329,64,4,1703.0700000000002,375,425.76750000000004
16330,61,4,382.42,299,95.605
16331,69,6,2037.7000000000003,279,339.61666666666673
16332,68,4,417.2100000000001,226,104.30250000000002
16334,129,1,277.47999999999996,129,277.47999999999996
16335,188,7,2774.0000000000005,372,396.28571428571433
16336,57,4,3517.6899999999996,268,879.4224999999999
16340,76,2,976.99,188,488.495
16341,74,3,1878.9199999999998,246,626.3066666666666
16343,44,1,316.59000000000003,44,316.59000000000003
16344,146,3,741.3200000000002,305,247.1066666666667
16345,120,1,623.3299999999999,120,623.3299999999999
16346,22,1,224.51000000000008,22,224.51000000000008
16347,25,9,2621.7599999999998,274,291.3066666666666
16348,67,1,328.77,67,328.77
16350,11,5,1137.42,65,227.484
16351,48,12,3176.13,372,264.6775
16353,6,16,3323.75,369,207.734375
16354,16,3,733.71,228,244.57000000000002
16355,12,1,416.35,12,416.35
16356,13,3,204.1,188,68.03333333333333
16357,18,1,209.48999999999998,18,209.48999999999998
16358,31,1,892.1500000000002,31,892.1500000000002
16359,13,7,946.83,298,135.26142857142858
16362,74,1,212.16999999999996,74,212.16999999999996
16365,4,7,1766.7800000000002,365,252.39714285714288
16366,219,3,1220.8299999999997,360,406.9433333333332
16367,20,1,557.91,20,557.91
16368,72,1,142.78,72,142.78
16369,73,4,1111.1499999999999,248,277.78749999999997
16371,85,1,157.20000000000002,85,157.20000000000002
16372,46,3,960.68,244,320.22666666666663
16373,19,2,309.49,48,154.745
16374,39,3,1298.42,225,432.8066666666667
16375,107,2,104.0,107,52.0
16377,254,1,632.28,254,632.28
16381,32,2,258.7,55,129.35
16382,45,2,353.1,187,176.55
16383,33,5,2306.48,310,461.296
16384,66,2,774.4499999999999,227,387.22499999999997
16385,3,3,474.71999999999997,268,158.23999999999998
16386,24,1,785.39,24,785.39
16387,32,4,824.19,275,206.0475
16388,290,1,186.05,290,186.05
16390,173,3,467.50000000000006,316,155.83333333333334
16391,37,4,1103.61,198,275.9025
16392,50,2,541.86,198,270.93
16393,6,11,2515.4500000000003,375,228.67727272727276
16395,30,9,2050.9500000000003,370,227.88333333333335
16396,113,1,137.8,113,137.8
16397,265,1,127.88000000000001,265,127.88000000000001
16399,26,1,233.25,26,233.25
16400,32,8,2855.5099999999998,368,356.93874999999997
16401,16,11,2750.83,192,250.07545454545453
16402,6,1,211.8,6,211.8
16406,87,2,389.61,290,194.805
16407,26,4,694.7200000000001,69,173.68000000000004
16408,228,1,231.92999999999998,228,231.92999999999998
16409,17,7,3680.1600000000003,363,525.7371428571429
16410,371,1,130.32,371,130.32
16411,6,3,695.54,65,231.84666666666666
16412,30,4,495.3999999999999,310,123.84999999999998
16413,12,1,266.78000000000003,12,266.78000000000003
16414,68,3,433.46,331,144.48666666666665
16415,220,2,509.09000000000003,313,254.54500000000002
16416,27,6,1921.48,291,320.24666666666667
16417,129,1,35.7,129,35.7
16418,45,2,426.66999999999996,59,213.33499999999998
16419,214,2,515.1899999999999,305,257.59499999999997
16420,33,1,75.0,33,75.0
16421,13,3,526.27,106,175.42333333333332
16422,6,59,28967.07,333,490.9672881355932
16424,19,1,309.5,19,309.5
16428,50,3,660.28,134,220.09333333333333
16430,18,6,817.0899999999999,318,136.18166666666664
16433,45,1,200.26000000000002,45,200.26000000000002
16434,83,5,1219.4900000000002,328,243.89800000000005
16435,149,3,1011.57,151,337.19
16436,305,3,329.34,370,109.77999999999999
16437,18,2,301.24999999999994,66,150.62499999999997
16439,359,1,310.7,359,310.7
16440,130,1,216.29999999999998,130,216.29999999999998
16441,54,3,653.23,264,217.74333333333334
16442,241,2,282.67999999999995,363,141.33999999999997
16443,157,1,162.24,157,162.24
16444,27,13,3001.91,262,230.91615384615383
16445,23,3,372.22,48,124.07333333333334
16447,227,2,516.13,297,258.065
16448,108,1,178.98000000000002,108,178.98000000000002
16450,221,2,1193.81,293,596.905
16451,198,2,746.1800000000001,372,373.09000000000003
16452,267,2,332.17,330,166.085
16453,167,2,251.70999999999998,185,125.85499999999999
16454,243,2,24.05,248,12.025
16455,8,6,2543.1899999999996,256,423.86499999999995
16456,10,9,4704.54,257,522.7266666666667
16458,12,12,2232.6000000000004,199,186.05000000000004
16459,366,1,71.78999999999999,366,71.78999999999999
16461,227,2,1463.8000000000002,283,731.9000000000001
16465,57,2,746.24,81,373.12
16466,20,8,2235.13,279,279.39125
16467,145,7,2869.16,374,409.88
16468,107,2,712.62,118,356.31
16469,151,1,178.48,151,178.48
16470,33,7,1696.2100000000003,365,242.31571428571434
16471,30,3,966.03,289,322.01
16472,71,2,789.5999999999998,234,394.7999999999999
16473,11,1,154.72,11,154.72
16476,68,1,350.35,68,350.35
16477,8,5,1825.5600000000002,121,365.112
16481,319,1,453.38,319,453.38
16485,69,4,1931.03,370,482.7575
16486,174,1,134.36,174,134.36
16487,214,2,209.4,296,104.7
16489,17,2,303.70000000000005,73,151.85000000000002
16490,73,1,205.41000000000003,73,205.41000000000003
16491,50,1,801.6600000000001,50,801.6600000000001
16492,177,1,385.56,177,385.56
16493,81,3,780.4600000000002,260,260.15333333333336
16496,68,3,731.2499999999999,146,243.74999999999997
16497,50,17,3729.59,373,219.38764705882355
16499,11,6,2212.89,183,368.815
16500,11,3,443.05,180,147.68333333333334
16501,20,1,1237.23,20,1237.23
16502,257,2,266.5,257,133.25
16503,32,7,2182.41,173,311.7728571428571
16507,209,1,152.76000000000002,209,152.76000000000002
16508,267,1,248.79999999999998,267,248.79999999999998
16510,9,6,1851.8999999999999,328,308.65
16511,34,3,868.76,285,289.58666666666664
16515,16,5,1589.17,177,317.834
16518,58,2,475.05,193,237.525
16519,2,3,341.18,285,113.72666666666667
16520,2,4,1436.05,284,359.0125
16521,52,3,1148.0100000000002,285,382.6700000000001
16522,72,2,433.35999999999996,87,216.67999999999998
16523,52,7,2497.86,321,356.83714285714285
16524,83,2,308.14000000000004,328,154.07000000000002
16525,3,23,11555.19,374,502.39956521739134
16526,221,1,426.84999999999997,221,426.84999999999997
16527,61,1,1044.38,61,1044.38
16529,114,3,1556.75,167,518.9166666666666
16530,305,1,48.349999999999994,305,48.349999999999994
16531,18,4,1053.7400000000002,78,263.43500000000006
16532,68,2,2007.84,257,1003.92
16534,279,1,635.9000000000001,279,635.9000000000001
16535,22,2,407.8399999999999,317,203.91999999999996
16537,278,1,23.35,278,23.35
16538,178,3,399.61999999999995,232,133.20666666666665
16539,10,7,2343.2,169,334.74285714285713
16540,51,1,226.70000000000002,51,226.70000000000002
16541,372,1,424.03,372,424.03
16542,38,1,137.7,38,137.7
16543,228,1,292.2099999999999,228,292.2099999999999
16544,156,4,376.70000000000005,299,94.17500000000001
16545,12,1,350.52,12,350.52
16546,9,4,4819.319999999999,79,1204.8299999999997
16547,183,1,111.71000000000001,183,111.71000000000001
16548,236,1,30.150000000000002,236,30.150000000000002
16549,34,24,9027.55,258,376.1479166666666
16550,5,14,7136.16,374,509.7257142857143
16551,60,4,1315.0,363,328.75
16552,10,1,95.29,10,95.29
16553,33,21,10924.19,303,520.1995238095238
16554,23,5,2004.6200000000001,361,400.92400000000004
16555,142,4,1629.79,142,407.4475
16556,12,10,4698.79,369,469.879
16558,3,19,5535.02,373,291.31684210526316
16559,34,1,185.2,34,185.2
16560,34,6,2206.9700000000003,368,367.8283333333334
16562,113,1,223.86,113,223.86
16563,37,5,3345.0199999999995,375,669.0039999999999
16564,206,1,87.79999999999998,206,87.79999999999998
16565,43,3,599.35,192,199.78333333333333
16568,64,2,1020.8999999999999,278,510.44999999999993
16569,268,4,1331.03,360,332.7575
16570,16,10,3695.91,256,369.591
16571,32,7,2827.05,268,403.86428571428576
16574,60,2,850.3400000000001,295,425.1700000000001
16576,57,2,540.87,158,270.435
16577,303,1,380.0,303,380.0
16578,263,1,156.6,263,156.6
16579,62,1,295.04999999999995,62,295.04999999999995
16583,10,2,297.95,310,148.975
16584,69,3,2227.589999999999,298,742.5299999999996
16585,230,2,341.59000000000003,332,170.79500000000002
16586,81,2,998.8299999999999,272,499.41499999999996
16588,23,4,1361.28,211,340.32
16589,87,1,153.12,87,153.12
16590,37,2,605.9000000000001,51,302.95000000000005
16592,12,12,3694.23,358,307.8525
16593,27,5,741.11,371,148.222
16595,13,4,1450.02,328,362.505
16596,3,3,329.4800000000001,366,109.8266666666667
16599,22,1,172.8,22,172.8
16600,11,7,1339.8899999999999,358,191.41285714285712
16601,27,2,439.45,260,219.725
16602,25,1,235.25,25,235.25
16604,199,2,432.45,205,216.225
16605,361,1,60.48,361,60.48
16606,41,2,357.66,71,178.83
16607,36,11,2359.1600000000003,226,214.46909090909094
16608,90,2,1288.72,300,644.36
16611,40,5,1655.64,276,331.12800000000004
16612,16,5,2057.77,373,411.554
16614,39,2,673.6,215,336.8
16615,263,1,291.5,263,291.5
16619,20,3,1712.1200000000001,292,570.7066666666667
16620,26,4,1579.9700000000003,375,394.99250000000006
16622,180,1,225.39999999999998,180,225.39999999999998
16623,38,3,885.79,229,295.2633333333333
16625,59,4,1320.95,180,330.2375
16628,44,2,130.05,278,65.025
16630,44,1,106.80000000000001,44,106.80000000000001
16631,118,7,1892.52,288,270.36
16632,122,2,406.4,218,203.2
16634,9,5,1596.71,324,319.342
16635,43,1,473.0,43,473.0
16636,75,4,3802.0399999999995,283,950.5099999999999
16638,5,6,749.8100000000002,115,124.96833333333336
16639,46,1,490.47,46,490.47
16640,34,1,179.39999999999998,34,179.39999999999998
16641,338,1,323.4,338,323.4
16642,52,1,389.11999999999995,52,389.11999999999995
16643,59,1,435.6,59,435.6
16645,372,1,160.39,372,160.39
16646,86,1,678.8000000000001,86,678.8000000000001
16647,79,2,327.84,181,163.92
16648,92,2,382.14000000000004,227,191.07000000000002
16649,157,1,306.58,157,306.58
16650,57,6,1397.69,156,232.94833333333335
16651,223,1,136.2,223,136.2
16652,41,9,10776.42,269,1197.38
16654,5,5,1110.2,249,222.04000000000002
16655,48,7,2753.8500000000004,314,393.4071428571429
16656,57,15,8207.37,372,547.158
16658,5,6,690.8299999999999,256,115.13833333333332
16660,59,3,611.9000000000001,331,203.9666666666667
16661,177,4,986.6299999999999,359,246.65749999999997
16662,31,1,163.79999999999998,31,163.79999999999998
16663,366,1,165.0,366,165.0
16664,206,1,109.19999999999999,206,109.19999999999999
16666,258,1,106.95999999999998,258,106.95999999999998
16668,24,7,555.7,268,79.38571428571429
16670,30,9,3934.2500000000005,366,437.1388888888889
16673,316,1,188.82999999999998,316,188.82999999999998
16675,78,2,608.86,115,304.43
16676,39,2,769.78,55,384.89
16677,48,2,880.6200000000001,289,440.31000000000006
16679,3,3,663.31,184,221.10333333333332
16680,165,2,637.75,171,318.875
16681,278,1,151.5,278,151.5
16683,170,1,320.25,170,320.25
16684,16,27,80489.20999999999,369,2981.0818518518518
16686,26,9,2008.0900000000001,370,223.12111111111113
16687,27,1,157.63,27,157.63
16690,30,2,127.44999999999999,88,63.724999999999994
16691,55,2,178.82999999999998,198,89.41499999999999
16692,45,2,638.6999999999999,78,319.34999999999997
16693,48,3,717.4499999999999,293,239.14999999999998
16694,360,1,98.30000000000001,360,98.30000000000001
16695,198,2,193.14999999999998,198,96.57499999999999
16699,17,7,994.6,372,142.0857142857143
16700,3,13,4091.1599999999994,374,314.70461538461535
16701,60,13,4518.43,375,347.57153846153847
16702,52,4,1110.83,369,277.7075
16704,255,2,695.66,309,347.83
16705,37,22,29480.061,367,1340.0027727272727
16707,37,4,551.1099999999999,277,137.77749999999997
16709,16,9,6057.589999999999,367,673.0655555555554
16710,5,13,3866.05,372,297.38846153846157
16711,16,4,1217.4499999999998,374,304.36249999999995
16712,38,2,621.5600000000001,38,310.78000000000003
16713,3,18,7637.5599999999995,361,424.3088888888889
16714,307,1,368.27,307,368.27
16715,199,1,323.8,199,323.8
16716,267,1,1248.4800000000002,267,1248.4800000000002
16717,3,9,3127.8500000000004,369,347.53888888888895
16718,6,5,3023.78,370,604.7560000000001
16719,5,8,2182.88,363,272.86
16720,13,2,640.24,359,320.12
16722,3,11,4258.2699999999995,373,387.1154545454545
16723,80,2,712.48,372,356.24
16724,41,1,147.35000000000002,41,147.35000000000002
16725,8,8,1101.0900000000001,363,137.63625000000002
16726,20,2,706.39,48,353.195
16727,29,3,1164.6,325,388.2
16731,285,1,174.04999999999998,285,174.04999999999998
16732,40,3,3783.8900000000003,368,1261.2966666666669
16733,166,1,259.68000000000006,166,259.68000000000006
16735,30,9,3970.0,368,441.1111111111111
16736,142,5,2956.5600000000004,373,591.3120000000001
16737,214,1,417.6,214,417.6
16739,173,1,463.43000000000006,173,463.43000000000006
16740,32,1,236.81,32,236.81
16741,262,1,173.06,262,173.06
16742,129,13,2387.71,360,183.67000000000002
16743,93,7,2015.17,233,287.88142857142856
16746,20,24,11368.74,372,473.6975
16748,25,9,2121.43,366,235.71444444444444
16749,228,2,4387.08,361,2193.54
16752,9,1,207.5,9,207.5
16754,9,29,65500.07,278,2258.6231034482757
16755,104,4,1403.7500000000002,367,350.93750000000006
16756,41,6,1072.97,277,178.82833333333335
16757,46,1,163.65,46,163.65
16760,67,1,228.0,67,228.0
16763,375,1,352.85,375,352.85
16765,19,1,420.75,19,420.75
16767,55,4,2493.2000000000003,227,623.3000000000001
16768,20,6,1230.0299999999997,369,205.00499999999997
16769,115,3,761.36,362,253.78666666666666
16770,9,5,1162.03,111,232.406
16771,94,5,1720.79,367,344.158
16772,60,3,3723.55,358,1241.1833333333334
16773,73,2,249.64999999999995,370,124.82499999999997
16774,60,4,932.93,298,233.2325
16775,4,6,1361.23,79,226.87166666666667
16776,52,1,231.57000000000002,52,231.57000000000002
16777,50,3,1081.41,269,360.47
16779,3,32,22638.519999999997,373,707.4537499999999
16780,44,1,180.35999999999999,44,180.35999999999999
16781,9,2,623.0,306,311.5
16782,2,26,8158.510000000001,367,313.7888461538462
16783,73,1,391.94999999999993,73,391.94999999999993
16784,13,4,788.93,258,197.2325
16785,46,1,533.78,46,533.78
16786,30,1,51.84,30,51.84
16787,34,4,1035.43,335,258.8575
16788,41,3,1352.82,307,450.94
16791,20,8,2316.9100000000003,373,289.61375000000004
16792,20,3,513.08,341,171.02666666666667
16794,17,5,868.2,261,173.64000000000001
16795,2,3,2077.51,320,692.5033333333334
16797,30,5,1827.77,374,365.554
16798,191,3,848.71,366,282.90333333333336
16799,69,2,495.98,90,247.99
16802,316,2,582.6099999999999,367,291.30499999999995
16805,214,3,636.6500000000001,368,212.2166666666667
16807,107,3,1002.29,260,334.09666666666664
16809,69,4,812.74,242,203.185
16810,57,1,532.5,57,532.5
16812,15,3,1912.6499999999999,19,637.55
16814,6,16,5990.610000000001,244,374.41312500000004
16815,90,2,410.97,173,205.485
16817,5,5,1200.1499999999999,68,240.02999999999997
16819,102,2,182.59,102,91.295
16821,18,1,113.35000000000001,18,113.35000000000001
16822,323,1,181.39000000000004,323,181.39000000000004
16823,24,6,1901.71,374,316.95166666666665
16824,30,1,225.59999999999997,30,225.59999999999997
16825,15,3,1051.71,171,350.57
16827,30,5,392.13000000000005,226,78.42600000000002
16829,25,1,316.1,25,316.1
16830,79,3,881.5899999999999,363,293.8633333333333
16831,201,1,91.8,201,91.8
16832,65,2,218.45999999999998,95,109.22999999999999
16833,76,2,1302.5100000000002,260,651.2550000000001
16834,311,1,485.5,311,485.5
16835,10,5,1357.56,206,271.512
16836,43,2,530.5,211,265.25
16838,167,2,570.76,300,285.38
16839,6,11,5716.14,303,519.6490909090909
16840,240,2,139.85000000000002,311,69.92500000000001
16841,65,6,2136.24,333,356.03999999999996
16843,59,19,9374.86,366,493.41368421052636
16844,199,2,614.34,219,307.17
16845,255,1,253.88,255,253.88
16846,214,2,628.09,276,314.045
16847,255,1,421.45000000000005,255,421.45000000000005
16848,13,3,1130.1999999999998,69,376.7333333333333
16854,54,2,1408.9600000000003,277,704.4800000000001
16856,54,2,323.09,79,161.545
16857,79,1,352.79999999999995,79,352.79999999999995
16858,5,10,4292.589999999999,361,429.2589999999999
16859,53,5,1184.6,282,236.92
16860,89,3,1610.6200000000001,299,536.8733333333333
16861,27,3,772.8299999999999,145,257.60999999999996
16862,184,4,662.3300000000002,338,165.58250000000004
16863,3,2,495.7199999999999,46,247.85999999999996
16864,71,2,409.25,235,204.625
16865,38,1,130.95,38,130.95
16867,326,1,76.74000000000001,326,76.74000000000001
16868,31,3,393.38999999999993,230,131.12999999999997
16870,106,1,450.1600000000001,106,450.1600000000001
16872,64,3,533.1099999999999,100,177.7033333333333
16873,66,6,7493.7699999999995,305,1248.9616666666666
16874,16,1,217.74,16,217.74
16875,74,6,2139.0000000000005,340,356.50000000000006
16876,40,1,136.01,40,136.01
16880,130,1,321.78,130,321.78
16883,8,18,2119.86,372,117.77000000000001
16884,193,2,644.08,207,322.04
16885,22,1,239.23,22,239.23
16886,93,1,134.0,93,134.0
16887,37,2,465.84,375,232.92
16888,37,3,437.15000000000003,338,145.71666666666667
16889,34,3,952.23,202,317.41
16890,113,3,285.41,219,95.13666666666667
16891,8,7,1247.12,372,178.16
16892,191,2,236.56,368,118.28
16893,3,2,255.84,13,127.92
16894,139,3,1324.06,172,441.3533333333333
16895,75,4,902.2800000000001,302,225.57000000000002
16896,192,1,103.95000000000002,192,103.95000000000002
16898,5,3,507.55999999999995,213,169.18666666666664
16899,15,2,439.46000000000004,34,219.73000000000002
16901,366,1,204.26000000000002,366,204.26000000000002
16903,17,2,689.04,52,344.52
16904,4,7,1378.1,48,196.87142857142857
16905,8,11,1931.7199999999998,365,175.61090909090908
16906,65,3,869.03,212,289.6766666666667
16907,2,5,726.25,163,145.25
16908,359,1,252.59,359,252.59
16911,272,2,255.24999999999997,298,127.62499999999999
16912,58,4,1904.9299999999998,367,476.23249999999996
16913,288,2,310.47,288,155.235
16915,23,5,921.5,206,184.3
16916,9,3,547.14,52,182.38
16917,269,1,1466.3100000000002,269,1466.3100000000002
16918,59,10,2144.4700000000003,373,214.44700000000003
16919,5,14,2529.46,114,180.6757142857143
16920,48,1,355.45,48,355.45
16921,79,2,276.88,237,138.44
16922,209,1,611.0800000000002,209,611.0800000000002
16923,12,13,6130.75,314,471.59615384615387
16925,177,1,125.65,177,125.65
16926,8,5,1191.1000000000001,163,238.22000000000003
16928,10,13,1265.63,311,97.35615384615386
16931,6,3,629.4000000000001,34,209.80000000000004
16932,60,2,278.77,208,139.385
16933,26,7,2618.0200000000004,367,374.0028571428572
16934,20,4,1160.06,258,290.015
16935,18,3,535.1,58,178.36666666666667
16936,22,1,288.49,22,288.49
16937,136,1,202.1,136,202.1
16938,18,5,4306.8,297,861.36
16939,125,3,448.99999999999994,286,149.66666666666666
16940,87,5,3377.7799999999997,368,675.5559999999999
16941,248,1,33.0,248,33.0
16943,176,2,482.76,261,241.38
16944,246,1,101.36,246,101.36
16945,30,14,4202.66,367,300.19
16946,20,5,1222.0400000000002,284,244.40800000000004
16947,99,4,548.73,283,137.1825
16948,66,4,433.75,293,108.4375
16950,4,8,2605.810000000001,321,325.7262500000001
16952,78,3,631.1700000000001,365,210.39000000000001
16954,16,11,3996.7999999999997,327,363.3454545454545
16955,5,4,790.74,314,197.685
16958,72,1,809.44,72,809.44
16960,27,5,1536.38,284,307.276
16961,25,2,560.3900000000002,169,280.1950000000001
16962,46,1,251.04,46,251.04
16964,370,2,207.85,370,103.925
16970,263,1,71.4,263,71.4
16972,19,2,786.25,93,393.125
16973,23,1,127.0,23,127.0
16974,159,2,365.5,201,182.75
16975,60,3,926.1200000000001,142,308.7066666666667
16977,32,4,496.0,268,124.0
16978,303,2,424.54999999999995,303,212.27499999999998
16979,20,3,1007.74,87,335.91333333333336
16980,65,1,394.37,65,394.37
16983,6,5,1778.9700000000005,83,355.7940000000001
16984,41,7,6273.45,279,896.2071428571428
16985,13,13,5459.040000000001,366,419.9261538461539
16986,82,9,3015.55,310,335.06111111111113
16987,13,4,910.85,374,227.7125
16988,16,1,256.55,16,256.55
16990,59,1,165.0,59,165.0
16991,58,1,1041.21,58,1041.21
16992,24,8,3862.19,303,482.77375
16993,100,2,1950.9499999999998,213,975.4749999999999
16996,19,3,666.6500000000001,54,222.2166666666667
16998,81,1,107.0,81,107.0
17000,33,2,406.3,45,203.15
17001,13,8,2651.2299999999996,261,331.40374999999995
17002,80,4,1077.8200000000002,278,269.45500000000004
17003,39,4,830.1600000000001,215,207.54000000000002
17004,29,2,1012.22,61,506.11
17005,107,2,742.3600000000001,225,371.18000000000006
17006,29,4,854.54,281,213.635
17007,74,1,230.16999999999996,74,230.16999999999996
17008,66,1,81.36,66,81.36
17009,188,1,242.05999999999997,188,242.05999999999997
17011,284,2,400.8,288,200.4
17012,362,1,384.15999999999997,362,384.15999999999997
17016,213,1,552.4000000000001,213,552.4000000000001
17017,2,13,5416.35,373,416.6423076923077
17018,24,4,1367.6,371,341.9
17019,5,8,2739.59,374,342.44875
17020,179,2,935.62,283,467.81
17021,79,6,1182.22,225,197.03666666666666
17022,69,1,189.0,69,189.0
17023,54,3,800.1800000000001,334,266.7266666666667
17025,10,4,1152.87,278,288.2175
17026,6,2,54.150000000000006,54,27.075000000000003
17027,83,3,436.82000000000005,366,145.60666666666668
17028,218,3,1593.8300000000002,358,531.2766666666668
17029,19,5,1421.3,300,284.26
17031,15,4,2393.5,218,598.375
17032,184,8,3004.6000000000004,366,375.57500000000005
17033,34,1,302.65000000000003,34,302.65000000000003
17034,46,2,538.4000000000001,150,269.20000000000005
17035,228,2,180.06,373,90.03
17036,20,1,176.9,20,176.9
17038,52,1,630.77,52,630.77
17039,241,1,1954.9900000000002,241,1954.9900000000002
17040,187,1,13.52,187,13.52
17041,34,3,604.71,237,201.57000000000002
17043,12,4,881.37,367,220.3425
17044,11,11,11013.820000000002,369,1001.2563636363637
17045,13,2,488.24,66,244.12
17046,81,4,1264.0500000000002,257,316.01250000000005
17047,68,3,1188.3300000000002,368,396.11000000000007
17048,74,4,1146.33,327,286.5825
17049,12,10,4287.5,282,428.75
17050,12,5,1462.9500000000003,319,292.59000000000003
17051,83,3,467.25,265,155.75
17055,82,1,239.55,82,239.55
17056,375,1,128.60000000000002,375,128.60000000000002
17057,233,1,294.74,233,294.74
17059,6,5,2507.49,319,501.49799999999993
17062,2,4,669.8499999999999,76,167.46249999999998
17063,44,6,2177.39,375,362.8983333333333
17065,274,2,194.70000000000002,274,97.35000000000001
17066,363,1,228.34,363,228.34
17067,361,3,454.54,368,151.51333333333335
17068,5,27,4608.9400000000005,258,170.7014814814815
17069,10,6,3084.58,373,514.0966666666667
17070,47,1,133.17999999999998,47,133.17999999999998
17071,18,4,1372.17,321,343.0425
17072,262,1,282.05,262,282.05
17074,199,1,203.05,199,203.05
17075,66,6,1407.6100000000001,362,234.6016666666667
17076,29,3,401.66999999999996,372,133.89
17077,215,1,306.0,215,306.0
17080,16,5,669.91,163,133.982
17081,32,4,674.23,292,168.5575
17082,31,4,2728.1800000000003,361,682.0450000000001
17083,46,6,2644.01,305,440.66833333333335
17084,33,1,2253.22,33,2253.22
17085,13,23,6324.759999999999,370,274.98956521739126
17087,374,1,221.53,374,221.53
17089,23,1,128.45,23,128.45
17090,11,6,1105.53,145,184.255
17091,4,11,3983.3399999999997,360,362.1218181818181
17092,74,7,3817.1800000000003,312,545.3114285714286
17093,229,1,235.88000000000002,229,235.88000000000002
17094,60,1,100.2,60,100.2
17095,67,4,1248.0900000000001,361,312.02250000000004
17096,20,7,2737.05,192,391.00714285714287
17097,2,2,386.03,67,193.015
17098,18,3,591.07,177,197.02333333333334
17099,170,1,582.1700000000001,170,582.1700000000001
17101,31,3,885.3199999999999,187,295.1066666666666
17103,359,1,424.3,359,424.3
17104,60,1,474.0300000000001,60,474.0300000000001
17106,26,1,491.23,26,491.23
17107,34,4,5259.99,314,1314.9975
17108,300,1,174.95,300,174.95
17109,43,2,410.42,134,205.21
17110,157,2,347.40000000000003,247,173.70000000000002
17111,62,1,227.97,62,227.97
17112,139,1,205.17000000000004,139,205.17000000000004
17113,211,6,2322.59,334,387.09833333333336
17115,185,4,1923.99,371,480.9975
17116,285,1,389.78000000000003,285,389.78000000000003
17121,39,1,314.74,39,314.74
17122,25,3,432.17999999999995,136,144.05999999999997
17123,76,2,631.87,209,315.935
17126,18,4,1065.69,102,266.4225
17127,65,5,1155.03,372,231.006
17129,157,1,31.85,157,31.85
17132,89,2,1272.8000000000004,125,636.4000000000002
17133,111,5,9730.09,265,1946.018
17134,79,1,212.10000000000005,79,212.10000000000005
17135,8,4,814.43,216,203.6075
17136,299,1,231.68000000000004,299,231.68000000000004
17137,53,6,1133.63,314,188.93833333333336
17138,26,6,4036.77,310,672.795
17139,26,13,8915.989999999998,334,685.8453846153844
17141,55,4,754.33,321,188.5825
17142,41,3,704.7500000000001,321,234.9166666666667
17143,54,2,924.11,152,462.055
17145,149,4,3120.91,295,780.2275
17146,72,10,5110.459999999999,312,511.04599999999994
17147,89,5,1485.36,334,297.072
17149,88,1,143.1,88,143.1
17150,13,6,1375.6499999999999,370,229.27499999999998
17151,372,1,231.9,372,231.9
17152,62,1,327.0,62,327.0
17155,164,5,640.7600000000002,373,128.15200000000004
17156,128,1,591.87,128,591.87
17157,117,17,4832.9,372,284.2882352941176
17158,184,2,713.03,279,356.515
17159,114,2,560.71,282,280.355
17160,11,11,6691.13,372,608.2845454545454
17161,81,1,856.0100000000001,81,856.0100000000001
17163,82,2,406.67999999999995,312,203.33999999999997
17165,18,5,1635.6399999999999,365,327.128
17167,16,3,867.1099999999999,82,289.03666666666663
17168,135,1,400.2,135,400.2
17169,215,1,320.95,215,320.95
17170,11,2,178.67999999999998,26,89.33999999999999
17171,298,1,159.68,298,159.68
17172,67,2,638.81,363,319.405
17176,163,2,596.19,314,298.095
17177,142,1,119.50000000000001,142,119.50000000000001
17178,368,1,436.71000000000004,368,436.71000000000004
17179,19,3,795.47,199,265.1566666666667
17180,59,7,1460.95,324,208.70714285714286
17181,10,2,225.45000000000005,232,112.72500000000002
17182,59,2,321.29999999999995,355,160.64999999999998
17184,206,2,198.40999999999997,367,99.20499999999998
17185,228,3,229.46,235,76.48666666666666
17187,163,1,263.76,163,263.76
17188,83,6,2118.7000000000003,368,353.11666666666673
17189,197,3,573.2300000000001,374,191.0766666666667
17190,40,5,1298.3000000000002,281,259.66
17191,5,11,2740.92,375,249.17454545454547
17192,173,1,77.83,173,77.83
17193,23,2,610.7399999999999,374,305.36999999999995
17194,167,1,549.88,167,549.88
17195,292,1,562.98,292,562.98
17196,64,1,352.9,64,352.9
17198,2,2,521.6600000000001,8,260.83000000000004
17199,219,1,145.12,219,145.12
17200,24,4,356.71,289,89.1775
17201,160,3,899.41,304,299.80333333333334
17202,57,1,160.65,57,160.65
17203,25,4,2012.03,25,503.0075
17204,11,5,3940.13,184,788.0260000000001
17205,53,2,615.2700000000001,201,307.63500000000005
17207,289,1,303.21999999999997,289,303.21999999999997
17208,32,1,115.35,32,115.35
17209,286,3,611.6,373,203.86666666666667
17210,29,1,253.37000000000003,29,253.37000000000003
17211,6,6,1729.4299999999998,363,288.2383333333333
17212,95,2,567.56,123,283.78
17213,3,7,2401.07,361,343.01000000000005
17215,101,1,186.15,101,186.15
17216,191,1,65.05000000000001,191,65.05000000000001
17217,256,1,104.49999999999999,256,104.49999999999999
17218,5,9,2231.96,320,247.99555555555557
17219,53,1,144.89999999999998,53,144.89999999999998
17220,54,7,1283.5,325,183.35714285714286
17221,228,3,643.39,244,214.46333333333334
17222,114,5,1250.8600000000001,335,250.17200000000003
17223,5,2,446.74,12,223.37
17224,138,1,100.86000000000001,138,100.86000000000001
17225,218,1,131.15,218,131.15
17226,81,2,506.63,302,253.315
17227,5,7,1082.71,330,154.67285714285714
17228,4,7,1271.15,274,181.59285714285716
17230,200,10,6286.540000000001,368,628.6540000000001
17231,26,15,4022.7200000000003,369,268.1813333333333
17233,85,2,369.98,361,184.99
17235,9,7,1354.8199999999997,190,193.54571428571424
17236,47,6,1013.13,279,168.855
17237,12,2,687.39,18,343.695
17238,8,17,4038.4500000000003,375,237.55588235294118
17239,24,3,806.95,163,268.98333333333335
17240,233,1,130.6,233,130.6
17241,22,12,2744.1400000000003,299,228.67833333333337
17242,93,3,1754.24,321,584.7466666666667
17243,6,44,12213.01,375,277.5684090909091
17244,20,4,871.14,370,217.785
17245,326,1,200.18,326,200.18
17246,183,2,38.92,375,19.46
17248,118,1,227.51000000000002,118,227.51000000000002
17249,65,1,68.03,65,68.03
17251,19,2,529.15,361,264.575
17254,38,1,198.29,38,198.29
17255,27,2,500.72,83,250.36
17256,118,3,258.92999999999995,237,86.30999999999999
17257,73,2,192.73000000000002,73,96.36500000000001
17258,33,2,417.2999999999999,302,208.64999999999995
17259,5,5,1285.97,292,257.194
17260,48,1,120.95,48,120.95
17261,146,1,230.44,146,230.44
17262,3,7,1504.26,361,214.8942857142857
17264,61,1,279.59,61,279.59
17266,136,2,207.08999999999997,277,103.54499999999999
17268,82,7,970.2500000000001,368,138.60714285714286
17269,22,1,537.46,22,537.46
17270,106,2,604.4,369,302.2
17271,373,1,210.39,373,210.39
17273,61,1,141.12,61,141.12
17274,32,1,465.4,32,465.4
17275,20,1,114.52000000000001,20,114.52000000000001
17276,39,1,508.39000000000004,39,508.39000000000004
17278,202,1,25.2,202,25.2
17280,75,1,118.86,75,118.86
17281,11,6,797.8499999999999,310,132.975
17282,93,2,636.2499999999999,185,318.12499999999994
17283,15,1,188.46,15,188.46
17284,26,2,1140.5800000000002,82,570.2900000000001
17285,265,2,428.34000000000003,300,214.17000000000002
17286,37,2,241.56,37,120.78
17287,4,16,3047.8500000000004,373,190.49062500000002
17288,27,4,1080.25,31,270.0625
17289,13,6,1134.98,278,189.16333333333333
17290,18,6,976.2,363,162.70000000000002
17292,109,2,271.75000000000006,216,135.87500000000003
17293,31,8,1899.1200000000003,373,237.39000000000004
17294,306,2,467.79,306,233.895
17296,367,1,338.13,367,338.13
17298,11,3,459.14,278,153.04666666666665
17299,76,2,346.96999999999997,118,173.48499999999999
17300,27,2,393.64,118,196.82
17301,261,1,132.79999999999998,261,132.79999999999998
17304,171,1,111.50000000000001,171,111.50000000000001
17305,285,1,2135.46,285,2135.46
17306,30,2,1151.04,40,575.52
17307,32,11,3999.89,326,363.62636363636364
17308,30,2,4511.76,89,2255.88
17309,18,2,247.84,310,123.92
17310,24,2,1025.1,171,512.55
17311,29,4,2181.71,311,545.4275
17314,30,9,2376.5099999999998,373,264.0566666666666
17315,12,5,3358.34,75,671.668
17316,57,1,124.45000000000002,57,124.45000000000002
17318,362,1,164.28,362,164.28
17319,306,1,29.099999999999998,306,29.099999999999998
17320,5,4,1695.1499999999999,324,423.78749999999997
17321,31,4,1040.32,214,260.08
17322,13,5,922.59,373,184.518
17323,44,5,644.52,335,128.904
17324,3,9,1311.6400000000003,358,145.7377777777778
17325,47,2,512.77,278,256.385
17326,45,2,321.94999999999993,166,160.97499999999997
17327,46,2,152.35,199,76.175
17328,310,1,104.7,310,104.7
17329,368,3,481.32,373,160.44
17330,181,2,59.900000000000006,284,29.950000000000003
17332,165,5,838.27,293,167.654
17334,43,1,328.13000000000005,43,328.13000000000005
17335,20,2,507.99999999999994,321,253.99999999999997
17336,109,1,81.12,109,81.12
17338,12,9,5498.64,276,610.96
17339,2,2,119.0,146,59.5
17340,3,8,10051.53,300,1256.44125
17341,3,3,1108.47,177,369.49
17342,16,4,1227.5400000000002,306,306.88500000000005
17343,13,5,1066.3,373,213.26
17344,365,1,307.53999999999996,365,307.53999999999996
17345,12,6,1066.94,375,177.82333333333335
17346,10,12,2646.4399999999996,237,220.53666666666663
17348,74,4,1316.8899999999999,276,329.22249999999997
17349,17,4,741.5000000000001,268,185.37500000000003
17350,31,3,619.971,313,206.657
17351,64,9,1401.08,366,155.67555555555555
17352,333,1,36.25,333,36.25
17353,128,2,1502.0,261,751.0
17354,65,3,1750.3999999999996,65,583.4666666666666
17355,23,1,285.11,23,285.11
17356,191,4,768.25,325,192.0625
17358,13,3,500.20000000000005,290,166.73333333333335
17359,285,1,156.6,285,156.6
17360,22,3,645.59,71,215.1966666666667
17361,313,2,392.44000000000005,313,196.22000000000003
17362,37,5,711.81,339,142.362
17363,32,3,940.8599999999999,39,313.61999999999995
17364,13,17,7589.240000000001,369,446.42588235294124
17365,23,7,3423.42,313,489.06
17366,69,2,1096.2399999999998,93,548.1199999999999
17368,12,6,913.47,361,152.245
17369,92,1,979.2,92,979.2
17371,260,3,238.66,368,79.55333333333333
17372,18,20,3034.88,373,151.744
17373,55,3,520.5799999999999,286,173.52666666666664
17374,32,1,231.34000000000003,32,231.34000000000003
17375,68,1,260.45,68,260.45
17376,41,2,250.44000000000003,159,125.22000000000001
17377,2,60,14218.49,374,236.97483333333332
17378,11,1,10.95,11,10.95
17380,71,3,645.0,171,215.0
17381,5,12,19726.760000000002,185,1643.8966666666668
17382,72,7,836.88,206,119.55428571428571
17383,90,1,110.7,90,110.7
17384,104,1,171.15,104,171.15
17386,22,1,126.35,22,126.35
17388,57,7,1432.0099999999998,366,204.57285714285712
17389,11,27,25391.0,372,940.4074074074074
17390,57,1,149.3,57,149.3
17392,87,1,168.64999999999998,87,168.64999999999998
17393,47,2,381.15000000000003,125,190.57500000000002
17395,145,1,97.5,145,97.5
17396,8,7,1476.3000000000002,78,210.90000000000003
17397,53,1,536.77,53,536.77
17400,218,3,2547.09,359,849.0300000000001
17401,178,1,114.84999999999998,178,114.84999999999998
17402,6,12,2462.33,360,205.19416666666666
17403,87,1,118.95000000000002,87,118.95000000000002
17404,46,8,15874.300000000001,338,1984.2875000000001
17406,3,11,2704.63,370,245.87545454545455
17407,48,1,552.8999999999999,48,552.8999999999999
17408,137,2,283.44,151,141.72
17409,58,8,7021.66,365,877.7075
17411,23,2,646.44,373,323.22
17412,9,10,3159.46,374,315.946
17413,41,2,560.1400000000001,206,280.07000000000005
17414,60,4,1471.5200000000002,373,367.88000000000005
17416,30,15,10405.03,362,693.6686666666667
17417,185,1,164.18,185,164.18
17418,24,1,206.6,24,206.6
17419,4,8,2273.95,320,284.24375
17420,10,4,485.6,38,121.4
17421,23,3,1059.41,372,353.1366666666667
17422,18,5,1615.3900000000003,171,323.0780000000001
17423,30,1,420.53999999999996,30,420.53999999999996
17426,89,7,3040.51,297,434.35857142857145
17428,5,18,14562.910000000002,375,809.0505555555557
17429,33,2,832.54,66,416.27
17430,2,3,469.41,116,156.47
17432,22,7,1385.63,373,197.94714285714286
17433,22,1,266.8,22,266.8
17435,48,1,331.3500000000001,48,331.3500000000001
17436,45,3,317.76,369,105.92
17437,166,1,373.16999999999996,166,373.16999999999996
17438,81,4,1034.32,278,258.58
17439,292,1,325.74,292,325.74
17440,186,1,137.16,186,137.16
17441,369,1,293.35,369,293.35
17442,18,9,2371.74,299,263.52666666666664
17448,134,46,14556.97,282,316.45586956521737
17449,24,6,2430.29,367,405.04833333333335
17450,4,7,52422.299999999996,75,7488.9
17454,99,6,1030.41,330,171.735
17456,2,2,975.56,93,487.78
17457,16,9,4247.110000000001,369,471.90111111111116
17458,18,1,213.08,18,213.08
17460,9,12,1605.8400000000004,323,133.82000000000002
17463,197,2,661.5000000000001,226,330.75000000000006
17464,159,2,710.98,256,355.49
17465,62,7,2542.79,373,363.2557142857143
17467,32,1,102.6,32,102.6
17468,12,1,57.8,12,57.8
17469,37,12,3180.2799999999997,360,265.0233333333333
17470,4,7,1679.8,145,239.97142857142856
17471,111,1,321.65000000000003,111,321.65000000000003
17472,265,1,224.80999999999997,265,224.80999999999997
17473,45,2,607.0,93,303.5
17474,236,1,1047.0,236,1047.0
17476,32,2,489.85999999999996,374,244.92999999999998
17477,249,2,1144.3000000000002,284,572.1500000000001
17478,45,2,1272.8,270,636.4
17479,269,1,389.26,269,389.26
17480,81,1,390.21,81,390.21
17482,124,2,778.19,215,389.095
17483,51,1,177.69,51,177.69
17484,213,2,209.56999999999996,261,104.78499999999998
17487,365,1,160.55,365,160.55
17488,278,1,336.50000000000006,278,336.50000000000006
17490,25,2,658.1800000000001,206,329.09000000000003
17491,4,8,2422.2,227,302.775
17492,115,2,747.85,155,373.925
17493,22,1,100.91,22,100.91
17494,138,1,54.7,138,54.7
17495,27,1,309.1600000000001,27,309.1600000000001
17496,200,3,1141.84,331,380.6133333333333
17497,27,2,287.25,247,143.625
17499,198,1,718.51,198,718.51
17504,17,9,6568.09,306,729.7877777777778
17505,187,3,1289.64,242,429.88000000000005
17508,18,7,4191.92,369,598.8457142857143
17510,57,1,206.08000000000004,57,206.08000000000004
17511,4,31,84541.17,374,2727.1345161290324
17512,89,8,2542.830000000001,366,317.8537500000001
17513,45,2,645.5999999999999,116,322.79999999999995
17514,306,1,334.18000000000006,306,334.18000000000006
17515,31,5,978.4399999999999,187,195.688
17516,15,1,189.47,15,189.47
17518,62,2,329.42,258,164.71
17519,5,10,3265.4500000000003,375,326.545
17521,31,2,554.8499999999999,71,277.42499999999995
17524,75,2,394.13999999999993,75,197.06999999999996
17525,34,2,739.1999999999999,65,369.59999999999997
17526,2,9,2970.14,359,330.0155555555555
17529,247,2,1240.25,334,620.125
17530,2,3,756.51,370,252.17
17531,164,2,970.12,255,485.06
17532,22,1,65.34,22,65.34
17533,71,1,34.8,71,34.8
17534,88,4,1445.47,289,361.3675
17536,57,2,288.33,319,144.165
17539,254,4,1226.5700000000002,363,306.64250000000004
17540,20,4,1011.6999999999999,236,252.92499999999998
17541,146,1,124.46000000000001,146,124.46000000000001
17542,278,2,170.95,278,85.475
17543,186,1,120.04999999999998,186,120.04999999999998
17544,27,3,960.6899999999999,27,320.22999999999996
17545,27,3,802.58,214,267.5266666666667
17547,12,2,727.85,302,363.925
17548,15,3,627.9599999999999,33,209.31999999999996
17550,34,6,2280.48,307,380.08
17552,9,10,2154.8800000000006,264,215.48800000000006
17553,109,3,2270.0,247,756.6666666666666
17555,62,3,574.48,223,191.49333333333334
17556,16,1,142.77,16,142.77
17557,369,1,34.0,369,34.0
17558,30,1,259.17,30,259.17
17559,149,1,167.62,149,167.62
17560,32,4,1040.85,297,260.2125
17561,27,3,554.72,370,184.90666666666667
17563,215,2,392.38000000000005,248,196.19000000000003
17565,223,1,131.83,223,131.83
17567,9,2,1024.5500000000002,78,512.2750000000001
17568,270,1,382.79,270,382.79
17570,18,1,100.0,18,100.0
17571,179,1,205.23999999999998,179,205.23999999999998
17572,10,7,496.26000000000005,361,70.89428571428572
17575,304,1,171.7,304,171.7
17576,2,23,5434.13,373,236.26652173913044
17577,282,2,348.74999999999994,305,174.37499999999997
17578,111,6,903.8700000000001,166,150.645
17579,215,1,304.38000000000005,215,304.38000000000005
17580,13,2,329.54999999999995,59,164.77499999999998
17581,9,20,7712.709999999999,373,385.6355
17582,83,4,1275.43,260,318.8575
17583,197,1,135.95,197,135.95
17584,104,4,4067.12,320,1016.78
17585,82,3,960.2300000000002,115,320.07666666666677
17586,256,1,167.4,256,167.4
17587,265,1,181.66000000000003,265,181.66000000000003
17588,33,4,1699.35,274,424.8375
17589,22,14,11645.7,279,831.8357142857143
17591,4,2,550.7,328,275.35
17592,375,1,148.3,375,148.3
17593,46,6,4168.460000000001,372,694.7433333333335
17594,86,2,1504.7,241,752.35
17596,5,7,2092.7400000000002,361,298.96285714285716
17597,55,4,1439.7200000000003,220,359.93000000000006
17598,18,1,409.98,18,409.98
17599,114,1,52.05,114,52.05
17601,17,1,305.47,17,305.47
17602,109,8,2348.16,256,293.52
17603,254,3,1398.7600000000002,366,466.2533333333334
17604,59,4,636.5699999999999,318,159.14249999999998
17605,227,1,160.75,227,160.75
17606,374,1,87.3,374,87.3
17607,13,1,333.81,13,333.81
17608,86,2,305.10999999999996,244,152.55499999999998
17609,39,6,782.12,246,130.35333333333332
17610,177,5,1529.4900000000002,370,305.898
17611,58,13,4387.76,375,337.52000000000004
17612,16,12,3346.41,359,278.8675
17615,24,3,403.6000000000001,122,134.53333333333336
17616,4,2,489.59999999999997,88,244.79999999999998
17617,195,1,395.33,195,395.33
17618,20,8,3101.66,321,387.7075
17621,41,3,1795.22,68,598.4066666666666
17622,234,2,1130.2100000000003,235,565.1050000000001
17623,46,6,1856.6199999999997,362,309.4366666666666
17624,74,2,725.1500000000001,356,362.57500000000005
17625,83,4,4020.8,361,1005.2
17626,239,1,254.0,239,254.0
17627,115,1,296.36000000000007,115,296.36000000000007
17629,25,2,641.4000000000001,58,320.70000000000005
17631,11,4,470.15999999999997,367,117.53999999999999
17633,16,3,732.5500000000001,26,244.18333333333337
17635,61,3,1265.58,227,421.85999999999996
17638,284,2,842.4000000000001,358,421.20000000000005
17639,24,5,506.67,120,101.334
17640,16,5,2547.28,263,509.456
17642,66,3,1112.2,371,370.73333333333335
17643,10,2,439.7,142,219.85
17644,31,9,3132.96,298,348.1066666666667
17646,2,10,3141.4,360,314.14
17647,306,2,198.59999999999997,306,99.29999999999998
17648,22,1,418.87,22,418.87
17649,106,2,710.4,109,355.2
17651,135,6,1758.52,163,293.08666666666664
17655,3,3,1013.5400000000001,53,337.8466666666667
17657,67,1,126.0,67,126.0
17659,9,3,835.33,23,278.4433333333333
17660,374,1,163.46999999999997,374,163.46999999999997
17662,298,2,412.9200000000001,359,206.46000000000004
17663,54,10,3372.92,282,337.29200000000003
17664,111,2,561.59,257,280.795
17665,130,1,563.1,130,563.1
17666,114,3,1319.6399999999999,164,439.87999999999994
17667,72,4,1895.1900000000003,291,473.79750000000007
17669,99,3,2735.63,254,911.8766666666667
17671,2,2,830.6299999999999,12,415.31499999999994
17672,54,5,2600.46,319,520.092
17673,12,7,2604.46,267,372.0657142857143
17674,5,1,300.66,5,300.66
17675,4,40,17885.32,366,447.133
17676,3,5,1378.16,256,275.632
17677,3,28,20329.68,360,726.0600000000001
17678,240,1,301.65000000000003,240,301.65000000000003
17679,158,5,1585.5,373,317.1
17680,20,2,313.05,148,156.525
17681,234,5,731.2,330,146.24
17682,5,6,1982.4499999999998,278,330.4083333333333
17683,22,3,819.01,191,273.00333333333333
17685,9,6,2751.64,303,458.6066666666666
17686,60,2,2557.35,170,1278.675
17687,57,1,432.67999999999995,57,432.67999999999995
17688,30,1,304.20000000000005,30,304.20000000000005
17689,25,2,317.08000000000004,111,158.54000000000002
17690,3,8,2690.1499999999996,311,336.26874999999995
17691,5,3,489.65,183,163.21666666666667
17692,33,8,2234.8599999999997,177,279.35749999999996
17694,148,2,1412.8500000000001,199,706.4250000000001
17695,31,3,980.7,317,326.90000000000003
17696,19,19,5393.880000000001,366,283.88842105263166
17699,113,2,442.0,198,221.0
17700,18,10,4145.33,375,414.533
17702,20,2,1319.6700000000003,37,659.8350000000002
17703,55,1,296.09999999999997,55,296.09999999999997
17705,92,2,260.38,213,130.19
17706,3,17,10245.490000000002,326,602.6758823529412
17707,13,6,456.90000000000003,369,76.15
17708,39,2,620.8500000000001,60,310.42500000000007
17709,107,4,533.56,240,133.39
17710,60,1,293.49999999999994,60,293.49999999999994
17713,19,4,1198.09,185,299.5225
17714,61,4,1257.1799999999998,150,314.29499999999996
17715,229,1,163.2,229,163.2
17716,33,13,10300.980000000001,374,792.383076923077
17717,58,1,376.91999999999996,58,376.91999999999996
17718,281,1,299.83,281,299.83
17720,4,7,1572.9700000000003,215,224.71000000000004
17721,296,1,307.21,296,307.21
17722,3,2,2006.32,12,1003.16
17723,12,1,102.0,12,102.0
17726,32,7,1092.06,319,156.00857142857143
17728,41,2,1362.75,90,681.375
17729,233,1,438.6500000000001,233,438.6500000000001
17730,19,7,2475.3199999999997,226,353.6171428571428
17731,258,2,468.88,305,234.44
17732,9,8,2166.4199999999996,124,270.80249999999995
17734,162,3,741.69,279,247.23000000000002
17735,4,8,4134.91,134,516.86375
17738,32,9,2304.5099999999998,267,256.0566666666666
17739,11,11,4939.24,369,449.02181818181816
17740,26,6,426.90000000000003,334,71.15
17741,43,2,101.1,197,50.55
17742,65,9,1743.3700000000001,375,193.70777777777778
17743,85,1,229.2,85,229.2
17744,17,1,326.74,17,326.74
17745,114,2,600.34,192,300.17
17746,108,3,793.9300000000001,247,264.6433333333334
17748,164,1,358.15,164,358.15
17749,183,1,351.66,183,351.66
17751,58,1,157.86,58,157.86
17753,101,4,390.56,339,97.64
17754,11,8,2805.2700000000004,365,350.65875000000005
17756,12,3,733.7,31,244.5666666666667
17757,5,28,3817.16,332,136.32714285714286
17758,64,4,1555.8299999999997,205,388.9574999999999
17759,30,2,441.92,220,220.96
17760,10,5,631.3399999999999,286,126.26799999999999
17762,93,1,129.75,93,129.75
17763,290,3,71.14999999999999,296,23.716666666666665
17764,39,3,804.8199999999998,373,268.27333333333326
17765,85,1,158.92000000000002,85,158.92000000000002
17766,18,2,299.61,18,149.805
17767,47,1,141.85000000000002,47,141.85000000000002
17768,24,4,1236.33,374,309.0825
17769,20,7,3105.1,326,443.5857142857143
17771,73,2,141.6,226,70.8
17772,29,1,201.99999999999994,29,201.99999999999994
17773,151,2,585.27,327,292.635
17774,34,5,2102.64,306,420.52799999999996
17776,23,2,338.55999999999995,360,169.27999999999997
17778,298,1,197.70000000000002,298,197.70000000000002
17780,304,3,352.91,321,117.63666666666667
17782,19,2,679.02,19,339.51
17783,149,1,96.44000000000001,149,96.44000000000001
17784,187,1,112.85999999999999,187,112.85999999999999
17785,82,2,271.44000000000005,202,135.72000000000003
17787,8,1,736.28,8,736.28
17789,298,1,171.24999999999997,298,171.24999999999997
17790,15,6,818.0600000000001,181,136.34333333333333
17792,104,2,370.05,115,185.025
17794,323,2,147.3,325,73.65
17796,6,4,664.0899999999999,58,166.02249999999998
17797,32,5,1205.44,361,241.08800000000002
17798,218,1,183.08999999999997,218,183.08999999999997
17799,26,10,3285.96,363,328.596
17801,88,3,798.33,328,266.11
17802,9,8,3768.08,363,471.01
17803,29,1,184.65999999999997,29,184.65999999999997
17804,13,3,385.22999999999996,375,128.41
17805,247,1,414.72,247,414.72
17807,32,3,437.86999999999995,341,145.95666666666665
17808,185,4,262.64,218,65.66
17809,8,11,5925.4800000000005,374,538.6800000000001
17810,305,2,374.80999999999995,320,187.40499999999997
17811,11,8,1772.0700000000002,82,221.50875000000002
17812,5,4,433.72999999999996,167,108.43249999999999
17814,12,2,1617.32,59,808.66
17815,30,1,591.96,30,591.96
17816,2,3,75.76,361,25.253333333333334
17817,15,3,420.17,59,140.05666666666667
17818,374,1,130.18,374,130.18
17819,8,6,2907.6499999999996,363,484.6083333333333
17820,11,1,183.55999999999997,11,183.55999999999997
17821,43,1,334.62,43,334.62
17822,57,5,2188.5,197,437.7
17823,58,2,494.25,58,247.125
17825,235,4,731.96,362,182.99
17826,11,1,134.59,11,134.59
17827,258,1,392.5900000000001,258,392.5900000000001
17829,46,4,3867.500000000001,292,966.8750000000002
17833,360,1,342.36,360,342.36
17834,51,2,730.47,82,365.235
17838,2,10,3943.6,267,394.36
17840,80,1,185.72,80,185.72
17841,2,91,29892.5,374,328.489010989011
17842,239,1,430.69000000000005,239,430.69000000000005
17843,48,1,120.75,48,120.75
17845,192,4,598.1899999999999,213,149.54749999999999
17847,152,2,129.69,282,64.845
17848,54,21,2749.6999999999994,370,130.9380952380952
17849,117,4,457.96000000000004,272,114.49000000000001
17850,9,155,51208.87000000001,371,330.379806451613
17851,59,6,1563.3400000000001,373,260.5566666666667
17852,25,3,548.8700000000001,368,182.9566666666667
17853,44,3,1608.19,373,536.0633333333334
17854,99,4,760.19,368,190.0475
17855,9,1,208.97,9,208.97
17857,2,2,1803.2,278,901.6
17858,6,19,7641.99,370,402.21
17860,5,4,762.74,365,190.685
17861,22,10,3026.89,366,302.68899999999996
17862,22,3,948.19,200,316.06333333333333
17863,6,7,2585.2,289,369.3142857142857
17864,22,2,326.82000000000005,64,163.41000000000003
17865,12,26,15848.07,375,609.5411538461539
17866,121,2,805.3000000000001,362,402.65000000000003
17867,47,9,424.18,374,47.13111111111111
17868,23,1,234.65,23,234.65
17869,5,3,607.9800000000001,184,202.66000000000005
17870,3,2,1213.7999999999997,18,606.8999999999999
17871,34,4,963.0899999999999,330,240.77249999999998
17872,18,1,235.87,18,235.87
17873,10,14,4656.719999999999,360,332.6228571428571
17875,325,1,167.1,325,167.1
17876,36,3,3424.02,312,1141.34
17878,32,2,1032.88,32,516.44
17880,276,2,366.0,367,183.0
17882,16,2,313.46000000000004,16,156.73000000000002
17883,176,3,324.08,288,108.02666666666666
17884,5,18,2355.4400000000005,372,130.8577777777778
17886,74,3,708.7700000000001,226,236.2566666666667
17888,11,17,1094.3899999999999,355,64.37588235294118
17889,11,5,571.0,255,114.2
17894,3,11,1333.5700000000002,106,121.23363636363638
17897,4,8,2018.4,213,252.3
17898,89,2,147.12,204,73.56
17901,158,2,149.7,158,74.85
17902,183,1,216.39999999999998,183,216.39999999999998
17903,31,1,381.09,31,381.09
17905,10,10,1583.28,317,158.328
17907,277,1,291.76,277,291.76
17908,10,5,1168.2600000000002,362,233.65200000000004
17909,374,1,132.54999999999998,374,132.54999999999998
17910,363,1,261.70000000000005,363,261.70000000000005
17912,12,1,64.49,12,64.49
17913,37,12,3068.04,373,255.67
17915,188,1,242.13,188,242.13
17916,265,2,43.870000000000005,370,21.935000000000002
17918,137,3,396.39,142,132.13
17919,75,1,536.28,75,536.28
17920,5,39,20312.36,370,520.8297435897437
17921,16,6,1596.9800000000002,148,266.16333333333336
17922,180,1,170.39999999999998,180,170.39999999999998
17923,164,2,289.5,181,144.75
17924,10,2,574.2,51,287.1
17925,9,1,244.08,9,244.08
17926,81,3,638.2,216,212.73333333333335
17927,358,1,294.00000000000006,358,294.00000000000006
17928,208,1,128.7,208,128.7
17929,24,8,2239.1,367,279.8875
17930,30,8,2534.74,282,316.8425
17931,34,12,3028.9300000000003,298,252.41083333333336
17933,269,1,114.69,269,114.69
17934,43,1,344.90000000000003,43,344.90000000000003
17935,37,5,540.3499999999999,372,108.06999999999998
17938,57,1,144.29,57,144.29
17940,82,6,26286.75,373,4381.125
17941,227,3,1128.72,339,376.24
17944,60,1,75.41,60,75.41
17945,333,3,360.34999999999997,333,120.11666666666666
17949,8,74,60117.59999999999,374,812.3999999999999
17950,2,6,950.6100000000001,341,158.43500000000003
17951,10,2,627.5400000000001,41,313.77000000000004
17952,15,4,819.61,178,204.9025
17953,177,1,160.82000000000002,177,160.82000000000002
17954,4,9,1633.33,367,181.4811111111111
17955,292,2,392.6,302,196.3
17958,365,1,465.41999999999996,365,465.41999999999996
17959,229,1,140.75,229,140.75
17960,159,2,61.3,278,30.65
17961,9,62,1699.1,375,27.404838709677417
17962,186,3,584.59,332,194.86333333333334
17963,108,4,651.51,326,162.8775
17964,9,1,261.76,9,261.76
17965,2,17,4618.41,362,271.67117647058825
17966,228,5,875.9900000000001,327,175.19800000000004
17967,8,2,234.22,53,117.11
17968,10,4,610.6899999999999,149,152.67249999999999
17969,139,18,2141.74,370,118.98555555555555
17971,185,1,161.94000000000003,185,161.94000000000003
17974,18,3,1117.27,43,372.42333333333335
17975,3,12,2540.02,127,211.66833333333332
17976,9,1,353.19000000000005,9,353.19000000000005
17977,37,1,1277.49,37,1277.49
17978,2,4,1160.84,368,290.21
17980,30,1,221.97,30,221.97
17981,47,1,239.12,47,239.12
17982,317,1,138.18,317,138.18
17983,32,1,171.70999999999998,32,171.70999999999998
17984,29,4,1038.59,375,259.6475
17987,13,4,805.0699999999999,187,201.26749999999998
17988,124,7,288.42,369,41.20285714285715
17989,16,1,228.83,16,228.83
17990,17,3,896.7699999999999,369,298.9233333333333
17991,228,1,227.2,228,227.2
17992,26,1,254.13,26,254.13
17993,254,1,235.19000000000005,254,235.19000000000005
17994,25,7,1634.83,257,233.54714285714286
17995,19,2,419.38,24,209.69
17996,16,3,482.33,183,160.77666666666667
17998,17,3,639.24,375,213.08
17999,3,2,348.84000000000003,15,174.42000000000002
18000,201,1,124.25,201,124.25
18001,86,4,536.6099999999999,374,134.15249999999997
18002,12,4,249.92,368,62.48
18003,13,1,358.60999999999996,13,358.60999999999996
18006,18,3,553.18,359,184.39333333333332
18007,29,1,220.32,29,220.32
18008,52,14,17670.94,339,1262.2099999999998
18009,179,7,1898.4900000000002,289,271.21285714285716
18011,10,2,424.24,204,212.12
18012,360,1,115.3,360,115.3
18016,47,2,476.90000000000003,318,238.45000000000002
18017,68,1,165.0,68,165.0
18018,36,2,175.85000000000002,57,87.92500000000001
18020,180,1,190.48000000000002,180,190.48000000000002
18021,146,2,227.06,149,113.53
18022,22,4,983.6800000000001,183,245.92000000000002
18025,16,6,1177.7199999999998,256,196.28666666666663
18026,137,2,2074.0699999999997,142,1037.0349999999999
18028,220,1,192.05,220,192.05
18029,279,1,433.77,279,433.77
18031,15,1,462.09999999999997,15,462.09999999999997
18034,12,1,370.82,12,370.82
18035,22,2,546.34,22,273.17
18036,22,8,1158.0200000000002,358,144.75250000000003
18037,58,9,97.4,375,10.822222222222223
18038,193,1,149.41,193,149.41
18039,11,4,579.1700000000001,277,144.79250000000002
18041,2,20,4568.99,331,228.4495
18042,178,1,116.10000000000001,178,116.10000000000001
18043,3,1,316.46,3,316.46
18044,24,8,1417.0099999999998,197,177.12624999999997
18046,286,1,189.63,286,189.63
18047,18,2,342.69,18,171.345
18048,130,1,229.44,130,229.44
18049,74,2,556.5200000000001,227,278.26000000000005
18050,30,1,337.65999999999997,30,337.65999999999997
18051,271,7,2282.2799999999997,367,326.03999999999996
18052,201,1,10877.18,201,10877.18
18053,162,2,271.05,164,135.525
18054,29,1,176.5,29,176.5
18055,4,6,4411.38,50,735.23
18056,255,1,190.95000000000002,255,190.95000000000002
18057,30,3,1203.56,327,401.18666666666667
18058,178,2,603.9000000000001,304,301.95000000000005
18060,45,2,1185.46,201,592.73
18061,3,19,4369.56,372,229.9768421052632
18062,23,3,912.15,234,304.05
18063,27,2,186.60000000000002,270,93.30000000000001
18064,83,9,3681.03,313,409.00333333333333
18065,25,15,3473.8,367,231.58666666666667
18066,23,2,1122.3999999999999,52,561.1999999999999
18069,20,6,2503.8900000000003,286,417.31500000000005
18070,306,1,314.1,306,314.1
18071,2,5,975.63,371,195.126
18074,10,2,1019.4400000000002,142,509.7200000000001
18075,11,10,3171.54,135,317.154
18076,17,1,151.49,17,151.49
18077,3,8,1705.5500000000002,369,213.19375000000002
18078,62,2,508.47,265,254.235
18079,128,1,590.78,128,590.78
18083,34,1,470.72999999999996,34,470.72999999999996
18084,20,2,722.4500000000002,25,361.2250000000001
18085,10,3,955.8000000000001,265,318.6
18087,16,15,10705.800000000001,375,713.72
18089,83,1,428.45000000000005,83,428.45000000000005
18090,58,1,349.4,58,349.4
18091,230,1,360.85,230,360.85
18092,2,8,7111.18,372,888.8975
18093,81,4,2346.19,255,586.5475
18094,83,6,3374.22,338,562.37
18095,64,3,1723.04,236,574.3466666666667
18096,79,3,894.13,150,298.04333333333335
18097,22,5,1965.52,359,393.104
18098,33,1,550.84,33,550.84
18100,187,1,451.55999999999995,187,451.55999999999995
18101,11,3,405.51,311,135.17
18102,2,89,349164.35000000003,375,3923.194943820225
18103,186,1,105.80000000000001,186,105.80000000000001
18106,113,5,1030.76,330,206.152
18107,79,1,167.12999999999997,79,167.12999999999997
18108,233,2,577.8100000000001,374,288.90500000000003
18109,6,13,1840.99,163,141.61461538461538
18110,48,1,199.13,48,199.13
18111,226,1,405.85,226,405.85
18112,55,2,423.27,188,211.635
18113,5,1,76.32000000000001,5,76.32000000000001
18115,334,1,9.7,334,9.7
18116,13,5,736.27,48,147.254
18118,6,4,1079.4,18,269.85
18119,4,1,181.11999999999998,4,181.11999999999998
18123,150,1,95.15,150,95.15
18124,109,1,111.53,109,111.53
18127,40,1,212.8,40,212.8
18128,174,1,420.03999999999996,174,420.03999999999996
18131,268,1,222.95999999999998,268,222.95999999999998
18132,141,1,226.89999999999998,141,226.89999999999998
18134,235,2,445.00000000000006,331,222.50000000000003
18135,29,5,567.71,271,113.542
18136,46,2,847.03,88,423.515
18137,188,2,145.99,188,72.995
18140,110,1,536.41,110,536.41
18141,38,2,882.4700000000001,226,441.23500000000007
18144,10,8,2169.25,360,271.15625
18145,19,7,2756.24,368,393.7485714285714
18148,283,1,114.1,283,114.1
18149,41,4,1012.6300000000001,272,253.15750000000003
18151,57,4,1226.09,282,306.5225
18152,283,1,426.69,283,426.69
18153,296,1,246.22,296,246.22
18154,25,3,533.41,127,177.8033333333333
18156,6,1,206.23,6,206.23
18157,208,1,215.35000000000002,208,215.35000000000002
18160,23,1,365.81999999999994,23,365.81999999999994
18161,16,1,184.41000000000005,16,184.41000000000005
18162,369,1,379.16,369,379.16
18163,221,1,728.84,221,728.84
18166,260,1,175.5,260,175.5
18168,9,11,2600.33,373,236.39363636363635
18170,11,6,1897.6900000000003,337,316.2816666666667
18171,107,4,1205.9999999999998,340,301.49999999999994
18172,24,32,9918.16,365,309.9425
18173,249,1,589.52,249,589.52
18174,240,1,58.5,240,58.5
18175,312,1,176.09999999999997,312,176.09999999999997
18177,197,3,875.45,361,291.81666666666666
18178,39,7,4512.93,296,644.7042857142858
18179,159,2,754.38,300,377.19
18181,37,4,823.1400000000001,372,205.78500000000003
18182,100,1,291.13,100,291.13
18186,359,1,329.58000000000004,359,329.58000000000004
18187,268,1,724.8900000000001,268,724.8900000000001
18188,67,3,1279.55,260,426.51666666666665
18189,262,1,313.49,262,313.49
18190,240,3,461.15999999999997,354,153.72
18191,114,1,321.6,114,321.6
18193,17,2,963.59,79,481.795
18194,75,5,3188.2000000000003,317,637.6400000000001
18195,24,1,101.16,24,101.16
18196,108,2,775.18,269,387.59
18197,212,1,230.1,212,230.1
18199,320,1,344.75000000000006,320,344.75000000000006
18201,359,1,447.53,359,447.53
18203,18,3,344.0,368,114.66666666666667
18206,190,1,314.65999999999997,190,314.65999999999997
18207,136,1,544.4699999999999,136,544.4699999999999
18208,202,1,360.08000000000004,202,360.08000000000004
18210,19,1,147.45,19,147.45
18212,314,1,298.3,314,298.3
18214,167,4,1780.3399999999997,191,445.0849999999999
18215,74,4,1948.15,260,487.0375
18217,150,2,323.29,163,161.645
18218,233,2,479.91999999999996,297,239.95999999999998
18219,5,8,1493.12,369,186.64
18220,31,5,1616.4799999999998,361,323.29599999999994
18221,27,1,383.3299999999999,27,383.3299999999999
18223,24,12,7516.3099999999995,372,626.3591666666666
18225,2,15,7545.140000000001,372,503.0093333333334
18226,15,15,6650.83,281,443.38866666666667
18227,121,1,295.0,121,295.0
18229,3,10,3526.8100000000004,373,352.68100000000004
18230,15,2,1480.8600000000004,162,740.4300000000002
18231,43,23,4797.700000000001,335,208.59565217391307
18234,188,1,179.59999999999997,188,179.59999999999997
18236,25,6,913.1099999999999,240,152.18499999999997
18238,152,1,270.9200000000001,152,270.9200000000001
18239,9,2,588.75,59,294.375
18241,52,4,913.9000000000001,254,228.47500000000002
18242,82,4,1372.7199999999998,334,343.17999999999995
18243,51,1,515.78,51,515.78
18244,67,2,568.64,139,284.32
18245,16,13,3757.92,278,289.07076923076926
18246,246,1,162.72,246,162.72
18247,51,3,839.7300000000001,268,279.91
18251,82,8,21964.14,354,2745.5175
18252,185,5,1015.4199999999998,358,203.08399999999997
18253,279,1,317.88,279,317.88
18254,218,1,267.9,218,267.9
18255,93,1,199.85,93,199.85
18256,24,1,110.69999999999999,24,110.69999999999999
18257,83,4,2262.52,296,565.63
18258,101,6,2059.67,209,343.27833333333336
18259,3,5,1979.6,368,395.91999999999996
18260,11,17,7318.910000000001,361,430.52411764705886
18262,30,2,428.06,239,214.03
18264,135,1,603.25,135,603.25
18266,71,1,251.09999999999997,71,251.09999999999997
18267,309,1,269.37,309,269.37
18268,228,5,1464.73,365,292.946
18269,3,1,168.6,3,168.6
18270,69,1,161.4,69,161.4
18271,246,2,680.8500000000001,368,340.42500000000007
18272,185,3,1307.4000000000003,282,435.8000000000001
18273,227,1,153.0,227,153.0
18275,215,2,741.8499999999999,368,370.92499999999995
18276,29,5,1320.6599999999999,366,264.13199999999995
18277,34,4,1069.67,131,267.4175
18278,41,1,240.3,41,240.3
18279,156,1,231.34,156,231.34
18280,31,1,307.54999999999995,31,307.54999999999995
18281,214,1,120.32000000000001,214,120.32000000000001
18283,19,6,641.7699999999999,295,106.96166666666664
18284,68,1,461.68,68,461.68
18285,297,1,427.0,297,427.0
18286,113,2,1296.43,360,648.215
18287,19,4,2345.7099999999996,208,586.4274999999999
